BillNo;Itemname;Quantity;Price;CustomerID;
1000;Apples;5;8.3;52299;
1000;Butter;4;6.06;11752;
1000;Eggs;4;2.66;16415;
1000;Potatoes;4;8.1;22889;
1004;Oranges;2;7.26;52255;
1005;Milk;3;5.29;54358;
1005;Onions;3;8.75;73266;
1005;Cereal;2;6.91;46399;
1008;Tomatoes;5;2.62;22590;
1008;Potatoes;4;8.4;47387;
1008;Cereal;3;8.68;26046;
1011;Bananas;3;7.67;20072;
1012;Tomatoes;1;8.45;79964;
1013;Pasta;5;7.35;83712;
1013;Onions;1;7.97;68417;
1013;Bread;4;4.94;25656;
1013;Bananas;2;3.4;13413;
1013;Coffee;4;3.0;71236;
1013;Sugar;5;4.93;91572;
1013;Potatoes;2;7.12;59237;
1013;Oranges;1;6.47;32140;
1021;Bananas;2;3.85;63813;
1021;Oranges;3;1.13;80292;
1021;Potatoes;4;2.58;30570;
1024;Chicken;3;9.66;12759;
1024;Cereal;1;9.7;29871;
1024;Bananas;2;9.94;33260;
1027;Cheese;5;9.26;20321;
1027;Pasta;1;7.66;99122;
1027;Cereal;5;3.98;49195;
1027;Onions;4;6.85;72279;
1027;Bananas;3;8.84;11113;
1027;Chicken;4;8.84;71938;
1033;Sugar;4;9.11;72262;
1033;Eggs;3;9.14;68313;
1035;Onions;4;8.41;64324;
1035;Cereal;2;9.48;84568;
1035;Cheese;2;7.82;53719;
1038;Cereal;1;6.13;32332;
1038;Coffee;2;1.96;42831;
1038;Bread;5;2.63;63032;
1038;Onions;1;8.41;15876;
1042;Chicken;4;2.25;37152;
1042;Pasta;1;9.13;12550;
1044;Eggs;2;9.62;17772;
1044;Butter;5;5.32;35384;
1044;Bananas;3;9.79;40946;
1044;Chicken;1;5.39;54206;
1044;Tomatoes;3;8.15;34679;
1049;Tea;5;4.91;26139;
1049;Bananas;4;8.33;76666;
1049;Pasta;3;2.55;63008;
1049;Eggs;3;1.37;26307;
1049;Cereal;5;3.69;78522;
1054;Sugar;1;3.9;86475;
1054;Coffee;5;9.93;16469;
1056;Apples;4;1.41;42281;
1056;Tomatoes;3;4.78;42602;
1056;Chicken;4;9.76;46419;
1056;Pasta;1;2.04;10504;
1056;Bread;5;4.66;50407;
1056;Sugar;1;2.81;45015;
1056;Potatoes;1;4.43;77640;
1063;Yogurt;3;7.41;50919;
1063;Butter;5;3.35;73789;
1063;Bananas;2;2.67;33668;
1066;Milk;5;7.92;45531;
1066;Eggs;2;4.5;38643;
1066;Sugar;4;3.45;85960;
1066;Juice;2;4.14;23412;
1066;Tomatoes;1;4.21;30936;
1066;Butter;2;8.92;71628;
1066;Onions;3;4.99;26627;
1073;Coffee;3;1.73;46419;
1073;Bananas;5;9.72;34870;
1075;Onions;2;2.63;84010;
1076;Coffee;1;8.04;65291;
1076;Tea;3;1.21;43275;
1076;Bananas;1;2.59;74271;
1076;Onions;5;2.93;93698;
1076;Juice;4;8.6;94737;
1076;Pasta;1;6.16;51682;
1082;Tea;4;4.78;38405;
1082;Juice;1;3.67;62431;
1082;Cereal;2;4.88;52194;
1082;Butter;4;1.04;53527;
1086;Yogurt;4;4.08;53486;
1086;Juice;4;1.9;74277;
1088;Pasta;1;3.22;55421;
1088;Onions;4;7.43;41923;
1088;Chicken;1;5.79;58613;
1088;Tea;5;5.76;85393;
1088;Juice;1;6.98;73544;
1088;Potatoes;1;7.5;38536;
1088;Sugar;4;4.6;49110;
1088;Coffee;1;3.63;43704;
1088;Milk;5;1.48;56067;
1088;Tomatoes;3;5.24;60271;
1088;Apples;2;8.96;98942;
1088;Yogurt;3;6.91;83735;
1088;Eggs;2;9.53;15639;
1101;Pasta;4;9.67;83132;
1101;Bread;4;4.05;37686;
1101;Apples;2;2.93;32602;
1104;Butter;1;6.35;23884;
1105;Apples;3;2.4;34539;
1106;Tea;2;8.91;46426;
1106;Juice;2;2.45;78268;
1106;Butter;5;3.82;15290;
1109;Eggs;2;4.79;92650;
1109;Tomatoes;3;6.68;18579;
1111;Milk;4;4.7;41510;
1112;Milk;4;2.34;87889;
1112;Bananas;2;5.74;61738;
1112;Oranges;1;9.41;44262;
1115;Bananas;3;4.24;74386;
1115;Apples;3;5.42;92961;
1115;Yogurt;2;2.87;69611;
1115;Sugar;5;8.51;19774;
1115;Tomatoes;4;2.25;15870;
1120;Bread;1;3.48;61496;
1120;Bananas;5;6.6;52267;
1120;Potatoes;5;2.48;80925;
1120;Tomatoes;2;4.23;43975;
1120;Onions;4;9.84;18108;
1120;Milk;5;6.32;61567;
1120;Oranges;2;6.38;71663;
1127;Milk;4;4.9;44222;
1127;Yogurt;1;7.74;30621;
1127;Oranges;3;4.33;91832;
1127;Coffee;1;8.82;88751;
1127;Bread;4;6.78;14668;
1132;Juice;1;8.0;46523;
1132;Tomatoes;5;8.68;40508;
1132;Eggs;1;4.49;55506;
1132;Potatoes;4;1.46;38011;
1132;Bananas;4;8.71;15877;
1132;Milk;2;9.79;88999;
1132;Butter;5;9.32;54896;
1139;Bananas;4;8.37;88784;
1140;Onions;4;8.09;76164;
1140;Eggs;1;2.38;76637;
1140;Juice;5;6.47;76765;
1140;Cheese;3;4.69;58046;
1144;Cheese;4;4.77;16027;
1144;Oranges;3;2.68;97428;
1144;Tomatoes;3;9.67;19850;
1144;Yogurt;3;1.59;47892;
1144;Potatoes;3;8.38;93596;
1144;Juice;1;6.12;78128;
1144;Sugar;5;9.25;15320;
1144;Bananas;4;3.22;81294;
1152;Eggs;1;2.92;35115;
1153;Tea;1;6.35;90438;
1153;Yogurt;4;1.27;37832;
1153;Eggs;3;7.78;60088;
1153;Butter;3;1.26;69123;
1153;Oranges;2;4.2;51604;
1153;Bread;5;4.65;67685;
1153;Potatoes;3;3.95;85303;
1160;Cheese;3;3.11;41003;
1160;Sugar;2;1.15;66106;
1162;Apples;3;5.15;33323;
1162;Tomatoes;4;9.69;79689;
1162;Milk;3;4.04;82670;
1162;Cheese;5;6.5;83049;
1162;Oranges;5;5.32;64821;
1162;Yogurt;5;9.53;27125;
1162;Tea;4;2.08;85895;
1169;Cereal;3;4.9;15378;
1170;Cheese;1;6.66;65508;
1170;Cereal;4;6.41;76052;
1172;Pasta;5;8.03;40800;
1172;Bananas;4;5.74;37013;
1172;Coffee;2;6.03;52161;
1172;Yogurt;4;3.67;36694;
1176;Cereal;5;5.84;27433;
1176;Butter;5;5.62;67240;
1176;Chicken;2;1.12;55304;
1176;Juice;1;9.58;83761;
1176;Oranges;2;5.45;95259;
1176;Potatoes;5;3.09;16844;
1176;Tomatoes;1;5.77;92962;
1176;Coffee;2;1.28;85903;
1176;Bread;2;2.09;93949;
1185;Cereal;1;3.71;40205;
1186;Juice;1;1.39;78642;
1186;Tea;5;4.69;89637;
1186;Coffee;4;9.52;60944;
1186;Pasta;3;5.76;56291;
1190;Onions;1;9.86;83029;
1190;Cheese;2;9.28;19153;
1190;Tea;2;2.82;68259;
1190;Apples;4;4.12;59094;
1194;Oranges;5;5.11;21268;
1194;Tea;4;1.61;44502;
1196;Cereal;1;6.93;13560;
1196;Onions;2;7.28;39639;
1198;Juice;5;8.22;90037;
1198;Cheese;5;4.84;18944;
1198;Tea;4;7.51;22764;
1198;Cereal;2;3.97;18416;
1198;Yogurt;5;6.25;36132;
1203;Bananas;3;5.16;97433;
1203;Yogurt;4;8.93;59416;
1205;Bananas;4;1.33;26004;
1205;Sugar;5;4.67;11644;
1207;Tomatoes;5;2.48;27619;
1207;Chicken;1;4.04;86586;
1207;Butter;5;6.42;46249;
1207;Potatoes;1;4.01;95462;
1211;Tea;4;3.89;41055;
1211;Milk;4;9.6;21868;
1211;Oranges;4;5.8;63057;
1214;Apples;3;4.33;24493;
1215;Tomatoes;4;1.64;53364;
1215;Sugar;1;7.25;63681;
1217;Tomatoes;1;1.49;60600;
1217;Cheese;3;8.14;22613;
1219;Oranges;2;6.66;29955;
1220;Tea;3;7.47;44616;
1220;Yogurt;4;4.45;48960;
1222;Yogurt;3;6.37;61230;
1222;Oranges;2;8.2;59580;
1222;Coffee;2;7.25;81556;
1225;Yogurt;3;2.65;76946;
1226;Juice;1;5.0;35705;
1226;Potatoes;1;1.41;60252;
1226;Coffee;2;6.09;89472;
1226;Tea;1;5.85;51336;
1230;Bananas;4;6.58;61198;
1231;Sugar;1;7.35;60275;
1231;Coffee;4;1.71;81031;
1233;Butter;1;6.93;91418;
1233;Tea;2;7.82;45811;
1235;Butter;2;6.69;11373;
1236;Tomatoes;3;4.85;11430;
1236;Apples;1;4.53;32905;
1236;Bread;3;9.72;52369;
1236;Cheese;5;9.83;65941;
1236;Sugar;3;7.74;91077;
1236;Onions;3;8.11;59255;
1242;Potatoes;1;4.93;87130;
1243;Cheese;5;9.52;73732;
1243;Bananas;2;2.84;25874;
1243;Butter;1;5.44;77988;
1243;Cereal;5;8.75;30543;
1243;Potatoes;1;3.52;48912;
1243;Tea;3;2.29;16891;
1243;Bread;3;1.25;55885;
1250;Milk;5;9.43;19038;
1250;Oranges;1;3.0;32813;
1252;Cereal;4;5.87;45369;
1252;Bananas;1;8.79;55423;
1254;Onions;4;9.88;42722;
1254;Cheese;5;8.81;12951;
1254;Apples;3;1.55;13350;
1254;Eggs;3;9.18;49645;
1254;Milk;4;5.94;96384;
1254;Potatoes;5;9.64;16613;
1254;Cereal;3;9.39;94391;
1254;Pasta;3;4.33;80128;
1254;Oranges;4;9.15;43169;
1254;Chicken;1;2.94;35979;
1264;Bread;1;9.04;25803;
1264;Cheese;3;3.85;70126;
1266;Sugar;1;3.0;18782;
1267;Milk;3;3.61;84964;
1268;Tomatoes;3;5.26;17821;
1268;Cereal;5;9.04;73550;
1268;Chicken;5;9.39;93890;
1271;Coffee;1;2.32;41440;
1271;Cheese;4;6.81;21035;
1271;Juice;4;7.98;64854;
1271;Tea;3;1.59;28798;
1271;Eggs;2;2.08;30221;
1271;Potatoes;2;4.89;76973;
1271;Butter;1;1.91;88923;
1271;Bananas;3;2.38;91211;
1279;Eggs;1;2.12;96010;
1280;Cheese;5;7.12;86833;
1280;Bananas;4;5.37;15974;
1282;Juice;1;1.59;43594;
1283;Eggs;4;4.85;39921;
1283;Tomatoes;2;4.86;40389;
1285;Apples;5;3.02;12894;
1285;Potatoes;3;4.09;54793;
1287;Cheese;1;6.09;82102;
1287;Bananas;4;2.76;64093;
1287;Sugar;3;8.07;35074;
1290;Coffee;1;9.05;84684;
1290;Bread;3;3.82;78106;
1292;Apples;3;7.14;99162;
1293;Bananas;3;6.04;69005;
1293;Apples;3;3.54;23154;
1293;Milk;1;4.54;84097;
1293;Sugar;3;1.55;43702;
1297;Coffee;1;6.48;92271;
1297;Cereal;5;1.98;45064;
1297;Cheese;5;3.05;21114;
1297;Oranges;2;5.08;13601;
1301;Cheese;4;3.88;74773;
1302;Oranges;4;6.21;60351;
1302;Milk;4;7.38;49638;
1304;Onions;3;3.69;37403;
1304;Potatoes;3;2.89;78342;
1304;Coffee;2;4.35;89941;
1304;Cereal;1;4.49;82829;
1304;Tea;2;3.69;95776;
1304;Bread;5;3.05;80346;
1310;Pasta;3;8.83;69784;
1311;Eggs;4;6.91;88386;
1312;Coffee;1;9.61;70781;
1313;Yogurt;1;7.15;28431;
1313;Coffee;1;4.61;74910;
1313;Butter;1;9.78;27600;
1313;Eggs;5;2.16;14018;
1313;Onions;4;3.58;98394;
1313;Cereal;5;2.29;75915;
1313;Cheese;5;8.49;26455;
1320;Butter;5;3.64;70520;
1320;Apples;2;8.23;17508;
1320;Cheese;3;9.82;52711;
1320;Tea;4;9.75;51032;
1320;Bread;5;2.22;35709;
1320;Cereal;2;8.15;91421;
1320;Pasta;4;7.91;27406;
1320;Coffee;3;8.42;80708;
1320;Sugar;4;3.2;61399;
1320;Yogurt;2;6.77;54178;
1320;Milk;3;4.65;30445;
1331;Chicken;3;5.3;21032;
1332;Juice;5;8.26;56145;
1333;Pasta;1;4.62;55267;
1334;Oranges;5;9.79;86740;
1334;Cheese;1;3.95;68861;
1336;Coffee;3;8.22;47285;
1336;Tomatoes;4;7.92;39902;
1336;Bread;1;2.25;27080;
1339;Cereal;1;8.98;53609;
1339;Cheese;3;1.6;40115;
1339;Tomatoes;2;7.32;96839;
1339;Oranges;3;8.54;14869;
1343;Milk;1;6.88;84871;
1343;Tomatoes;2;6.12;77559;
1343;Cereal;1;8.5;45063;
1343;Apples;2;5.06;54970;
1343;Butter;4;2.32;94859;
1348;Onions;5;6.91;53252;
1348;Yogurt;1;3.0;81260;
1350;Milk;5;4.7;42567;
1350;Pasta;3;5.41;42926;
1352;Onions;3;8.48;22752;
1352;Tea;4;9.94;78411;
1352;Sugar;2;4.9;44236;
1355;Cheese;5;4.08;15790;
1356;Juice;3;3.19;50813;
1356;Coffee;1;9.87;76583;
1358;Onions;1;2.65;25149;
1358;Chicken;1;4.6;98833;
1360;Potatoes;2;3.01;68017;
1360;Apples;5;8.11;98741;
1360;Sugar;5;3.43;73613;
1360;Bread;2;4.27;95622;
1360;Yogurt;1;1.33;76128;
1360;Juice;2;7.58;85311;
1360;Coffee;3;1.18;11754;
1367;Apples;1;7.87;31279;
1367;Coffee;5;4.05;15938;
1369;Butter;2;9.1;53723;
1370;Bread;1;8.87;11267;
1370;Oranges;5;3.73;26938;
1370;Cheese;4;5.66;31127;
1370;Butter;3;7.1;96375;
1370;Tea;2;4.32;63217;
1370;Bananas;3;4.34;55371;
1370;Milk;5;1.58;19478;
1370;Onions;1;3.85;44183;
1378;Coffee;5;4.35;53368;
1378;Eggs;1;8.66;15037;
1380;Bananas;3;7.12;19711;
1381;Juice;3;6.36;32074;
1381;Eggs;1;2.33;16539;
1383;Sugar;3;6.44;17679;
1384;Coffee;1;6.36;74383;
1385;Apples;3;9.31;27376;
1386;Tea;4;3.35;73818;
1386;Apples;3;8.78;71377;
1386;Chicken;4;5.31;92652;
1386;Pasta;5;7.09;20351;
1386;Sugar;2;8.03;14594;
1391;Yogurt;1;7.07;75967;
1391;Apples;4;7.64;69993;
1391;Sugar;2;2.3;90241;
1394;Pasta;5;5.5;10588;
1394;Coffee;5;1.12;64367;
1394;Bread;3;7.46;58893;
1394;Milk;3;9.1;83754;
1398;Yogurt;5;5.28;54225;
1399;Yogurt;2;6.88;25485;
1399;Chicken;5;1.64;28715;
1399;Oranges;1;3.66;16666;
1402;Bread;2;9.64;37639;
1402;Butter;3;4.92;96136;
1402;Oranges;5;2.89;17005;
1402;Apples;5;4.22;83035;
1402;Chicken;4;8.2;74784;
1407;Eggs;5;1.26;88820;
1407;Cereal;1;8.88;23073;
1409;Sugar;4;9.5;70748;
1409;Tea;1;1.54;92263;
1409;Coffee;4;7.38;37245;
1412;Potatoes;2;1.22;20696;
1412;Eggs;4;4.19;54133;
1412;Cereal;2;6.34;86986;
1415;Pasta;2;3.48;50473;
1416;Pasta;2;4.02;23748;
1416;Butter;1;5.67;10826;
1416;Chicken;1;6.1;84523;
1416;Potatoes;5;4.3;88065;
1416;Bananas;4;4.54;57198;
1416;Tomatoes;5;6.99;88554;
1422;Eggs;5;6.41;51260;
1422;Apples;4;1.83;45049;
1424;Milk;2;6.04;55592;
1424;Tomatoes;3;9.75;34423;
1424;Cheese;5;4.53;78889;
1424;Onions;5;1.29;89244;
1424;Sugar;5;1.82;83603;
1424;Coffee;5;2.58;43017;
1424;Cereal;3;1.5;68571;
1431;Yogurt;4;3.75;96485;
1431;Sugar;1;5.21;13996;
1431;Tomatoes;2;8.71;48716;
1431;Eggs;2;5.89;98766;
1431;Bananas;3;4.14;39792;
1436;Eggs;1;5.86;43327;
1437;Tomatoes;3;4.38;63124;
1437;Eggs;5;5.25;39192;
1437;Cereal;5;6.56;12777;
1437;Pasta;5;7.14;89823;
1437;Bananas;4;3.24;71310;
1442;Bananas;2;5.66;52239;
1442;Cereal;4;2.62;78279;
1442;Onions;4;9.09;45410;
1442;Chicken;1;4.26;36298;
1442;Potatoes;1;7.38;98392;
1447;Bananas;5;4.85;68912;
1448;Cereal;2;5.57;55091;
1448;Bananas;5;2.27;80320;
1448;Juice;2;8.15;43933;
1451;Milk;2;8.75;45060;
1451;Oranges;3;5.14;72390;
1451;Butter;3;4.18;18132;
1454;Apples;1;8.51;18450;
1454;Bread;3;9.84;42445;
1454;Yogurt;3;5.35;24468;
1457;Oranges;5;7.83;69455;
1458;Sugar;3;2.01;39724;
1458;Potatoes;4;9.49;90362;
1458;Pasta;2;1.21;41629;
1461;Oranges;2;8.31;47681;
1461;Potatoes;4;5.81;63287;
1463;Yogurt;2;8.84;95924;
1463;Oranges;1;7.52;85652;
1463;Cheese;1;5.58;73288;
1463;Apples;1;7.89;61753;
1463;Milk;5;5.56;32827;
1463;Potatoes;3;3.48;21763;
1463;Coffee;5;2.71;44065;
1470;Yogurt;3;5.04;76488;
1471;Butter;2;4.73;91284;
1471;Bread;5;5.04;90160;
1471;Cereal;1;6.15;36719;
1471;Cheese;2;7.2;43681;
1471;Bananas;1;4.66;97240;
1471;Yogurt;2;4.08;29519;
1471;Pasta;4;8.56;55704;
1471;Chicken;1;9.28;20909;
1471;Juice;3;2.86;72611;
1471;Eggs;4;7.18;96845;
1471;Oranges;1;2.73;65376;
1471;Coffee;3;7.34;76168;
1483;Tomatoes;2;7.88;34087;
1483;Coffee;2;4.82;69838;
1485;Bread;4;8.86;72981;
1485;Juice;1;7.66;53407;
1485;Bananas;5;7.22;36019;
1485;Chicken;3;7.71;29798;
1485;Butter;1;2.89;48098;
1485;Oranges;2;5.69;77765;
1485;Milk;4;9.5;62667;
1485;Potatoes;4;8.97;79183;
1493;Chicken;4;8.71;71987;
1493;Bananas;3;2.68;78915;
1493;Juice;2;4.24;55321;
1493;Bread;5;7.05;14479;
1497;Coffee;3;2.01;25378;
1497;Pasta;3;2.64;53334;
1497;Eggs;4;7.37;34687;
1498;Bananas;1;8.59;34286;
1498;Tomatoes;4;2.88;34286;
1498;Cheese;5;4.10;34286;
1498;Coffee;3;1.67;34286;
1498;Sugar;3;5.01;34286;
1498;Pasta;1;3.91;34286;
1499;Sugar;4;3.67;72839;
1499;Butter;2;7.05;72839;
1499;Bread;4;6.89;72839;
1500;Onions;4;8.57;43744;
1500;Chicken;5;5.13;43744;
1500;Tomatoes;5;1.10;43744;
1500;Potatoes;1;3.89;43744;
1500;Coffee;5;2.97;43744;
1501;Potatoes;2;3.25;72791;
1501;Tomatoes;4;6.59;72791;
1501;Butter;5;8.38;72791;
1501;Onions;1;9.39;72791;
1501;Chicken;1;5.57;72791;
1502;Yogurt;2;4.06;91369;
1502;Apples;3;1.99;91369;
1502;Bread;4;8.66;91369;
1502;Bananas;1;4.08;91369;
1503;Apples;5;5.81;85927;
1503;Bananas;4;6.15;85927;
1503;Yogurt;2;5.92;85927;
1503;Chicken;1;6.48;85927;
1504;Potatoes;4;2.19;47900;
1504;Tomatoes;3;7.06;47900;
1504;Chicken;2;8.40;47900;
1505;Tea;3;4.70;29984;
1505;Yogurt;1;1.39;29984;
1505;Juice;5;9.13;29984;
1505;Apples;3;1.29;29984;
1505;Coffee;1;9.60;29984;
1505;Sugar;3;7.39;29984;
1505;Bananas;4;3.62;29984;
1505;Eggs;4;5.58;29984;
1506;Cheese;1;7.65;94968;
1506;Tomatoes;5;3.76;94968;
1506;Pasta;3;8.64;94968;
1507;Bananas;2;5.38;36112;
1507;Milk;3;2.58;36112;
1507;Cereal;4;3.27;36112;
1508;Pasta;2;5.47;48302;
1508;Cereal;5;9.60;48302;
1508;Tomatoes;2;1.01;48302;
1508;Bananas;5;4.81;48302;
1508;Sugar;1;4.92;48302;
1508;Tea;2;9.32;48302;
1508;Cheese;4;2.06;48302;
1509;Apples;2;9.60;46058;
1509;Yogurt;3;4.98;46058;
1509;Bananas;3;7.73;46058;
1510;Tomatoes;1;7.14;30254;
1510;Yogurt;5;1.33;30254;
1510;Cheese;3;6.87;30254;
1510;Pasta;1;2.89;30254;
1510;Sugar;4;3.86;30254;
1511;Bananas;1;3.29;14231;
1511;Chicken;5;7.79;14231;
1511;Milk;2;5.20;14231;
1511;Cereal;4;9.32;14231;
1512;Cereal;4;2.04;85720;
1512;Cheese;2;9.55;85720;
1512;Pasta;4;8.62;85720;
1512;Tomatoes;3;2.24;85720;
1513;Bananas;5;7.46;81809;
1513;Yogurt;1;3.15;81809;
1513;Apples;5;1.78;81809;
1513;Oranges;3;6.25;81809;
1513;Onions;3;4.93;81809;
1513;Cereal;5;8.21;81809;
1514;Chicken;1;2.03;59332;
1514;Apples;4;9.89;59332;
1514;Yogurt;3;2.65;59332;
1514;Bananas;1;5.27;59332;
1514;Oranges;2;7.55;59332;
1514;Sugar;4;5.93;59332;
1515;Milk;1;8.38;38274;
1515;Cereal;3;8.44;38274;
1515;Bananas;1;2.33;38274;
1516;Eggs;4;6.04;47966;
1516;Tea;2;1.03;47966;
1516;Sugar;1;3.78;47966;
1516;Coffee;4;3.35;47966;
1517;Onions;1;7.16;37328;
1517;Chicken;1;8.98;37328;
1517;Potatoes;5;2.84;37328;
1518;Sugar;1;9.11;51421;
1518;Coffee;1;3.77;51421;
1518;Butter;4;2.08;51421;
1518;Chicken;1;6.27;51421;
1518;Bread;2;1.65;51421;
1518;Yogurt;4;8.63;51421;
1519;Butter;3;3.58;25070;
1519;Milk;4;6.91;25070;
1519;Bread;3;7.95;25070;
1519;Coffee;3;8.66;25070;
1519;Sugar;2;1.96;25070;
1520;Pasta;2;9.42;49572;
1520;Coffee;1;9.46;49572;
1520;Tomatoes;5;3.38;49572;
1520;Cheese;2;1.20;49572;
1521;Sugar;5;8.98;17934;
1521;Tea;4;2.53;17934;
1521;Coffee;5;7.38;17934;
1522;Bananas;1;6.34;90247;
1522;Cereal;5;8.60;90247;
1522;Milk;5;6.45;90247;
1523;Apples;4;2.68;69756;
1523;Cheese;5;7.08;69756;
1523;Coffee;2;3.16;69756;
1523;Tomatoes;2;8.85;69756;
1523;Oranges;3;9.08;69756;
1523;Bananas;3;2.65;69756;
1523;Milk;4;3.34;69756;
1523;Yogurt;5;5.90;69756;
1524;Apples;1;3.11;63993;
1524;Bananas;4;2.94;63993;
1524;Oranges;1;4.35;63993;
1524;Eggs;2;2.31;63993;
1525;Onions;4;7.59;33094;
1525;Tomatoes;4;3.22;33094;
1525;Potatoes;1;7.22;33094;
1525;Juice;1;7.01;33094;
1525;Coffee;4;1.75;33094;
1525;Bread;2;4.06;33094;
1525;Chicken;1;9.91;33094;
1525;Apples;4;9.45;33094;
1526;Tea;2;9.68;20783;
1526;Tomatoes;4;8.36;20783;
1526;Sugar;3;5.11;20783;
1526;Oranges;1;2.00;20783;
1526;Coffee;2;1.39;20783;
1526;Cereal;4;5.98;20783;
1527;Apples;4;8.29;80891;
1527;Coffee;3;7.30;80891;
1527;Sugar;1;5.17;80891;
1527;Tea;3;9.40;80891;
1527;Juice;5;2.83;80891;
1527;Onions;1;8.69;80891;
1528;Butter;1;6.71;24803;
1528;Tea;4;3.89;24803;
1528;Sugar;4;4.89;24803;
1528;Juice;1;4.17;24803;
1528;Cheese;3;9.58;24803;
1528;Milk;4;4.48;24803;
1528;Coffee;5;8.53;24803;
1528;Bread;4;6.27;24803;
1529;Onions;1;7.06;54894;
1529;Potatoes;4;6.46;54894;
1529;Bread;2;1.29;54894;
1529;Oranges;5;8.73;54894;
1529;Chicken;5;9.91;54894;
1529;Sugar;1;6.81;54894;
1529;Tomatoes;3;2.91;54894;
1530;Bananas;2;1.44;66703;
1530;Cereal;4;6.82;66703;
1530;Sugar;4;8.37;66703;
1530;Milk;1;3.24;66703;
1531;Cereal;2;3.68;12860;
1531;Tea;4;3.95;12860;
1531;Coffee;4;5.70;12860;
1531;Sugar;5;2.12;12860;
1531;Bread;5;3.81;12860;
1531;Yogurt;1;8.41;12860;
1531;Butter;2;8.19;12860;
1532;Milk;2;7.00;43001;
1532;Cereal;4;5.98;43001;
1532;Bananas;5;6.98;43001;
1532;Tea;2;8.16;43001;
1533;Butter;4;4.31;19759;
1533;Coffee;5;8.44;19759;
1533;Juice;3;9.55;19759;
1533;Onions;2;1.17;19759;
1533;Sugar;3;4.28;19759;
1533;Bread;4;5.60;19759;
1534;Tea;4;2.88;78551;
1534;Cheese;1;5.62;78551;
1534;Eggs;3;7.54;78551;
1534;Juice;4;4.48;78551;
1534;Sugar;4;8.32;78551;
1534;Coffee;2;4.57;78551;
1535;Apples;1;5.35;34971;
1535;Juice;1;4.73;34971;
1535;Bananas;1;3.88;34971;
1535;Sugar;5;1.87;34971;
1535;Oranges;3;4.81;34971;
1536;Tea;2;1.38;88709;
1536;Cereal;1;6.71;88709;
1536;Coffee;4;9.91;88709;
1536;Sugar;3;7.28;88709;
1536;Butter;5;1.20;88709;
1537;Cereal;2;9.28;25355;
1537;Milk;3;3.22;25355;
1537;Bananas;2;9.11;25355;
1538;Oranges;2;2.26;17630;
1538;Milk;4;8.09;17630;
1538;Onions;4;4.67;17630;
1538;Potatoes;5;5.54;17630;
1538;Bananas;2;3.58;17630;
1538;Apples;2;8.56;17630;
1539;Onions;2;8.43;51011;
1539;Bananas;5;1.15;51011;
1539;Chicken;5;7.80;51011;
1539;Tomatoes;4;1.38;51011;
1539;Potatoes;4;2.30;51011;
1540;Potatoes;2;5.41;47031;
1540;Onions;5;4.52;47031;
1540;Sugar;1;5.24;47031;
1540;Bananas;2;6.21;47031;
1540;Cheese;2;1.05;47031;
1540;Tea;5;6.55;47031;
1540;Coffee;3;7.85;47031;
1541;Apples;4;3.01;88543;
1541;Oranges;3;9.18;88543;
1541;Milk;1;4.56;88543;
1541;Potatoes;3;8.18;88543;
1541;Butter;3;8.21;88543;
1541;Sugar;5;6.87;88543;
1541;Bananas;1;9.88;88543;
1542;Potatoes;4;1.79;34823;
1542;Juice;5;1.57;34823;
1542;Cereal;4;2.39;34823;
1542;Cheese;5;9.93;34823;
1542;Pasta;3;9.60;34823;
1542;Milk;5;2.84;34823;
1542;Tomatoes;5;2.18;34823;
1543;Chicken;1;8.37;23015;
1543;Tomatoes;1;2.10;23015;
1543;Pasta;1;4.05;23015;
1543;Cheese;1;4.97;23015;
1543;Bananas;2;8.98;23015;
1544;Tomatoes;2;7.20;45341;
1544;Pasta;1;4.86;45341;
1544;Eggs;2;1.93;45341;
1544;Onions;4;3.11;45341;
1544;Bread;3;3.22;45341;
1544;Tea;3;9.19;45341;
1544;Sugar;5;1.03;45341;
1544;Coffee;5;3.08;45341;
1545;Butter;2;4.86;62770;
1545;Bread;5;1.88;62770;
1545;Sugar;5;1.26;62770;
1545;Coffee;5;9.56;62770;
1546;Tea;1;8.92;56722;
1546;Yogurt;1;9.35;56722;
1546;Sugar;2;6.63;56722;
1546;Butter;4;2.74;56722;
1546;Potatoes;5;5.69;56722;
1546;Coffee;5;2.01;56722;
1546;Pasta;1;3.38;56722;
1547;Coffee;4;5.99;61862;
1547;Sugar;1;6.72;61862;
1547;Potatoes;4;1.61;61862;
1547;Onions;3;8.20;61862;
1547;Tea;4;4.96;61862;
1548;Juice;5;1.20;74216;
1548;Oranges;3;6.06;74216;
1548;Pasta;3;3.01;74216;
1548;Bananas;1;9.64;74216;
1548;Apples;5;9.80;74216;
1549;Sugar;2;8.22;95632;
1549;Coffee;3;7.14;95632;
1549;Bananas;4;8.86;95632;
1549;Tea;1;5.37;95632;
1549;Yogurt;5;7.87;95632;
1550;Cereal;3;9.01;55677;
1550;Cheese;1;8.37;55677;
1550;Tea;3;5.79;55677;
1550;Coffee;5;5.47;55677;
1550;Yogurt;3;2.25;55677;
1550;Sugar;4;6.63;55677;
1550;Chicken;3;9.44;55677;
1551;Sugar;1;1.38;35517;
1551;Tea;3;5.82;35517;
1551;Coffee;3;5.64;35517;
1552;Coffee;3;8.95;19722;
1552;Onions;5;5.98;19722;
1552;Bananas;2;3.40;19722;
1552;Cheese;2;2.77;19722;
1552;Yogurt;4;4.74;19722;
1552;Chicken;3;1.02;19722;
1552;Apples;4;4.58;19722;
1553;Tea;4;2.74;56618;
1553;Yogurt;1;5.23;56618;
1553;Coffee;3;2.97;56618;
1553;Sugar;4;4.03;56618;
1554;Sugar;1;1.22;52203;
1554;Cheese;4;5.76;52203;
1554;Butter;4;2.17;52203;
1554;Pasta;2;1.35;52203;
1554;Coffee;3;1.77;52203;
1554;Onions;4;7.09;52203;
1554;Oranges;2;5.94;52203;
1554;Bread;2;8.75;52203;
1555;Sugar;2;7.64;10045;
1555;Tomatoes;5;6.63;10045;
1555;Apples;1;5.88;10045;
1555;Potatoes;2;5.42;10045;
1555;Juice;2;8.49;10045;
1555;Cereal;3;2.66;10045;
1555;Milk;2;5.14;10045;
1555;Bananas;5;7.08;10045;
1556;Bread;5;3.74;61335;
1556;Cereal;1;2.41;61335;
1556;Coffee;1;5.06;61335;
1556;Butter;2;8.64;61335;
1556;Sugar;4;1.54;61335;
1556;Tomatoes;4;1.71;61335;
1556;Juice;4;3.55;61335;
1556;Tea;4;5.13;61335;
1557;Sugar;2;4.15;31330;
1557;Butter;4;8.47;31330;
1557;Coffee;1;3.79;31330;
1557;Tea;5;4.33;31330;
1557;Oranges;3;1.92;31330;
1558;Eggs;2;9.31;45543;
1558;Tomatoes;5;3.95;45543;
1558;Chicken;2;9.46;45543;
1558;Onions;4;9.20;45543;
1558;Cheese;3;1.77;45543;
1558;Potatoes;4;8.63;45543;
1558;Apples;3;2.11;45543;
1559;Oranges;1;9.29;74980;
1559;Eggs;1;6.66;74980;
1559;Tea;2;5.61;74980;
1559;Bananas;4;8.93;74980;
1559;Apples;1;9.09;74980;
1559;Coffee;2;8.68;74980;
1559;Cereal;5;3.53;74980;
1560;Pasta;1;4.13;67130;
1560;Tomatoes;2;9.34;67130;
1560;Cheese;3;1.80;67130;
1561;Sugar;2;7.82;81957;
1561;Milk;3;8.69;81957;
1561;Cheese;3;4.97;81957;
1561;Bananas;2;7.42;81957;
1561;Coffee;4;1.29;81957;
1561;Bread;3;2.07;81957;
1561;Butter;3;6.90;81957;
1561;Tea;5;6.09;81957;
1562;Potatoes;2;3.07;30683;
1562;Tomatoes;4;4.42;30683;
1562;Chicken;3;9.60;30683;
1562;Onions;1;1.79;30683;
1563;Tea;4;4.31;24597;
1563;Chicken;4;3.49;24597;
1563;Sugar;2;9.01;24597;
1563;Coffee;3;7.38;24597;
1564;Potatoes;2;3.26;30544;
1564;Bananas;2;4.75;30544;
1564;Yogurt;2;5.88;30544;
1564;Tomatoes;4;2.47;30544;
1564;Apples;5;6.93;30544;
1564;Milk;5;2.71;30544;
1565;Oranges;2;1.41;58276;
1565;Potatoes;1;3.28;58276;
1565;Cereal;4;9.49;58276;
1565;Tomatoes;4;6.21;58276;
1565;Bananas;1;2.70;58276;
1565;Cheese;2;2.66;58276;
1565;Pasta;3;2.82;58276;
1566;Bananas;1;2.76;67932;
1566;Cereal;3;1.37;67932;
1566;Chicken;5;4.90;67932;
1566;Milk;5;8.22;67932;
1566;Eggs;2;8.75;67932;
1567;Onions;3;8.84;99438;
1567;Chicken;3;2.76;99438;
1567;Tomatoes;3;8.28;99438;
1567;Potatoes;4;7.38;99438;
1567;Bread;2;9.36;99438;
1568;Tomatoes;4;5.25;69492;
1568;Yogurt;5;8.47;69492;
1568;Oranges;4;8.03;69492;
1568;Bananas;4;1.66;69492;
1568;Apples;4;3.00;69492;
1568;Butter;5;3.96;69492;
1568;Pasta;1;5.14;69492;
1568;Bread;4;7.37;69492;
1569;Apples;1;4.63;61084;
1569;Onions;3;2.25;61084;
1569;Bananas;1;7.30;61084;
1569;Cheese;1;9.04;61084;
1569;Yogurt;3;3.14;61084;
1569;Cereal;4;8.71;61084;
1569;Chicken;2;1.76;61084;
1570;Pasta;1;9.90;80812;
1570;Milk;4;1.43;80812;
1570;Cheese;3;1.29;80812;
1570;Tomatoes;3;7.63;80812;
1571;Potatoes;1;3.30;34165;
1571;Apples;4;1.78;34165;
1571;Bananas;2;2.26;34165;
1571;Oranges;4;9.66;34165;
1571;Cereal;5;4.01;34165;
1571;Coffee;5;6.56;34165;
1572;Yogurt;1;2.71;87933;
1572;Apples;4;9.29;87933;
1572;Bananas;4;7.39;87933;
1572;Bread;4;9.72;87933;
1573;Potatoes;5;1.90;38604;
1573;Onions;3;7.99;38604;
1573;Chicken;5;9.36;38604;
1574;Apples;2;5.61;14005;
1574;Tomatoes;3;8.59;14005;
1574;Juice;4;4.32;14005;
1574;Oranges;5;4.01;14005;
1574;Bananas;4;9.86;14005;
1575;Apples;1;7.89;48462;
1575;Bananas;4;1.83;48462;
1575;Tomatoes;3;4.92;48462;
1575;Cereal;4;5.41;48462;
1575;Milk;1;8.41;48462;
1575;Bread;1;9.16;48462;
1576;Oranges;1;2.12;69108;
1576;Cereal;5;7.56;69108;
1576;Milk;5;9.75;69108;
1576;Juice;3;3.72;69108;
1576;Bananas;1;4.62;69108;
1576;Potatoes;4;7.65;69108;
1576;Yogurt;4;7.16;69108;
1576;Tea;1;5.46;69108;
1577;Potatoes;4;4.23;84809;
1577;Pasta;5;7.68;84809;
1577;Sugar;1;1.53;84809;
1577;Tomatoes;3;7.73;84809;
1577;Cheese;2;1.80;84809;
1578;Eggs;3;4.59;95175;
1578;Apples;3;4.33;95175;
1578;Bananas;2;8.09;95175;
1578;Yogurt;3;3.76;95175;
1579;Oranges;3;4.78;78233;
1579;Sugar;3;3.90;78233;
1579;Coffee;4;5.67;78233;
1579;Bread;1;1.98;78233;
1579;Yogurt;5;9.31;78233;
1579;Butter;1;4.42;78233;
1579;Tomatoes;1;1.01;78233;
1580;Chicken;2;3.79;29446;
1580;Potatoes;3;5.71;29446;
1580;Onions;1;5.03;29446;
1580;Tomatoes;1;2.02;29446;
1581;Cereal;5;9.05;44371;
1581;Potatoes;5;2.21;44371;
1581;Bananas;2;4.64;44371;
1581;Tomatoes;3;2.99;44371;
1581;Milk;4;5.31;44371;
1581;Coffee;3;1.22;44371;
1581;Pasta;2;5.08;44371;
1581;Onions;3;9.20;44371;
1582;Cereal;5;9.47;68509;
1582;Tomatoes;4;6.66;68509;
1582;Tea;1;2.81;68509;
1582;Yogurt;2;5.98;68509;
1582;Coffee;2;3.76;68509;
1582;Apples;5;5.59;68509;
1582;Sugar;5;3.62;68509;
1583;Bananas;2;1.11;48438;
1583;Apples;5;2.70;48438;
1583;Milk;1;4.17;48438;
1583;Yogurt;4;5.01;48438;
1584;Bananas;1;9.75;57554;
1584;Cereal;1;2.75;57554;
1584;Oranges;5;5.69;57554;
1584;Milk;4;4.96;57554;
1584;Coffee;3;7.38;57554;
1585;Cheese;3;8.84;32218;
1585;Tea;5;6.99;32218;
1585;Coffee;2;4.51;32218;
1585;Juice;3;6.09;32218;
1585;Sugar;3;7.97;32218;
1586;Apples;1;8.52;86500;
1586;Bananas;3;5.34;86500;
1586;Juice;5;2.40;86500;
1586;Bread;5;6.49;86500;
1586;Oranges;4;4.68;86500;
1586;Eggs;2;5.50;86500;
1587;Tea;4;8.38;37628;
1587;Sugar;5;7.71;37628;
1587;Bananas;5;5.84;37628;
1587;Oranges;5;7.89;37628;
1587;Bread;1;7.05;37628;
1587;Milk;2;2.23;37628;
1587;Apples;1;2.55;37628;
1588;Cheese;3;2.11;93626;
1588;Milk;5;1.34;93626;
1588;Chicken;4;2.63;93626;
1588;Potatoes;5;9.13;93626;
1588;Onions;5;4.68;93626;
1588;Eggs;1;7.98;93626;
1588;Pasta;1;6.40;93626;
1588;Tomatoes;3;1.81;93626;
1589;Onions;3;3.47;84259;
1589;Potatoes;4;5.07;84259;
1589;Tomatoes;2;8.01;84259;
1590;Bananas;4;9.12;94861;
1590;Tea;4;2.42;94861;
1590;Yogurt;3;9.89;94861;
1590;Oranges;1;1.10;94861;
1590;Apples;3;9.18;94861;
1590;Onions;3;3.04;94861;
1590;Tomatoes;3;5.71;94861;
1591;Tea;1;5.20;60295;
1591;Coffee;5;4.43;60295;
1591;Sugar;3;3.65;60295;
1592;Sugar;2;4.23;28457;
1592;Cereal;4;1.74;28457;
1592;Tea;4;6.98;28457;
1592;Coffee;1;5.57;28457;
1592;Oranges;1;7.46;28457;
1593;Potatoes;5;8.43;25872;
1593;Tea;4;2.38;25872;
1593;Sugar;5;7.95;25872;
1593;Coffee;3;4.06;25872;
1594;Juice;4;7.84;92718;
1594;Coffee;3;9.35;92718;
1594;Cheese;1;5.24;92718;
1594;Onions;1;9.52;92718;
1594;Pasta;4;5.81;92718;
1594;Tomatoes;3;8.72;92718;
1595;Bananas;5;5.28;97216;
1595;Tea;5;8.70;97216;
1595;Yogurt;1;2.48;97216;
1595;Coffee;1;3.17;97216;
1595;Tomatoes;2;2.61;97216;
1595;Onions;4;8.62;97216;
1595;Milk;4;5.87;97216;
1595;Apples;3;6.16;97216;
1596;Tomatoes;3;6.63;52606;
1596;Milk;1;1.65;52606;
1596;Eggs;2;1.90;52606;
1596;Butter;1;6.19;52606;
1596;Bananas;4;7.49;52606;
1596;Oranges;3;7.84;52606;
1596;Cereal;3;3.00;52606;
1596;Onions;4;4.35;52606;
1597;Tomatoes;5;5.40;89482;
1597;Tea;5;4.63;89482;
1597;Pasta;2;4.15;89482;
1597;Butter;2;1.94;89482;
1597;Cheese;3;2.25;89482;
1598;Apples;2;5.85;57190;
1598;Pasta;4;6.77;57190;
1598;Yogurt;1;8.52;57190;
1598;Bananas;3;8.04;57190;
1599;Sugar;4;9.78;65965;
1599;Coffee;2;7.21;65965;
1599;Apples;3;3.26;65965;
1599;Yogurt;3;4.51;65965;
1599;Eggs;4;9.65;65965;
1599;Tea;2;2.12;65965;
1599;Onions;5;4.27;65965;
1600;Cheese;1;2.79;36857;
1600;Onions;3;2.64;36857;
1600;Pasta;2;4.51;36857;
1600;Oranges;5;8.13;36857;
1600;Cereal;1;5.00;36857;
1600;Juice;3;9.40;36857;
1600;Tomatoes;5;6.84;36857;
1601;Apples;1;4.12;71949;
1601;Bananas;1;9.58;71949;
1601;Yogurt;5;7.94;71949;
1602;Bananas;1;6.06;90530;
1602;Juice;2;2.91;90530;
1602;Coffee;2;9.37;90530;
1602;Apples;3;1.37;90530;
1602;Eggs;4;8.90;90530;
1602;Yogurt;5;9.27;90530;
1602;Milk;3;7.88;90530;
1602;Pasta;5;7.94;90530;
1603;Tea;1;1.57;29567;
1603;Sugar;3;8.09;29567;
1603;Coffee;3;1.99;29567;
1604;Apples;1;4.21;46399;
1604;Bananas;5;9.66;46399;
1604;Tomatoes;5;2.79;46399;
1604;Tea;3;1.00;46399;
1604;Cereal;2;8.26;46399;
1604;Oranges;3;5.84;46399;
1604;Bread;1;2.62;46399;
1605;Potatoes;5;6.49;46941;
1605;Oranges;5;6.01;46941;
1605;Pasta;4;3.28;46941;
1605;Chicken;5;2.51;46941;
1605;Onions;3;3.63;46941;
1605;Tomatoes;5;9.64;46941;
1606;Milk;4;8.76;90475;
1606;Bananas;5;2.82;90475;
1606;Cereal;2;8.28;90475;
1607;Tomatoes;3;2.52;22356;
1607;Bread;3;1.40;22356;
1607;Cheese;5;7.24;22356;
1607;Coffee;1;7.17;22356;
1607;Pasta;5;5.41;22356;
1608;Eggs;3;9.44;60320;
1608;Cheese;5;5.41;60320;
1608;Apples;1;9.23;60320;
1608;Bananas;2;8.93;60320;
1608;Potatoes;5;5.14;60320;
1608;Yogurt;1;9.07;60320;
1609;Potatoes;4;9.50;11231;
1609;Sugar;1;6.38;11231;
1609;Coffee;5;3.37;11231;
1609;Pasta;5;5.36;11231;
1609;Bread;5;8.09;11231;
1609;Butter;1;3.14;11231;
1610;Bread;2;9.01;34297;
1610;Chicken;1;5.59;34297;
1610;Coffee;4;9.30;34297;
1610;Sugar;3;9.57;34297;
1610;Tea;1;1.70;34297;
1611;Potatoes;2;6.76;34477;
1611;Coffee;5;7.81;34477;
1611;Chicken;4;4.42;34477;
1611;Sugar;2;2.80;34477;
1611;Bread;3;6.70;34477;
1611;Milk;5;9.92;34477;
1611;Apples;4;8.98;34477;
1611;Butter;1;5.26;34477;
1612;Oranges;4;6.59;10388;
1612;Bread;4;1.13;10388;
1612;Sugar;2;5.60;10388;
1612;Bananas;3;2.36;10388;
1612;Apples;5;9.20;10388;
1612;Cereal;5;6.57;10388;
1613;Sugar;3;8.45;48284;
1613;Pasta;3;4.62;48284;
1613;Apples;1;7.02;48284;
1613;Chicken;3;3.10;48284;
1613;Coffee;3;2.13;48284;
1613;Yogurt;2;6.36;48284;
1613;Bananas;4;6.19;48284;
1614;Sugar;1;6.59;47095;
1614;Tea;2;4.86;47095;
1614;Coffee;2;5.41;47095;
1614;Potatoes;3;9.13;47095;
1614;Cheese;1;6.30;47095;
1614;Apples;4;7.14;47095;
1615;Cereal;3;1.82;71207;
1615;Butter;2;6.31;71207;
1615;Tea;3;6.59;71207;
1615;Coffee;2;4.90;71207;
1615;Pasta;4;5.76;71207;
1615;Milk;4;2.12;71207;
1615;Sugar;5;7.53;71207;
1615;Bananas;5;2.53;71207;
1616;Onions;1;2.52;40226;
1616;Apples;2;7.58;40226;
1616;Bananas;5;7.74;40226;
1616;Yogurt;2;4.64;40226;
1617;Tomatoes;3;4.30;13303;
1617;Pasta;3;3.33;13303;
1617;Cheese;1;3.02;13303;
1617;Onions;1;1.59;13303;
1617;Coffee;3;6.12;13303;
1617;Juice;4;1.27;13303;
1618;Coffee;2;5.64;39923;
1618;Butter;1;9.91;39923;
1618;Bread;3;9.96;39923;
1618;Yogurt;2;2.49;39923;
1618;Sugar;4;3.30;39923;
1618;Juice;2;6.43;39923;
1619;Apples;3;8.74;45406;
1619;Tea;5;5.25;45406;
1619;Bananas;1;2.52;45406;
1619;Pasta;3;8.24;45406;
1619;Yogurt;4;4.68;45406;
1619;Milk;4;6.63;45406;
1619;Cheese;5;9.94;45406;
1620;Sugar;5;3.11;60829;
1620;Coffee;2;3.89;60829;
1620;Cheese;3;1.16;60829;
1620;Tea;3;2.30;60829;
1621;Apples;3;5.74;70384;
1621;Cheese;1;1.04;70384;
1621;Cereal;3;7.45;70384;
1621;Pasta;1;7.58;70384;
1621;Tomatoes;5;2.99;70384;
1622;Pasta;1;7.14;69474;
1622;Cheese;2;7.11;69474;
1622;Tomatoes;5;1.28;69474;
1622;Cereal;1;4.65;69474;
1622;Chicken;5;5.27;69474;
1622;Onions;5;1.24;69474;
1623;Bananas;3;8.44;51003;
1623;Tea;2;3.49;51003;
1623;Coffee;5;1.12;51003;
1623;Sugar;2;1.72;51003;
1623;Juice;4;2.29;51003;
1624;Potatoes;5;7.99;65371;
1624;Onions;4;2.72;65371;
1624;Tomatoes;4;4.08;65371;
1624;Chicken;3;3.41;65371;
1625;Milk;5;2.43;74860;
1625;Sugar;4;5.00;74860;
1625;Butter;5;6.99;74860;
1625;Tea;4;9.94;74860;
1625;Bread;4;1.79;74860;
1625;Apples;3;1.67;74860;
1625;Cheese;4;8.92;74860;
1625;Coffee;4;7.05;74860;
1626;Tomatoes;3;4.88;18490;
1626;Potatoes;2;6.71;18490;
1626;Chicken;1;4.53;18490;
1627;Tea;3;1.97;67346;
1627;Cheese;5;3.65;67346;
1627;Sugar;3;1.37;67346;
1627;Cereal;1;7.03;67346;
1627;Butter;2;7.77;67346;
1627;Coffee;4;1.30;67346;
1627;Potatoes;4;5.04;67346;
1627;Eggs;3;3.94;67346;
1628;Butter;5;1.36;43011;
1628;Apples;3;7.65;43011;
1628;Oranges;2;2.41;43011;
1628;Bananas;2;8.10;43011;
1629;Bananas;2;4.83;46271;
1629;Juice;3;4.62;46271;
1629;Milk;2;3.77;46271;
1629;Yogurt;1;2.98;46271;
1629;Cereal;3;3.52;46271;
1630;Yogurt;4;1.65;53604;
1630;Onions;2;4.76;53604;
1630;Bananas;5;1.20;53604;
1630;Potatoes;1;1.89;53604;
1630;Coffee;3;7.56;53604;
1630;Tomatoes;1;4.33;53604;
1630;Chicken;2;5.47;53604;
1630;Eggs;4;7.43;53604;
1631;Chicken;1;3.48;49249;
1631;Bananas;5;2.80;49249;
1631;Eggs;3;6.97;49249;
1631;Bread;5;3.71;49249;
1631;Milk;1;5.99;49249;
1631;Juice;5;4.23;49249;
1631;Cereal;1;2.52;49249;
1631;Butter;2;4.44;49249;
1632;Tomatoes;3;9.44;18396;
1632;Onions;4;7.29;18396;
1632;Chicken;5;5.52;18396;
1632;Potatoes;3;9.54;18396;
1632;Cereal;2;3.75;18396;
1633;Apples;3;4.17;78101;
1633;Yogurt;1;5.63;78101;
1633;Coffee;4;6.57;78101;
1633;Potatoes;4;9.59;78101;
1633;Juice;4;5.23;78101;
1633;Bananas;2;3.86;78101;
1633;Cereal;5;5.49;78101;
1634;Potatoes;1;8.66;46248;
1634;Cereal;5;6.65;46248;
1634;Sugar;1;7.15;46248;
1634;Coffee;4;5.53;46248;
1634;Yogurt;1;4.91;46248;
1634;Juice;3;8.59;46248;
1634;Tea;2;6.58;46248;
1635;Coffee;1;2.02;80680;
1635;Butter;4;4.56;80680;
1635;Bread;4;5.27;80680;
1635;Sugar;5;4.56;80680;
1636;Coffee;2;7.98;22042;
1636;Potatoes;4;2.85;22042;
1636;Butter;4;6.61;22042;
1636;Bread;3;3.05;22042;
1636;Cheese;3;5.34;22042;
1636;Sugar;1;8.95;22042;
1637;Bananas;4;5.17;61643;
1637;Apples;4;2.27;61643;
1637;Coffee;5;5.20;61643;
1637;Yogurt;5;5.24;61643;
1637;Oranges;3;3.13;61643;
1637;Pasta;4;1.31;61643;
1637;Sugar;3;8.02;61643;
1638;Tomatoes;1;1.89;65153;
1638;Onions;1;6.38;65153;
1638;Potatoes;4;9.03;65153;
1638;Chicken;3;4.30;65153;
1639;Cheese;2;8.76;28439;
1639;Tomatoes;4;2.38;28439;
1639;Coffee;3;1.12;28439;
1639;Onions;4;3.93;28439;
1639;Juice;4;2.78;28439;
1639;Bread;3;5.31;28439;
1639;Pasta;2;4.66;28439;
1640;Tomatoes;2;5.89;61977;
1640;Onions;5;9.50;61977;
1640;Bananas;1;1.47;61977;
1640;Apples;3;8.17;61977;
1640;Oranges;2;2.29;61977;
1641;Bananas;4;5.29;34149;
1641;Oranges;4;9.47;34149;
1641;Apples;2;6.81;34149;
1642;Bread;3;5.85;50118;
1642;Chicken;2;6.52;50118;
1642;Coffee;5;7.34;50118;
1642;Butter;3;8.72;50118;
1642;Potatoes;5;6.07;50118;
1642;Oranges;5;8.19;50118;
1642;Sugar;1;9.15;50118;
1643;Potatoes;1;6.66;31360;
1643;Bananas;2;1.75;31360;
1643;Milk;5;4.87;31360;
1643;Pasta;1;1.52;31360;
1643;Yogurt;1;1.14;31360;
1643;Apples;5;6.78;31360;
1644;Cereal;5;1.03;89967;
1644;Bananas;3;9.15;89967;
1644;Milk;2;6.43;89967;
1644;Apples;4;6.07;89967;
1645;Milk;3;6.45;22983;
1645;Cereal;1;5.53;22983;
1645;Butter;1;6.69;22983;
1645;Cheese;1;2.93;22983;
1645;Bread;2;5.59;22983;
1645;Bananas;4;3.72;22983;
1646;Cheese;1;6.40;17359;
1646;Butter;2;6.05;17359;
1646;Pasta;1;6.73;17359;
1646;Tomatoes;3;4.20;17359;
1647;Tea;3;1.00;12974;
1647;Tomatoes;3;9.73;12974;
1647;Coffee;4;4.00;12974;
1647;Bananas;1;4.48;12974;
1647;Sugar;4;1.25;12974;
1648;Apples;4;9.62;10952;
1648;Tomatoes;3;9.94;10952;
1648;Yogurt;2;2.71;10952;
1648;Oranges;4;4.74;10952;
1648;Bananas;4;4.94;10952;
1648;Potatoes;5;3.30;10952;
1649;Bananas;3;8.08;34216;
1649;Tea;2;1.23;34216;
1649;Coffee;3;4.73;34216;
1649;Sugar;3;3.90;34216;
1649;Yogurt;2;2.96;34216;
1650;Apples;2;7.63;92022;
1650;Yogurt;4;0.99;92022;
1650;Bananas;5;3.38;92022;
1651;Bread;2;5.30;60235;
1651;Butter;2;9.95;60235;
1651;Coffee;5;1.33;60235;
1651;Sugar;2;4.59;60235;
1652;Yogurt;2;9.61;67296;
1652;Bananas;2;3.91;67296;
1652;Pasta;2;5.14;67296;
1652;Apples;3;2.95;67296;
1652;Tomatoes;4;9.08;67296;
1652;Potatoes;5;9.61;67296;
1652;Oranges;5;9.64;67296;
1652;Onions;4;6.22;67296;
1653;Chicken;1;7.65;85625;
1653;Potatoes;2;1.41;85625;
1653;Tomatoes;3;6.90;85625;
1653;Pasta;5;1.07;85625;
1653;Onions;4;6.95;85625;
1654;Coffee;4;2.51;35404;
1654;Butter;5;8.53;35404;
1654;Sugar;2;8.49;35404;
1654;Onions;3;4.25;35404;
1654;Bread;3;8.54;35404;
1654;Cereal;4;7.81;35404;
1654;Pasta;4;7.43;35404;
1655;Eggs;2;9.35;81260;
1655;Sugar;1;5.15;81260;
1655;Butter;5;8.72;81260;
1655;Coffee;3;7.71;81260;
1655;Bread;3;1.54;81260;
1656;Butter;5;7.44;60754;
1656;Bread;3;9.89;60754;
1656;Sugar;5;9.40;60754;
1656;Coffee;3;7.81;60754;
1656;Tomatoes;3;5.15;60754;
1657;Chicken;1;9.56;11810;
1657;Tomatoes;1;8.68;11810;
1657;Pasta;2;2.66;11810;
1657;Coffee;1;1.00;11810;
1657;Sugar;1;4.87;11810;
1657;Eggs;1;8.63;11810;
1657;Tea;5;4.91;11810;
1657;Onions;3;4.87;11810;
1658;Cereal;5;8.53;86129;
1658;Eggs;5;1.08;86129;
1658;Bananas;1;4.45;86129;
1658;Tea;4;8.97;86129;
1658;Sugar;4;8.28;86129;
1658;Coffee;5;9.62;86129;
1658;Apples;4;2.63;86129;
1658;Potatoes;1;8.99;86129;
1659;Cheese;4;8.18;57437;
1659;Juice;1;8.24;57437;
1659;Milk;5;4.44;57437;
1659;Potatoes;3;6.34;57437;
1659;Pasta;5;5.25;57437;
1659;Tomatoes;1;9.75;57437;
1659;Oranges;3;8.73;57437;
1660;Cereal;5;4.13;49719;
1660;Butter;4;3.15;49719;
1660;Bananas;5;5.81;49719;
1660;Yogurt;3;8.73;49719;
1660;Apples;5;7.09;49719;
1660;Bread;5;4.86;49719;
1661;Yogurt;4;2.95;99824;
1661;Bread;2;1.56;99824;
1661;Eggs;2;7.63;99824;
1661;Apples;3;6.28;99824;
1661;Bananas;4;9.96;99824;
1661;Butter;2;5.70;99824;
1662;Coffee;3;2.40;93706;
1662;Butter;5;6.20;93706;
1662;Bread;1;9.19;93706;
1662;Sugar;2;9.76;93706;
1663;Tomatoes;5;6.51;44038;
1663;Pasta;2;5.46;44038;
1663;Butter;4;2.30;44038;
1663;Oranges;5;9.75;44038;
1663;Sugar;3;3.29;44038;
1663;Apples;5;6.82;44038;
1663;Cheese;1;8.54;44038;
1664;Coffee;5;5.36;65679;
1664;Bread;5;9.11;65679;
1664;Butter;3;2.79;65679;
1664;Sugar;1;2.16;65679;
1664;Oranges;4;4.76;65679;
1665;Eggs;1;9.80;74388;
1665;Chicken;2;1.34;74388;
1665;Onions;5;8.79;74388;
1665;Tomatoes;3;2.49;74388;
1665;Potatoes;5;4.70;74388;
1665;Sugar;3;8.70;74388;
1665;Milk;5;2.65;74388;
1665;Cheese;3;5.71;74388;
1666;Tomatoes;3;8.09;98656;
1666;Butter;1;7.04;98656;
1666;Pasta;5;6.34;98656;
1666;Potatoes;3;1.55;98656;
1666;Eggs;1;3.03;98656;
1666;Milk;1;8.12;98656;
1666;Bananas;5;4.99;98656;
1666;Cheese;2;2.46;98656;
1667;Tomatoes;4;7.58;66555;
1667;Onions;5;8.92;66555;
1667;Chicken;5;1.32;66555;
1667;Bread;5;4.82;66555;
1667;Potatoes;4;9.39;66555;
1667;Milk;3;8.45;66555;
1668;Sugar;3;4.87;50966;
1668;Tea;5;5.98;50966;
1668;Coffee;5;3.50;50966;
1669;Tea;2;6.18;63376;
1669;Chicken;3;1.27;63376;
1669;Sugar;3;6.86;63376;
1669;Apples;3;4.38;63376;
1669;Onions;1;1.57;63376;
1669;Butter;2;2.10;63376;
1669;Pasta;5;2.89;63376;
1669;Coffee;5;6.27;63376;
1670;Milk;5;2.61;77483;
1670;Oranges;1;4.27;77483;
1670;Bananas;1;7.70;77483;
1670;Cereal;1;2.14;77483;
1671;Oranges;3;3.58;22502;
1671;Bananas;1;2.53;22502;
1671;Potatoes;5;9.69;22502;
1671;Tomatoes;3;8.01;22502;
1671;Apples;1;7.86;22502;
1672;Coffee;4;5.85;55808;
1672;Sugar;4;8.79;55808;
1672;Oranges;2;7.12;55808;
1672;Apples;2;9.50;55808;
1672;Tea;4;1.27;55808;
1673;Juice;4;1.41;69558;
1673;Cereal;5;9.97;69558;
1673;Milk;5;4.78;69558;
1673;Bananas;5;4.04;69558;
1674;Yogurt;4;5.40;68278;
1674;Coffee;4;8.49;68278;
1674;Butter;3;9.02;68278;
1674;Cereal;4;3.68;68278;
1674;Oranges;5;1.08;68278;
1674;Tea;4;5.00;68278;
1674;Sugar;5;6.93;68278;
1674;Bread;2;7.43;68278;
1675;Bread;1;4.06;10813;
1675;Butter;5;8.73;10813;
1675;Sugar;1;1.00;10813;
1676;Chicken;3;9.11;80350;
1676;Coffee;5;1.84;80350;
1676;Cheese;3;2.80;80350;
1676;Oranges;4;6.20;80350;
1676;Apples;4;5.56;80350;
1676;Bananas;2;9.91;80350;
1677;Pasta;5;2.51;82180;
1677;Tomatoes;5;1.87;82180;
1677;Cheese;3;8.23;82180;
1677;Tea;1;9.56;82180;
1678;Coffee;5;2.55;20142;
1678;Sugar;2;8.60;20142;
1678;Pasta;3;3.22;20142;
1678;Tea;5;8.78;20142;
1678;Yogurt;5;1.18;20142;
1678;Cereal;5;9.39;20142;
1679;Chicken;3;8.22;42341;
1679;Onions;5;9.66;42341;
1679;Potatoes;4;6.56;42341;
1679;Tomatoes;5;4.70;42341;
1680;Chicken;1;4.44;38132;
1680;Onions;2;1.31;38132;
1680;Potatoes;2;6.65;38132;
1681;Potatoes;3;4.53;42721;
1681;Tomatoes;1;1.16;42721;
1681;Chicken;1;9.62;42721;
1681;Onions;1;4.74;42721;
1682;Eggs;5;9.90;30614;
1682;Butter;3;1.42;30614;
1682;Tea;3;2.25;30614;
1682;Coffee;2;8.25;30614;
1682;Sugar;1;6.25;30614;
1683;Tomatoes;5;1.00;76297;
1683;Oranges;2;1.12;76297;
1683;Bananas;1;2.54;76297;
1683;Apples;3;9.20;76297;
1683;Juice;4;3.91;76297;
1683;Eggs;2;3.23;76297;
1683;Pasta;1;7.39;76297;
1684;Tomatoes;3;1.90;27671;
1684;Butter;2;3.86;27671;
1684;Cheese;3;5.56;27671;
1684;Pasta;1;1.79;27671;
1684;Milk;3;6.04;27671;
1685;Onions;4;5.15;50983;
1685;Milk;3;9.08;50983;
1685;Potatoes;2;5.16;50983;
1685;Tomatoes;4;6.31;50983;
1685;Chicken;2;4.54;50983;
1686;Tomatoes;4;3.36;55892;
1686;Sugar;1;8.94;55892;
1686;Milk;1;2.20;55892;
1686;Tea;3;8.10;55892;
1686;Potatoes;4;6.24;55892;
1686;Cheese;1;8.96;55892;
1686;Butter;1;9.01;55892;
1686;Pasta;5;1.46;55892;
1687;Coffee;1;3.39;66593;
1687;Sugar;1;3.10;66593;
1687;Tea;2;2.02;66593;
1688;Cheese;2;6.91;15346;
1688;Pasta;1;8.39;15346;
1688;Tomatoes;4;6.07;15346;
1688;Butter;4;5.24;15346;
1689;Oranges;4;4.28;49488;
1689;Tomatoes;3;9.95;49488;
1689;Apples;2;1.64;49488;
1689;Bananas;1;3.81;49488;
1689;Pasta;5;5.91;49488;
1690;Milk;2;3.78;36678;
1690;Bananas;1;3.26;36678;
1690;Cereal;3;8.11;36678;
1691;Yogurt;1;2.48;19782;
1691;Tomatoes;4;5.44;19782;
1691;Pasta;1;9.07;19782;
1691;Coffee;5;7.70;19782;
1691;Cereal;3;4.09;19782;
1691;Cheese;3;7.93;19782;
1691;Potatoes;1;5.17;19782;
1692;Potatoes;2;6.01;69840;
1692;Coffee;4;3.07;69840;
1692;Sugar;5;6.45;69840;
1692;Tea;2;4.39;69840;
1693;Apples;3;4.81;22176;
1693;Yogurt;5;3.10;22176;
1693;Bread;4;3.20;22176;
1693;Bananas;2;7.06;22176;
1694;Bananas;3;2.17;78576;
1694;Oranges;4;7.40;78576;
1694;Apples;2;8.77;78576;
1694;Potatoes;5;2.13;78576;
1695;Chicken;4;1.81;64520;
1695;Potatoes;1;4.68;64520;
1695;Tomatoes;5;6.71;64520;
1696;Onions;5;8.22;21743;
1696;Chicken;3;2.77;21743;
1696;Tomatoes;5;1.65;21743;
1697;Cheese;5;8.97;25593;
1697;Oranges;3;3.15;25593;
1697;Chicken;1;4.66;25593;
1697;Apples;2;2.80;25593;
1697;Bananas;4;3.51;25593;
1697;Tomatoes;4;9.61;25593;
1698;Tea;5;5.21;18621;
1698;Onions;3;4.27;18621;
1698;Chicken;1;2.99;18621;
1698;Potatoes;5;4.11;18621;
1698;Sugar;5;4.56;18621;
1698;Tomatoes;4;4.92;18621;
1699;Cereal;5;4.39;51968;
1699;Chicken;5;9.72;51968;
1699;Potatoes;4;1.98;51968;
1699;Tomatoes;2;9.51;51968;
1699;Onions;2;5.15;51968;
1700;Juice;1;2.66;88944;
1700;Oranges;4;7.47;88944;
1700;Bananas;4;9.49;88944;
1700;Apples;5;3.35;88944;
1700;Tea;4;6.17;88944;
1701;Pasta;1;7.98;18344;
1701;Tea;1;1.57;18344;
1701;Milk;2;4.07;18344;
1701;Potatoes;1;6.64;18344;
1701;Cheese;4;5.09;18344;
1701;Tomatoes;2;6.70;18344;
1701;Chicken;4;1.64;18344;
1702;Tea;2;6.15;55587;
1702;Sugar;3;3.24;55587;
1702;Coffee;1;1.96;55587;
1702;Pasta;3;6.86;55587;
1703;Apples;4;8.66;97805;
1703;Cereal;4;1.07;97805;
1703;Tea;3;4.38;97805;
1703;Sugar;5;4.29;97805;
1703;Milk;1;3.33;97805;
1703;Bananas;3;8.32;97805;
1703;Onions;2;4.70;97805;
1704;Tomatoes;1;9.89;48124;
1704;Potatoes;1;2.93;48124;
1704;Chicken;1;3.72;48124;
1705;Apples;1;5.13;85702;
1705;Juice;3;7.49;85702;
1705;Eggs;4;6.03;85702;
1705;Cheese;2;6.05;85702;
1705;Bananas;2;8.04;85702;
1705;Milk;1;9.01;85702;
1705;Cereal;4;2.05;85702;
1706;Coffee;1;9.49;54920;
1706;Sugar;3;7.25;54920;
1706;Tea;5;6.16;54920;
1707;Bananas;1;2.71;85437;
1707;Cheese;5;3.89;85437;
1707;Chicken;1;9.11;85437;
1707;Tomatoes;4;8.39;85437;
1707;Potatoes;5;6.57;85437;
1707;Onions;5;1.01;85437;
1708;Yogurt;3;8.84;57495;
1708;Bananas;3;9.44;57495;
1708;Pasta;1;1.69;57495;
1708;Apples;4;6.17;57495;
1709;Pasta;2;9.83;45813;
1709;Chicken;5;2.08;45813;
1709;Cheese;5;3.78;45813;
1709;Eggs;5;9.68;45813;
1709;Milk;5;3.65;45813;
1709;Apples;1;2.57;45813;
1709;Tomatoes;1;2.40;45813;
1710;Coffee;3;9.34;37536;
1710;Sugar;5;6.39;37536;
1710;Tea;3;1.23;37536;
1711;Apples;1;4.05;19382;
1711;Tea;2;5.90;19382;
1711;Butter;3;5.73;19382;
1711;Bananas;1;8.74;19382;
1711;Juice;3;6.68;19382;
1711;Yogurt;5;7.50;19382;
1711;Tomatoes;1;6.63;19382;
1712;Juice;2;4.32;85842;
1712;Eggs;4;2.62;85842;
1712;Bananas;5;8.83;85842;
1712;Tea;2;2.27;85842;
1712;Milk;4;1.30;85842;
1712;Cereal;1;5.78;85842;
1713;Eggs;1;3.86;52172;
1713;Bananas;1;2.80;52172;
1713;Cheese;5;2.94;52172;
1713;Juice;2;6.79;52172;
1713;Tomatoes;1;6.85;52172;
1713;Apples;4;7.21;52172;
1713;Oranges;4;1.45;52172;
1713;Onions;5;8.06;52172;
1714;Coffee;1;3.53;43916;
1714;Juice;2;5.83;43916;
1714;Potatoes;1;3.84;43916;
1714;Oranges;1;1.32;43916;
1714;Tea;3;5.57;43916;
1714;Pasta;1;4.88;43916;
1714;Cheese;5;5.88;43916;
1714;Sugar;5;2.55;43916;
1715;Tomatoes;4;4.69;17623;
1715;Cheese;3;3.43;17623;
1715;Milk;4;3.19;17623;
1715;Pasta;2;1.55;17623;
1715;Onions;1;1.28;17623;
1716;Yogurt;3;2.67;17931;
1716;Bananas;3;1.51;17931;
1716;Apples;3;3.21;17931;
1716;Cheese;2;1.99;17931;
1717;Tomatoes;1;8.40;27809;
1717;Pasta;3;8.13;27809;
1717;Cheese;5;1.29;27809;
1717;Butter;1;9.26;27809;
1717;Tea;2;2.33;27809;
1717;Onions;4;5.02;27809;
1717;Chicken;5;3.45;27809;
1718;Sugar;4;8.60;47469;
1718;Onions;4;3.33;47469;
1718;Coffee;3;3.44;47469;
1718;Tea;4;1.39;47469;
1719;Tomatoes;1;6.18;26076;
1719;Cheese;4;7.93;26076;
1719;Pasta;4;5.98;26076;
1719;Milk;3;1.19;26076;
1720;Eggs;5;4.54;26038;
1720;Oranges;2;1.87;26038;
1720;Tea;4;9.40;26038;
1720;Onions;2;7.84;26038;
1720;Coffee;2;1.45;26038;
1720;Sugar;2;8.19;26038;
1720;Cheese;3;4.69;26038;
1721;Bananas;1;8.94;22616;
1721;Coffee;4;2.44;22616;
1721;Milk;2;5.09;22616;
1721;Cereal;4;3.20;22616;
1721;Tomatoes;2;2.80;22616;
1721;Oranges;4;6.21;22616;
1722;Juice;3;3.79;19477;
1722;Milk;4;2.26;19477;
1722;Chicken;4;6.87;19477;
1722;Potatoes;5;3.16;19477;
1722;Eggs;1;7.12;19477;
1722;Onions;1;1.51;19477;
1722;Yogurt;4;1.31;19477;
1722;Tomatoes;1;3.15;19477;
1723;Tea;1;9.64;87075;
1723;Coffee;4;2.14;87075;
1723;Butter;2;9.87;87075;
1723;Onions;4;2.19;87075;
1723;Cereal;4;8.48;87075;
1723;Sugar;3;7.96;87075;
1723;Bread;4;3.15;87075;
1723;Bananas;5;9.79;87075;
1724;Bananas;2;9.56;47405;
1724;Milk;3;4.31;47405;
1724;Oranges;1;2.60;47405;
1724;Apples;3;6.08;47405;
1724;Onions;1;6.91;47405;
1725;Cheese;2;6.76;66660;
1725;Pasta;5;3.17;66660;
1725;Coffee;2;7.73;66660;
1725;Tea;5;3.06;66660;
1725;Juice;1;6.41;66660;
1725;Potatoes;2;1.37;66660;
1725;Sugar;3;7.68;66660;
1725;Bread;1;5.25;66660;
1726;Cheese;2;7.79;16333;
1726;Tea;2;9.38;16333;
1726;Coffee;2;5.38;16333;
1726;Sugar;2;1.97;16333;
1727;Potatoes;3;2.59;59271;
1727;Chicken;1;2.64;59271;
1727;Tomatoes;2;7.05;59271;
1728;Sugar;4;4.28;87121;
1728;Butter;1;8.78;87121;
1728;Coffee;3;9.49;87121;
1728;Bread;2;9.76;87121;
1729;Apples;2;2.85;72039;
1729;Yogurt;1;7.75;72039;
1729;Coffee;5;6.10;72039;
1729;Bananas;5;8.15;72039;
1729;Sugar;2;8.65;72039;
1729;Potatoes;4;7.93;72039;
1729;Butter;1;8.35;72039;
1729;Bread;3;2.25;72039;
1730;Apples;1;3.90;67206;
1730;Cheese;5;9.61;67206;
1730;Tomatoes;5;6.99;67206;
1730;Tea;1;5.32;67206;
1730;Pasta;3;9.95;67206;
1731;Milk;3;4.04;82638;
1731;Bread;5;5.83;82638;
1731;Butter;3;6.50;82638;
1731;Sugar;5;2.42;82638;
1731;Cheese;1;1.54;82638;
1731;Eggs;4;1.43;82638;
1731;Coffee;1;8.40;82638;
1732;Juice;3;3.77;73935;
1732;Apples;4;5.94;73935;
1732;Tea;4;8.10;73935;
1732;Bread;1;8.27;73935;
1732;Coffee;5;9.24;73935;
1732;Sugar;4;7.52;73935;
1732;Butter;4;7.74;73935;
1732;Tomatoes;4;1.69;73935;
1733;Potatoes;4;6.57;20647;
1733;Tea;1;9.24;20647;
1733;Onions;4;7.93;20647;
1733;Coffee;2;7.69;20647;
1733;Yogurt;3;4.63;20647;
1733;Sugar;5;7.16;20647;
1733;Butter;1;3.64;20647;
1733;Juice;5;5.51;20647;
1734;Butter;5;9.93;67032;
1734;Onions;3;9.20;67032;
1734;Coffee;3;2.82;67032;
1734;Juice;5;9.86;67032;
1734;Sugar;3;8.59;67032;
1734;Apples;5;2.65;67032;
1734;Bread;3;3.99;67032;
1735;Butter;2;6.30;94036;
1735;Sugar;1;4.82;94036;
1735;Coffee;2;5.77;94036;
1735;Bread;5;2.04;94036;
1735;Tea;3;6.31;94036;
1736;Sugar;1;6.22;33471;
1736;Potatoes;2;2.95;33471;
1736;Juice;1;8.09;33471;
1736;Chicken;4;7.31;33471;
1736;Tomatoes;1;5.62;33471;
1736;Coffee;3;3.38;33471;
1736;Tea;3;9.10;33471;
1736;Bananas;3;6.64;33471;
1737;Tomatoes;3;8.82;41746;
1737;Pasta;2;2.48;41746;
1737;Tea;1;2.24;41746;
1737;Cheese;4;8.15;41746;
1737;Yogurt;4;4.39;41746;
1737;Potatoes;1;9.33;41746;
1737;Apples;2;3.91;41746;
1738;Yogurt;5;8.77;84560;
1738;Bananas;2;1.75;84560;
1738;Coffee;2;2.41;84560;
1738;Apples;2;4.05;84560;
1738;Butter;5;7.08;84560;
1738;Milk;5;3.25;84560;
1738;Tomatoes;1;8.47;84560;
1738;Potatoes;3;4.71;84560;
1739;Juice;3;4.18;91914;
1739;Apples;3;3.10;91914;
1739;Coffee;2;2.01;91914;
1739;Oranges;2;5.99;91914;
1739;Bananas;1;4.31;91914;
1739;Cheese;3;9.38;91914;
1740;Sugar;3;9.39;70654;
1740;Juice;4;4.88;70654;
1740;Tea;4;5.84;70654;
1740;Milk;1;8.57;70654;
1740;Butter;5;6.55;70654;
1740;Bread;3;9.87;70654;
1740;Tomatoes;1;2.15;70654;
1740;Coffee;3;2.94;70654;
1741;Butter;2;1.87;55745;
1741;Milk;3;1.85;55745;
1741;Sugar;5;4.66;55745;
1741;Cheese;1;2.68;55745;
1741;Coffee;2;9.12;55745;
1741;Bread;5;3.34;55745;
1741;Yogurt;2;1.28;55745;
1742;Chicken;3;6.43;69713;
1742;Milk;5;9.63;69713;
1742;Sugar;5;3.35;69713;
1742;Bananas;1;6.80;69713;
1742;Cereal;3;5.31;69713;
1742;Pasta;3;2.52;69713;
1743;Bananas;5;9.41;36032;
1743;Cereal;3;5.94;36032;
1743;Milk;1;5.99;36032;
1744;Sugar;2;3.58;17665;
1744;Coffee;1;1.28;17665;
1744;Bread;5;4.85;17665;
1744;Cheese;3;6.28;17665;
1744;Butter;1;6.42;17665;
1744;Apples;4;3.28;17665;
1744;Tea;1;6.77;17665;
1745;Butter;4;7.33;60582;
1745;Sugar;4;7.35;60582;
1745;Coffee;3;3.46;60582;
1745;Bread;3;9.41;60582;
1746;Oranges;1;1.34;24965;
1746;Bread;3;6.26;24965;
1746;Bananas;3;8.24;24965;
1746;Milk;5;2.10;24965;
1746;Apples;1;4.49;24965;
1746;Potatoes;1;4.95;24965;
1746;Sugar;2;5.66;24965;
1747;Chicken;1;3.96;33729;
1747;Bananas;1;6.29;33729;
1747;Apples;3;7.31;33729;
1747;Yogurt;1;2.04;33729;
1747;Sugar;5;1.79;33729;
1747;Milk;3;3.69;33729;
1747;Pasta;4;4.47;33729;
1747;Cereal;1;6.49;33729;
1748;Tea;3;6.48;67524;
1748;Sugar;1;4.10;67524;
1748;Coffee;5;5.45;67524;
1749;Coffee;1;8.30;51274;
1749;Bread;4;2.13;51274;
1749;Cheese;3;6.69;51274;
1749;Butter;4;4.56;51274;
1749;Sugar;1;9.07;51274;
1750;Juice;3;6.21;43870;
1750;Coffee;4;8.18;43870;
1750;Cereal;3;1.28;43870;
1750;Sugar;1;6.38;43870;
1750;Butter;1;4.26;43870;
1750;Cheese;1;1.90;43870;
1750;Tomatoes;1;2.54;43870;
1750;Bread;5;6.14;43870;
1751;Coffee;4;1.17;16666;
1751;Oranges;2;6.60;16666;
1751;Sugar;4;2.30;16666;
1751;Tea;4;3.91;16666;
1752;Pasta;4;3.53;77461;
1752;Tomatoes;5;6.49;77461;
1752;Chicken;3;7.62;77461;
1752;Coffee;4;9.43;77461;
1752;Cheese;5;1.90;77461;
1753;Tomatoes;4;5.24;76023;
1753;Bananas;2;8.26;76023;
1753;Cheese;1;9.11;76023;
1753;Pasta;5;6.25;76023;
1753;Oranges;2;6.17;76023;
1753;Bread;1;4.05;76023;
1754;Bread;4;7.14;64356;
1754;Coffee;1;9.72;64356;
1754;Butter;4;8.11;64356;
1755;Apples;2;1.14;18728;
1755;Bananas;3;5.07;18728;
1755;Oranges;4;9.11;18728;
1756;Apples;3;9.32;96910;
1756;Chicken;2;7.39;96910;
1756;Bread;4;1.43;96910;
1756;Sugar;4;4.58;96910;
1756;Yogurt;2;6.64;96910;
1756;Bananas;4;6.02;96910;
1757;Sugar;1;5.07;80792;
1757;Onions;4;3.46;80792;
1757;Bread;1;1.86;80792;
1757;Juice;5;1.71;80792;
1757;Tea;5;2.88;80792;
1757;Coffee;1;4.64;80792;
1758;Potatoes;5;1.48;43254;
1758;Onions;5;7.51;43254;
1758;Chicken;2;9.78;43254;
1758;Tomatoes;2;6.05;43254;
1758;Oranges;5;8.93;43254;
1759;Bread;2;7.41;64355;
1759;Sugar;3;2.87;64355;
1759;Coffee;5;3.91;64355;
1760;Onions;1;4.51;94328;
1760;Potatoes;2;4.50;94328;
1760;Tomatoes;3;6.56;94328;
1760;Chicken;2;8.98;94328;
1760;Pasta;4;1.19;94328;
1761;Bread;3;7.61;82899;
1761;Tomatoes;3;2.76;82899;
1761;Coffee;2;6.12;82899;
1761;Butter;5;7.49;82899;
1761;Sugar;3;4.70;82899;
1761;Cheese;3;7.32;82899;
1761;Yogurt;1;9.22;82899;
1762;Milk;1;6.60;60688;
1762;Coffee;3;6.57;60688;
1762;Sugar;1;4.12;60688;
1762;Cereal;3;7.04;60688;
1762;Bread;4;4.04;60688;
1762;Bananas;4;3.03;60688;
1763;Tea;5;8.23;68520;
1763;Onions;3;7.87;68520;
1763;Tomatoes;1;1.72;68520;
1763;Butter;3;8.86;68520;
1763;Apples;4;4.93;68520;
1763;Bananas;5;2.75;68520;
1763;Yogurt;2;2.44;68520;
1764;Potatoes;3;8.27;77895;
1764;Tomatoes;4;1.33;77895;
1764;Onions;3;1.14;77895;
1765;Milk;3;4.41;19074;
1765;Apples;2;8.93;19074;
1765;Bananas;5;8.63;19074;
1765;Yogurt;5;1.72;19074;
1765;Sugar;5;6.22;19074;
1765;Tomatoes;4;6.24;19074;
1765;Onions;4;8.82;19074;
1765;Juice;3;3.33;19074;
1766;Bananas;3;7.15;75174;
1766;Oranges;5;5.21;75174;
1766;Juice;4;6.76;75174;
1766;Milk;2;2.05;75174;
1766;Cereal;4;5.55;75174;
1767;Juice;3;2.14;78311;
1767;Apples;4;1.39;78311;
1767;Sugar;1;6.40;78311;
1767;Bread;2;8.13;78311;
1767;Coffee;5;4.26;78311;
1767;Butter;4;4.00;78311;
1767;Cheese;5;6.10;78311;
1768;Pasta;2;5.64;88839;
1768;Coffee;5;6.40;88839;
1768;Bananas;2;5.59;88839;
1768;Yogurt;5;1.54;88839;
1768;Milk;1;1.51;88839;
1768;Cereal;5;2.70;88839;
1769;Apples;3;4.36;88405;
1769;Sugar;1;9.63;88405;
1769;Potatoes;5;3.29;88405;
1769;Bananas;3;9.67;88405;
1769;Yogurt;1;1.96;88405;
1769;Pasta;5;5.35;88405;
1770;Sugar;2;8.91;88104;
1770;Milk;4;6.65;88104;
1770;Coffee;1;3.01;88104;
1770;Oranges;4;3.66;88104;
1770;Chicken;4;6.38;88104;
1770;Apples;4;7.08;88104;
1770;Tea;1;6.78;88104;
1771;Sugar;3;8.94;64553;
1771;Bread;5;6.44;64553;
1771;Tomatoes;1;3.62;64553;
1771;Apples;1;1.39;64553;
1771;Pasta;5;3.89;64553;
1771;Cheese;3;6.91;64553;
1772;Yogurt;1;5.26;88625;
1772;Onions;1;2.49;88625;
1772;Chicken;2;1.52;88625;
1772;Potatoes;2;2.43;88625;
1772;Tea;5;4.55;88625;
1772;Juice;4;1.02;88625;
1772;Tomatoes;2;8.38;88625;
1773;Butter;4;5.25;61547;
1773;Coffee;4;8.35;61547;
1773;Chicken;4;2.94;61547;
1773;Milk;2;2.43;61547;
1773;Bananas;4;3.15;61547;
1773;Cereal;4;6.18;61547;
1774;Cheese;4;5.95;62037;
1774;Oranges;3;6.46;62037;
1774;Tomatoes;1;6.83;62037;
1774;Sugar;3;4.36;62037;
1774;Butter;3;2.03;62037;
1774;Pasta;5;7.93;62037;
1774;Eggs;5;4.13;62037;
1775;Milk;3;9.81;70942;
1775;Potatoes;5;5.29;70942;
1775;Bananas;5;4.00;70942;
1775;Cereal;5;7.89;70942;
1775;Cheese;4;5.64;70942;
1776;Tea;3;1.26;34458;
1776;Tomatoes;3;7.89;34458;
1776;Sugar;3;6.66;34458;
1776;Bananas;2;2.19;34458;
1776;Butter;3;8.34;34458;
1776;Yogurt;4;9.14;34458;
1776;Apples;3;1.36;34458;
1777;Cheese;5;8.08;67007;
1777;Coffee;1;4.18;67007;
1777;Pasta;3;2.96;67007;
1777;Bread;5;6.99;67007;
1777;Apples;3;1.74;67007;
1777;Yogurt;4;9.91;67007;
1777;Tomatoes;5;5.19;67007;
1777;Bananas;1;2.31;67007;
1778;Tomatoes;4;4.79;28012;
1778;Juice;1;1.33;28012;
1778;Pasta;4;1.83;28012;
1778;Oranges;1;9.11;28012;
1778;Butter;2;6.19;28012;
1778;Bread;3;9.38;28012;
1778;Cheese;2;9.12;28012;
1779;Tea;5;6.72;43019;
1779;Sugar;4;3.49;43019;
1779;Coffee;1;6.47;43019;
1780;Coffee;2;9.94;15367;
1780;Cheese;2;2.47;15367;
1780;Sugar;4;4.40;15367;
1780;Yogurt;1;7.03;15367;
1780;Milk;2;1.55;15367;
1780;Tomatoes;4;2.68;15367;
1780;Pasta;4;8.77;15367;
1780;Oranges;4;8.71;15367;
1781;Milk;1;3.81;92527;
1781;Bananas;3;5.48;92527;
1781;Oranges;2;2.35;92527;
1781;Tea;3;8.83;92527;
1781;Yogurt;3;7.03;92527;
1781;Eggs;5;2.02;92527;
1781;Cereal;4;7.41;92527;
1781;Onions;1;5.82;92527;
1782;Yogurt;2;7.56;81580;
1782;Bananas;1;2.96;81580;
1782;Chicken;1;9.20;81580;
1782;Apples;3;5.11;81580;
1783;Coffee;3;8.98;34062;
1783;Cereal;5;4.68;34062;
1783;Tea;4;3.32;34062;
1783;Chicken;5;9.21;34062;
1783;Sugar;1;6.53;34062;
1784;Potatoes;5;5.12;10340;
1784;Chicken;3;5.35;10340;
1784;Onions;2;2.10;10340;
1784;Sugar;5;3.47;10340;
1784;Tomatoes;5;8.62;10340;
1785;Bread;2;1.00;69661;
1785;Coffee;3;9.45;69661;
1785;Sugar;1;3.73;69661;
1785;Butter;3;7.54;69661;
1785;Oranges;2;5.63;69661;
1786;Yogurt;3;1.67;66362;
1786;Coffee;5;1.27;66362;
1786;Bananas;5;2.83;66362;
1786;Apples;2;3.89;66362;
1787;Sugar;4;3.76;16983;
1787;Tea;5;4.67;16983;
1787;Eggs;5;9.97;16983;
1787;Bread;1;8.69;16983;
1787;Tomatoes;1;7.35;16983;
1787;Chicken;1;2.35;16983;
1787;Coffee;4;8.76;16983;
1787;Oranges;1;1.27;16983;
1788;Sugar;2;2.29;16271;
1788;Potatoes;5;2.22;16271;
1788;Bread;5;5.09;16271;
1788;Apples;4;4.03;16271;
1788;Coffee;1;1.54;16271;
1788;Butter;5;8.54;16271;
1788;Chicken;5;3.42;16271;
1789;Tea;2;7.80;71818;
1789;Sugar;2;6.08;71818;
1789;Coffee;3;5.03;71818;
1790;Bananas;3;2.77;97126;
1790;Yogurt;1;1.95;97126;
1790;Onions;4;6.64;97126;
1790;Bread;5;2.76;97126;
1790;Cheese;5;2.13;97126;
1790;Apples;2;5.30;97126;
1790;Juice;1;7.10;97126;
1790;Milk;5;9.55;97126;
1791;Yogurt;3;1.73;77258;
1791;Apples;1;9.71;77258;
1791;Bananas;1;2.15;77258;
1792;Pasta;2;3.71;25983;
1792;Potatoes;5;5.67;25983;
1792;Butter;2;2.76;25983;
1792;Yogurt;1;2.73;25983;
1792;Coffee;3;5.06;25983;
1792;Onions;5;3.62;25983;
1792;Tomatoes;4;7.79;25983;
1792;Chicken;4;6.45;25983;
1793;Eggs;2;8.74;25753;
1793;Onions;4;7.97;25753;
1793;Yogurt;3;7.92;25753;
1793;Cereal;1;9.81;25753;
1793;Sugar;2;6.27;25753;
1793;Apples;2;9.51;25753;
1793;Milk;3;4.45;25753;
1793;Bananas;2;5.41;25753;
1794;Bananas;3;2.37;63519;
1794;Milk;2;3.25;63519;
1794;Oranges;4;3.13;63519;
1794;Cereal;5;1.98;63519;
1795;Tomatoes;2;3.02;17111;
1795;Potatoes;1;3.71;17111;
1795;Onions;5;5.33;17111;
1795;Chicken;2;3.89;17111;
1796;Pasta;4;5.90;78154;
1796;Juice;3;4.43;78154;
1796;Bread;2;9.89;78154;
1796;Apples;5;9.08;78154;
1796;Oranges;5;8.67;78154;
1796;Bananas;3;3.35;78154;
1797;Tomatoes;4;6.97;43796;
1797;Potatoes;1;1.59;43796;
1797;Onions;1;6.75;43796;
1798;Cereal;3;8.28;79942;
1798;Bananas;1;2.48;79942;
1798;Tomatoes;4;6.39;79942;
1798;Onions;1;3.28;79942;
1798;Sugar;3;4.25;79942;
1798;Apples;2;2.41;79942;
1798;Milk;2;7.73;79942;
1798;Cheese;4;5.28;79942;
1799;Coffee;3;9.59;33462;
1799;Potatoes;2;3.35;33462;
1799;Pasta;5;3.58;33462;
1799;Chicken;2;7.59;33462;
1799;Tomatoes;1;1.52;33462;
1799;Onions;1;6.11;33462;
1800;Onions;4;4.09;53254;
1800;Tomatoes;4;3.27;53254;
1800;Chicken;2;1.78;53254;
1800;Bread;2;8.42;53254;
1800;Butter;2;5.46;53254;
1800;Tea;3;1.89;53254;
1800;Potatoes;4;3.60;53254;
1801;Apples;5;7.28;17858;
1801;Bananas;2;2.73;17858;
1801;Oranges;1;7.55;17858;
1801;Cheese;4;9.48;17858;
1802;Tomatoes;1;1.40;96108;
1802;Pasta;5;3.88;96108;
1802;Cheese;3;6.87;96108;
1803;Chicken;5;9.22;17018;
1803;Tea;5;4.35;17018;
1803;Oranges;2;6.67;17018;
1803;Onions;4;4.20;17018;
1803;Cheese;2;2.27;17018;
1803;Bananas;3;1.25;17018;
1803;Tomatoes;5;4.35;17018;
1803;Pasta;4;8.09;17018;
1804;Cheese;5;2.18;81489;
1804;Eggs;1;5.29;81489;
1804;Butter;2;6.32;81489;
1804;Tomatoes;2;3.24;81489;
1804;Chicken;4;3.68;81489;
1804;Pasta;2;2.94;81489;
1804;Bananas;2;6.29;81489;
1805;Milk;5;7.48;14728;
1805;Cereal;4;6.26;14728;
1805;Bananas;3;2.82;14728;
1805;Bread;5;3.30;14728;
1806;Tea;1;9.26;74173;
1806;Sugar;3;3.08;74173;
1806;Coffee;1;8.72;74173;
1807;Apples;4;2.76;11726;
1807;Butter;2;8.89;11726;
1807;Oranges;5;7.45;11726;
1807;Bananas;1;9.15;11726;
1807;Milk;3;2.38;11726;
1807;Cheese;4;4.71;11726;
1808;Tea;4;5.10;49726;
1808;Sugar;5;2.31;49726;
1808;Coffee;5;8.12;49726;
1809;Chicken;1;1.22;12227;
1809;Onions;4;6.58;12227;
1809;Tomatoes;4;4.29;12227;
1809;Potatoes;2;9.02;12227;
1810;Cereal;5;2.81;47718;
1810;Bananas;4;3.47;47718;
1810;Onions;1;2.09;47718;
1810;Apples;3;7.85;47718;
1810;Oranges;3;1.43;47718;
1810;Eggs;5;8.50;47718;
1810;Butter;1;1.39;47718;
1811;Bread;5;3.29;95277;
1811;Butter;4;7.02;95277;
1811;Sugar;4;1.58;95277;
1811;Coffee;3;9.79;95277;
1812;Pasta;2;6.11;21533;
1812;Tea;3;1.57;21533;
1812;Oranges;5;6.08;21533;
1812;Eggs;5;4.76;21533;
1812;Tomatoes;4;4.53;21533;
1812;Cheese;1;3.85;21533;
1813;Coffee;2;2.84;39856;
1813;Butter;5;1.26;39856;
1813;Bread;4;8.43;39856;
1813;Sugar;2;9.35;39856;
1813;Chicken;1;7.20;39856;
1814;Tea;4;8.93;50873;
1814;Potatoes;2;4.28;50873;
1814;Pasta;3;9.04;50873;
1814;Cheese;4;5.27;50873;
1814;Tomatoes;3;4.27;50873;
1815;Apples;4;3.48;87825;
1815;Bananas;4;1.50;87825;
1815;Yogurt;1;8.81;87825;
1815;Bread;1;8.02;87825;
1816;Cheese;3;3.12;38763;
1816;Coffee;5;5.84;38763;
1816;Bread;4;6.42;38763;
1816;Tomatoes;2;5.85;38763;
1816;Pasta;2;4.84;38763;
1816;Potatoes;5;5.40;38763;
1817;Coffee;4;3.87;89210;
1817;Cheese;4;9.65;89210;
1817;Apples;3;3.62;89210;
1817;Tomatoes;2;3.42;89210;
1817;Cereal;3;4.25;89210;
1817;Juice;4;9.38;89210;
1817;Pasta;2;9.76;89210;
1818;Pasta;3;7.76;35963;
1818;Tomatoes;5;3.63;35963;
1818;Bananas;2;4.76;35963;
1818;Potatoes;1;8.40;35963;
1818;Apples;2;5.36;35963;
1818;Cheese;1;8.88;35963;
1818;Yogurt;2;9.16;35963;
1819;Pasta;3;7.53;20082;
1819;Cheese;4;6.84;20082;
1819;Eggs;4;5.27;20082;
1819;Juice;3;8.69;20082;
1819;Tomatoes;4;4.70;20082;
1819;Potatoes;5;1.51;20082;
1819;Cereal;2;6.32;20082;
1820;Apples;1;2.26;36912;
1820;Bread;5;1.06;36912;
1820;Juice;3;9.28;36912;
1820;Cheese;2;5.21;36912;
1820;Chicken;2;3.64;36912;
1820;Milk;2;6.70;36912;
1820;Cereal;5;4.76;36912;
1820;Bananas;4;7.45;36912;
1821;Tea;2;2.30;67536;
1821;Bananas;3;7.91;67536;
1821;Pasta;5;6.08;67536;
1821;Apples;2;2.11;67536;
1821;Bread;5;1.21;67536;
1821;Oranges;3;6.26;67536;
1822;Sugar;1;4.00;29881;
1822;Eggs;1;3.52;29881;
1822;Cereal;3;9.36;29881;
1822;Tea;4;3.71;29881;
1822;Tomatoes;3;8.56;29881;
1822;Milk;3;8.39;29881;
1822;Coffee;3;5.01;29881;
1823;Coffee;5;6.51;54438;
1823;Tomatoes;3;7.78;54438;
1823;Potatoes;4;3.27;54438;
1823;Chicken;3;5.43;54438;
1823;Pasta;3;2.77;54438;
1823;Eggs;3;5.38;54438;
1823;Onions;1;8.93;54438;
1823;Sugar;1;1.40;54438;
1824;Bread;5;3.71;81699;
1824;Butter;4;8.52;81699;
1824;Sugar;3;1.96;81699;
1824;Coffee;4;8.65;81699;
1824;Eggs;4;7.67;81699;
1824;Pasta;5;4.78;81699;
1824;Bananas;3;4.53;81699;
1825;Juice;1;3.80;57173;
1825;Tomatoes;2;5.88;57173;
1825;Pasta;3;6.39;57173;
1825;Cheese;5;2.57;57173;
1826;Milk;1;7.17;10294;
1826;Cereal;1;8.29;10294;
1826;Bananas;4;1.82;10294;
1826;Cheese;1;3.30;10294;
1826;Bread;3;2.88;10294;
1827;Bread;2;6.21;65654;
1827;Sugar;1;5.70;65654;
1827;Coffee;3;8.94;65654;
1828;Tomatoes;1;1.88;73577;
1828;Cheese;4;1.22;73577;
1828;Onions;2;9.00;73577;
1828;Pasta;4;7.66;73577;
1829;Butter;4;1.10;93793;
1829;Coffee;1;3.82;93793;
1829;Bread;1;1.95;93793;
1830;Tomatoes;3;1.44;70681;
1830;Coffee;1;5.21;70681;
1830;Tea;1;5.37;70681;
1830;Juice;4;5.66;70681;
1830;Cheese;2;6.47;70681;
1830;Cereal;5;6.48;70681;
1830;Bananas;3;4.10;70681;
1830;Sugar;2;2.74;70681;
1831;Milk;1;6.80;45136;
1831;Coffee;1;4.45;45136;
1831;Bananas;5;1.05;45136;
1831;Cereal;4;2.35;45136;
1831;Yogurt;3;9.42;45136;
1831;Sugar;1;8.34;45136;
1831;Apples;3;8.24;45136;
1831;Chicken;2;7.10;45136;
1832;Pasta;3;8.20;87534;
1832;Tomatoes;2;3.08;87534;
1832;Cheese;1;6.64;87534;
1833;Oranges;1;5.30;34219;
1833;Tea;3;1.70;34219;
1833;Bananas;4;6.45;34219;
1833;Apples;1;8.02;34219;
1834;Apples;4;9.26;78428;
1834;Bananas;1;8.41;78428;
1834;Oranges;1;3.08;78428;
1835;Cheese;4;1.79;22726;
1835;Cereal;4;3.96;22726;
1835;Yogurt;3;3.47;22726;
1835;Bananas;2;3.14;22726;
1835;Potatoes;1;4.93;22726;
1835;Sugar;1;3.19;22726;
1835;Juice;5;2.62;22726;
1835;Apples;5;1.77;22726;
1836;Milk;4;3.87;13131;
1836;Cheese;4;1.50;13131;
1836;Pasta;5;5.84;13131;
1836;Tomatoes;1;9.84;13131;
1837;Milk;5;9.94;80288;
1837;Bananas;1;2.75;80288;
1837;Tea;3;4.34;80288;
1837;Cereal;4;3.68;80288;
1838;Cheese;1;4.25;93822;
1838;Yogurt;2;5.34;93822;
1838;Pasta;3;6.77;93822;
1838;Sugar;1;8.59;93822;
1838;Tomatoes;3;1.99;93822;
1839;Tomatoes;4;1.88;91541;
1839;Coffee;2;1.72;91541;
1839;Sugar;1;2.89;91541;
1839;Bananas;2;3.41;91541;
1839;Potatoes;2;9.04;91541;
1839;Tea;2;6.83;91541;
1840;Juice;2;9.90;17324;
1840;Oranges;4;4.77;17324;
1840;Apples;2;5.02;17324;
1840;Bananas;2;8.45;17324;
1841;Cheese;5;1.10;76408;
1841;Tomatoes;1;2.35;76408;
1841;Pasta;5;9.95;76408;
1841;Cereal;1;3.94;76408;
1842;Coffee;4;6.00;80893;
1842;Bread;2;2.32;80893;
1842;Sugar;2;4.49;80893;
1842;Butter;1;1.13;80893;
1842;Apples;1;4.23;80893;
1843;Bread;3;1.40;11295;
1843;Coffee;5;8.64;11295;
1843;Sugar;1;1.23;11295;
1843;Butter;3;1.93;11295;
1843;Eggs;5;7.60;11295;
1844;Bread;4;7.60;70262;
1844;Sugar;2;5.75;70262;
1844;Coffee;5;9.72;70262;
1845;Tomatoes;1;2.72;94152;
1845;Cheese;3;6.17;94152;
1845;Pasta;1;2.44;94152;
1845;Juice;2;7.34;94152;
1846;Potatoes;2;4.36;11902;
1846;Onions;1;9.37;11902;
1846;Tomatoes;1;1.54;11902;
1846;Chicken;5;7.79;11902;
1847;Coffee;1;9.28;43598;
1847;Butter;4;1.93;43598;
1847;Oranges;5;1.65;43598;
1847;Sugar;2;1.55;43598;
1847;Tea;1;4.67;43598;
1848;Bananas;1;7.33;10907;
1848;Yogurt;2;2.63;10907;
1848;Apples;5;1.55;10907;
1849;Potatoes;5;3.73;96328;
1849;Milk;5;4.26;96328;
1849;Butter;2;6.95;96328;
1849;Juice;4;8.92;96328;
1849;Bananas;2;2.63;96328;
1849;Oranges;3;2.12;96328;
1849;Cereal;1;5.79;96328;
1849;Apples;2;7.17;96328;
1850;Sugar;3;8.21;64486;
1850;Juice;3;7.28;64486;
1850;Coffee;2;6.93;64486;
1850;Tea;4;2.79;64486;
1851;Tomatoes;3;4.31;23791;
1851;Onions;2;4.40;23791;
1851;Oranges;3;4.88;23791;
1851;Pasta;2;8.60;23791;
1851;Bananas;5;1.81;23791;
1851;Potatoes;4;1.71;23791;
1851;Chicken;3;1.27;23791;
1852;Butter;3;4.22;39971;
1852;Pasta;2;3.19;39971;
1852;Cheese;2;2.01;39971;
1852;Tomatoes;1;4.81;39971;
1853;Potatoes;5;3.03;88912;
1853;Tea;3;1.25;88912;
1853;Sugar;3;7.72;88912;
1853;Coffee;1;9.66;88912;
1854;Cereal;1;3.18;22815;
1854;Apples;1;2.77;22815;
1854;Oranges;2;4.58;22815;
1854;Bananas;3;9.15;22815;
1855;Potatoes;4;4.30;83361;
1855;Tomatoes;4;6.16;83361;
1855;Onions;1;7.14;83361;
1855;Chicken;1;1.69;83361;
1856;Tomatoes;5;8.85;58901;
1856;Cheese;4;7.17;58901;
1856;Sugar;4;5.94;58901;
1856;Pasta;4;4.02;58901;
1857;Apples;4;4.20;81550;
1857;Oranges;4;6.76;81550;
1857;Bananas;5;6.58;81550;
1857;Cereal;5;7.35;81550;
1857;Milk;2;8.48;81550;
1858;Oranges;5;5.23;46524;
1858;Coffee;3;7.25;46524;
1858;Potatoes;1;4.25;46524;
1858;Tea;1;9.35;46524;
1858;Sugar;1;8.08;46524;
1859;Coffee;5;7.09;89393;
1859;Butter;1;2.85;89393;
1859;Bread;3;4.33;89393;
1859;Sugar;2;7.45;89393;
1860;Tomatoes;5;1.55;79301;
1860;Cheese;2;2.21;79301;
1860;Bread;1;7.68;79301;
1860;Pasta;4;3.19;79301;
1860;Chicken;5;4.79;79301;
1860;Bananas;2;5.44;79301;
1861;Yogurt;4;1.40;45538;
1861;Coffee;1;4.21;45538;
1861;Sugar;4;1.25;45538;
1861;Tea;5;9.05;45538;
1862;Apples;4;3.74;84970;
1862;Sugar;1;3.75;84970;
1862;Tea;1;9.35;84970;
1862;Cereal;3;4.16;84970;
1862;Coffee;1;1.46;84970;
1862;Onions;1;9.55;84970;
1863;Butter;4;4.31;47194;
1863;Oranges;4;3.47;47194;
1863;Bananas;5;1.40;47194;
1863;Cheese;5;2.88;47194;
1863;Apples;4;3.07;47194;
1863;Sugar;3;6.75;47194;
1864;Cheese;2;3.73;87498;
1864;Tomatoes;5;1.69;87498;
1864;Pasta;4;2.44;87498;
1864;Potatoes;3;3.07;87498;
1864;Yogurt;5;3.05;87498;
1865;Onions;2;5.20;64565;
1865;Potatoes;3;9.84;64565;
1865;Chicken;4;2.42;64565;
1865;Yogurt;5;7.51;64565;
1865;Tomatoes;3;6.51;64565;
1865;Tea;4;3.67;64565;
1866;Chicken;4;6.23;24243;
1866;Coffee;1;4.74;24243;
1866;Sugar;1;7.43;24243;
1866;Milk;5;9.03;24243;
1866;Oranges;1;2.56;24243;
1866;Juice;5;1.60;24243;
1866;Tea;4;2.29;24243;
1867;Chicken;3;8.53;88006;
1867;Tea;3;1.15;88006;
1867;Coffee;5;3.46;88006;
1867;Tomatoes;3;1.41;88006;
1867;Sugar;1;8.44;88006;
1867;Juice;4;2.72;88006;
1868;Tomatoes;5;5.89;55318;
1868;Cereal;5;6.29;55318;
1868;Milk;1;2.80;55318;
1868;Butter;4;7.32;55318;
1868;Onions;2;3.45;55318;
1868;Bananas;4;6.65;55318;
1869;Butter;4;8.92;75549;
1869;Coffee;2;9.91;75549;
1869;Milk;4;7.15;75549;
1869;Bananas;2;3.85;75549;
1869;Oranges;3;3.42;75549;
1869;Cereal;1;3.03;75549;
1870;Cheese;1;4.17;59702;
1870;Bananas;5;7.79;59702;
1870;Tomatoes;4;1.17;59702;
1870;Coffee;4;6.24;59702;
1870;Cereal;3;7.82;59702;
1870;Juice;4;1.38;59702;
1870;Apples;2;6.76;59702;
1870;Pasta;1;7.27;59702;
1871;Cheese;5;1.41;41240;
1871;Bananas;1;3.47;41240;
1871;Cereal;3;5.21;41240;
1871;Milk;1;8.07;41240;
1871;Pasta;2;9.52;41240;
1871;Yogurt;4;5.47;41240;
1872;Milk;3;9.55;22292;
1872;Bread;3;5.27;22292;
1872;Coffee;5;9.57;22292;
1872;Butter;1;5.93;22292;
1872;Sugar;1;3.99;22292;
1872;Onions;2;5.11;22292;
1873;Bananas;5;2.14;56907;
1873;Cheese;2;7.14;56907;
1873;Tea;4;8.45;56907;
1873;Bread;2;2.79;56907;
1873;Apples;2;2.19;56907;
1873;Cereal;5;8.78;56907;
1873;Milk;2;7.61;56907;
1874;Sugar;4;9.19;67805;
1874;Cereal;2;1.01;67805;
1874;Apples;2;1.48;67805;
1874;Bananas;5;1.28;67805;
1874;Yogurt;4;2.22;67805;
1875;Bread;4;3.42;76614;
1875;Tomatoes;4;2.72;76614;
1875;Onions;1;1.71;76614;
1875;Chicken;5;5.35;76614;
1875;Sugar;1;6.99;76614;
1875;Coffee;4;3.32;76614;
1875;Butter;2;1.79;76614;
1875;Oranges;5;1.10;76614;
1876;Tomatoes;1;5.44;17154;
1876;Cheese;5;5.51;17154;
1876;Pasta;2;6.35;17154;
1877;Apples;4;4.79;16203;
1877;Bananas;3;8.99;16203;
1877;Potatoes;4;5.32;16203;
1877;Bread;1;4.05;16203;
1877;Yogurt;2;2.99;16203;
1877;Chicken;4;7.61;16203;
1877;Oranges;5;4.58;16203;
1878;Pasta;4;3.71;27927;
1878;Cheese;2;3.03;27927;
1878;Tomatoes;5;4.86;27927;
1878;Sugar;5;5.09;27927;
1878;Bananas;4;7.05;27927;
1878;Oranges;2;3.00;27927;
1878;Milk;3;6.16;27927;
1879;Sugar;4;4.36;58345;
1879;Oranges;3;7.62;58345;
1879;Tea;2;1.07;58345;
1879;Coffee;5;5.35;58345;
1880;Bananas;2;1.83;10203;
1880;Yogurt;5;8.56;10203;
1880;Pasta;2;4.46;10203;
1880;Onions;1;1.83;10203;
1880;Apples;3;7.94;10203;
1881;Coffee;3;8.37;10920;
1881;Juice;3;6.90;10920;
1881;Apples;1;8.54;10920;
1881;Cereal;2;3.32;10920;
1881;Butter;4;9.48;10920;
1881;Yogurt;5;5.42;10920;
1881;Bananas;2;1.94;10920;
1881;Chicken;3;5.90;10920;
1882;Yogurt;4;4.94;19904;
1882;Oranges;1;2.37;19904;
1882;Pasta;2;4.85;19904;
1882;Sugar;2;1.38;19904;
1882;Chicken;2;2.69;19904;
1882;Bananas;1;7.94;19904;
1882;Apples;2;2.16;19904;
1882;Onions;2;7.06;19904;
1883;Coffee;2;3.78;80651;
1883;Potatoes;1;6.80;80651;
1883;Sugar;4;2.88;80651;
1883;Cheese;5;6.43;80651;
1883;Tea;1;6.23;80651;
1884;Eggs;2;7.90;28824;
1884;Onions;1;8.12;28824;
1884;Sugar;1;4.64;28824;
1884;Coffee;5;6.11;28824;
1884;Bananas;1;8.80;28824;
1884;Apples;1;6.06;28824;
1884;Oranges;4;7.39;28824;
1885;Chicken;2;5.69;18416;
1885;Tomatoes;1;8.89;18416;
1885;Potatoes;1;7.32;18416;
1885;Cereal;1;9.54;18416;
1885;Coffee;2;2.52;18416;
1885;Onions;1;5.76;18416;
1885;Bananas;2;4.52;18416;
1886;Pasta;2;8.18;49789;
1886;Sugar;1;7.07;49789;
1886;Cereal;4;8.34;49789;
1886;Tea;2;3.43;49789;
1886;Bread;1;9.58;49789;
1886;Coffee;2;7.22;49789;
1887;Sugar;3;3.24;53481;
1887;Tomatoes;5;9.44;53481;
1887;Tea;5;7.82;53481;
1887;Juice;5;3.74;53481;
1887;Coffee;5;2.93;53481;
1887;Yogurt;3;6.27;53481;
1888;Tomatoes;1;2.49;43614;
1888;Potatoes;1;6.30;43614;
1888;Apples;2;4.01;43614;
1888;Cheese;2;3.49;43614;
1888;Yogurt;3;1.01;43614;
1888;Onions;1;5.62;43614;
1888;Chicken;5;1.12;43614;
1888;Bananas;2;3.00;43614;
1889;Potatoes;1;1.40;23106;
1889;Tomatoes;4;9.98;23106;
1889;Onions;4;8.44;23106;
1889;Tea;1;3.29;23106;
1889;Sugar;2;7.83;23106;
1889;Yogurt;5;7.17;23106;
1889;Coffee;3;7.87;23106;
1890;Milk;2;5.95;33537;
1890;Cereal;3;3.32;33537;
1890;Potatoes;3;4.48;33537;
1890;Bananas;2;3.05;33537;
1890;Sugar;1;7.15;33537;
1891;Sugar;5;2.61;16711;
1891;Eggs;3;1.77;16711;
1891;Tea;1;6.90;16711;
1891;Coffee;1;1.80;16711;
1892;Yogurt;2;8.73;80784;
1892;Tomatoes;2;4.28;80784;
1892;Onions;2;2.24;80784;
1892;Butter;2;9.73;80784;
1892;Potatoes;1;7.87;80784;
1892;Bananas;5;7.81;80784;
1892;Chicken;5;5.13;80784;
1893;Sugar;4;1.70;27721;
1893;Butter;4;9.34;27721;
1893;Bread;4;2.40;27721;
1894;Butter;5;7.91;79406;
1894;Apples;2;7.55;79406;
1894;Tomatoes;2;8.65;79406;
1894;Potatoes;2;7.11;79406;
1894;Bananas;4;1.01;79406;
1894;Cheese;5;2.20;79406;
1894;Sugar;2;1.69;79406;
1894;Pasta;3;4.64;79406;
1895;Tea;4;5.68;90124;
1895;Eggs;5;9.66;90124;
1895;Coffee;1;8.28;90124;
1895;Sugar;4;9.34;90124;
1895;Butter;2;5.28;90124;
1896;Onions;5;4.76;34497;
1896;Eggs;4;8.34;34497;
1896;Potatoes;4;4.72;34497;
1896;Oranges;2;5.17;34497;
1896;Butter;5;2.06;34497;
1896;Chicken;4;1.40;34497;
1896;Juice;4;6.66;34497;
1896;Tomatoes;3;7.82;34497;
1897;Apples;1;4.91;49707;
1897;Yogurt;1;8.27;49707;
1897;Bananas;1;9.38;49707;
1898;Butter;3;5.97;59037;
1898;Tea;3;9.38;59037;
1898;Coffee;5;7.47;59037;
1898;Sugar;1;9.94;59037;
1898;Potatoes;2;5.02;59037;
1898;Eggs;2;9.36;59037;
1898;Yogurt;1;4.11;59037;
1899;Milk;5;3.40;15761;
1899;Onions;3;3.75;15761;
1899;Cheese;5;4.96;15761;
1899;Butter;2;4.07;15761;
1899;Cereal;2;7.18;15761;
1899;Bananas;4;2.64;15761;
1900;Onions;1;9.55;10400;
1900;Apples;5;8.86;10400;
1900;Cheese;1;5.09;10400;
1900;Chicken;2;6.25;10400;
1900;Oranges;1;1.10;10400;
1900;Bananas;1;1.13;10400;
1900;Juice;2;8.04;10400;
1901;Eggs;4;7.94;10055;
1901;Butter;4;6.38;10055;
1901;Apples;5;1.61;10055;
1901;Bananas;4;2.62;10055;
1901;Yogurt;3;4.64;10055;
1901;Potatoes;2;6.90;10055;
1902;Apples;2;5.10;21047;
1902;Milk;5;4.12;21047;
1902;Yogurt;3;4.39;21047;
1902;Tomatoes;1;8.54;21047;
1902;Bananas;2;2.41;21047;
1903;Potatoes;3;7.18;49023;
1903;Onions;4;7.46;49023;
1903;Coffee;2;5.25;49023;
1903;Tea;4;9.75;49023;
1903;Apples;3;9.48;49023;
1903;Bananas;4;4.71;49023;
1903;Yogurt;1;1.63;49023;
1904;Tomatoes;5;5.95;15828;
1904;Tea;3;2.34;15828;
1904;Potatoes;5;5.67;15828;
1904;Cheese;1;4.53;15828;
1904;Pasta;2;6.86;15828;
1905;Bananas;1;3.51;19204;
1905;Apples;2;6.80;19204;
1905;Yogurt;1;8.72;19204;
1906;Bread;1;5.88;18190;
1906;Coffee;5;5.77;18190;
1906;Butter;5;6.68;18190;
1906;Sugar;5;1.30;18190;
1907;Chicken;1;6.28;22964;
1907;Cheese;5;8.90;22964;
1907;Tomatoes;2;3.68;22964;
1907;Pasta;3;8.27;22964;
1907;Bread;4;3.87;22964;
1907;Juice;3;8.04;22964;
1907;Coffee;4;5.24;22964;
1908;Oranges;3;3.00;58520;
1908;Pasta;2;7.83;58520;
1908;Onions;3;9.68;58520;
1908;Apples;5;4.70;58520;
1908;Yogurt;4;4.80;58520;
1908;Bananas;5;9.73;58520;
1909;Apples;5;3.94;23908;
1909;Oranges;4;1.81;23908;
1909;Tea;3;6.22;23908;
1909;Chicken;3;9.45;23908;
1909;Bananas;4;1.96;23908;
1910;Chicken;2;7.65;28221;
1910;Yogurt;3;8.10;28221;
1910;Onions;2;6.43;28221;
1910;Tomatoes;4;1.36;28221;
1910;Potatoes;1;4.55;28221;
1911;Bananas;5;9.58;74546;
1911;Cereal;5;6.21;74546;
1911;Milk;4;5.28;74546;
1912;Apples;5;2.23;22608;
1912;Cereal;2;9.38;22608;
1912;Tomatoes;1;3.88;22608;
1912;Eggs;5;1.64;22608;
1912;Pasta;4;4.42;22608;
1912;Cheese;5;4.05;22608;
1913;Onions;3;9.21;16872;
1913;Bananas;3;4.14;16872;
1913;Cereal;3;9.96;16872;
1913;Milk;5;4.96;16872;
1913;Oranges;4;2.25;16872;
1913;Butter;5;3.23;16872;
1914;Cheese;2;1.08;62460;
1914;Tomatoes;1;2.37;62460;
1914;Cereal;3;9.28;62460;
1914;Coffee;5;6.61;62460;
1914;Bread;4;8.97;62460;
1914;Pasta;4;9.71;62460;
1915;Oranges;5;5.70;56438;
1915;Juice;2;9.39;56438;
1915;Butter;4;9.01;56438;
1915;Bread;5;1.53;56438;
1915;Apples;2;4.78;56438;
1915;Bananas;1;1.70;56438;
1916;Oranges;4;1.84;90867;
1916;Apples;1;8.14;90867;
1916;Bananas;4;5.50;90867;
1916;Potatoes;5;9.09;90867;
1917;Potatoes;1;4.02;47987;
1917;Butter;5;2.83;47987;
1917;Sugar;4;8.18;47987;
1917;Cereal;4;6.16;47987;
1917;Tomatoes;3;4.15;47987;
1917;Milk;5;4.72;47987;
1917;Bananas;1;7.06;47987;
1917;Pasta;2;1.75;47987;
1918;Milk;3;9.78;21976;
1918;Cereal;2;3.63;21976;
1918;Bananas;2;9.52;21976;
1918;Onions;1;3.22;21976;
1919;Apples;2;5.72;87296;
1919;Oranges;5;3.68;87296;
1919;Bananas;1;6.55;87296;
1919;Yogurt;5;2.03;87296;
1920;Chicken;5;9.16;15898;
1920;Potatoes;5;3.29;15898;
1920;Onions;1;7.88;15898;
1920;Oranges;1;2.70;15898;
1920;Sugar;3;8.67;15898;
1920;Tomatoes;2;8.89;15898;
1921;Milk;4;5.03;40818;
1921;Eggs;1;2.13;40818;
1921;Butter;5;5.91;40818;
1921;Juice;2;8.01;40818;
1921;Sugar;3;8.54;40818;
1921;Coffee;1;9.23;40818;
1921;Tea;2;4.19;40818;
1922;Chicken;5;8.00;10934;
1922;Yogurt;5;6.87;10934;
1922;Sugar;4;6.03;10934;
1922;Juice;3;8.04;10934;
1922;Bananas;1;8.27;10934;
1922;Apples;3;3.91;10934;
1922;Cereal;4;5.09;10934;
1922;Pasta;2;5.80;10934;
1923;Tea;5;4.76;79639;
1923;Oranges;5;2.66;79639;
1923;Yogurt;3;3.93;79639;
1923;Chicken;3;2.46;79639;
1923;Bananas;1;1.19;79639;
1923;Apples;2;8.75;79639;
1923;Tomatoes;4;1.92;79639;
1923;Onions;1;7.35;79639;
1924;Pasta;2;5.64;48507;
1924;Cheese;4;5.72;48507;
1924;Milk;1;1.72;48507;
1924;Tomatoes;5;9.06;48507;
1925;Cereal;5;5.58;95058;
1925;Bread;1;9.44;95058;
1925;Sugar;3;1.55;95058;
1925;Chicken;4;1.45;95058;
1925;Butter;2;8.47;95058;
1925;Potatoes;2;3.55;95058;
1925;Tea;5;9.00;95058;
1925;Coffee;5;3.34;95058;
1926;Tomatoes;3;5.60;17706;
1926;Chicken;4;2.90;17706;
1926;Onions;1;3.82;17706;
1926;Potatoes;4;7.45;17706;
1926;Oranges;5;1.19;17706;
1926;Cheese;1;1.76;17706;
1927;Oranges;3;5.26;63065;
1927;Bananas;3;2.07;63065;
1927;Milk;4;4.01;63065;
1927;Cereal;4;1.69;63065;
1927;Onions;1;1.88;63065;
1928;Apples;1;5.51;27037;
1928;Bananas;3;7.87;27037;
1928;Oranges;2;8.23;27037;
1928;Chicken;4;9.00;27037;
1928;Pasta;1;7.09;27037;
1929;Bananas;2;7.07;31962;
1929;Apples;2;1.27;31962;
1929;Yogurt;1;3.49;31962;
1929;Milk;5;5.19;31962;
1930;Bread;5;5.31;13894;
1930;Butter;1;4.29;13894;
1930;Coffee;4;2.02;13894;
1931;Apples;5;1.57;73855;
1931;Tomatoes;4;7.19;73855;
1931;Pasta;2;3.92;73855;
1931;Cheese;3;6.98;73855;
1932;Tomatoes;4;1.03;95956;
1932;Coffee;4;7.39;95956;
1932;Bread;5;6.11;95956;
1932;Onions;3;7.35;95956;
1932;Potatoes;2;9.47;95956;
1932;Juice;4;1.85;95956;
1932;Chicken;5;8.52;95956;
1932;Eggs;2;2.96;95956;
1933;Milk;2;2.83;20358;
1933;Bananas;3;9.33;20358;
1933;Cereal;4;6.05;20358;
1933;Apples;2;2.16;20358;
1934;Potatoes;4;6.12;78897;
1934;Tomatoes;3;1.29;78897;
1934;Juice;5;3.78;78897;
1934;Pasta;4;6.57;78897;
1934;Onions;5;2.00;78897;
1934;Chicken;2;8.62;78897;
1935;Tea;3;2.17;44417;
1935;Cheese;3;4.27;44417;
1935;Apples;1;9.24;44417;
1935;Cereal;2;6.24;44417;
1935;Bananas;3;8.58;44417;
1935;Oranges;2;2.82;44417;
1935;Yogurt;3;8.72;44417;
1936;Butter;5;9.32;44102;
1936;Yogurt;2;2.61;44102;
1936;Potatoes;4;3.32;44102;
1936;Milk;4;3.28;44102;
1936;Eggs;4;2.07;44102;
1936;Chicken;4;7.21;44102;
1936;Cereal;5;4.41;44102;
1936;Bananas;5;9.90;44102;
1937;Tea;2;5.74;61815;
1937;Tomatoes;3;9.16;61815;
1937;Coffee;3;1.05;61815;
1937;Sugar;4;4.00;61815;
1938;Tea;2;9.85;94785;
1938;Apples;4;7.92;94785;
1938;Tomatoes;4;2.00;94785;
1938;Onions;4;6.62;94785;
1938;Sugar;3;7.14;94785;
1938;Butter;1;4.33;94785;
1938;Cereal;5;4.19;94785;
1938;Coffee;3;6.64;94785;
1939;Pasta;2;7.52;38249;
1939;Onions;4;1.80;38249;
1939;Cheese;5;2.73;38249;
1939;Tomatoes;4;9.42;38249;
1940;Apples;2;6.20;57387;
1940;Oranges;2;2.29;57387;
1940;Bananas;5;9.32;57387;
1940;Eggs;3;1.38;57387;
1941;Eggs;4;4.17;21023;
1941;Chicken;5;1.06;21023;
1941;Sugar;4;2.97;21023;
1941;Yogurt;2;1.50;21023;
1941;Butter;5;9.66;21023;
1941;Coffee;5;3.90;21023;
1941;Bread;1;2.27;21023;
1942;Tomatoes;4;9.41;57811;
1942;Potatoes;5;9.53;57811;
1942;Bread;3;2.01;57811;
1942;Bananas;2;3.90;57811;
1942;Oranges;1;4.16;57811;
1942;Pasta;3;7.14;57811;
1942;Cheese;4;1.24;57811;
1942;Coffee;4;8.80;57811;
1943;Chicken;2;4.84;90621;
1943;Potatoes;1;7.83;90621;
1943;Onions;3;5.60;90621;
1944;Bread;3;8.51;51765;
1944;Bananas;5;2.84;51765;
1944;Cereal;4;7.09;51765;
1944;Milk;1;3.07;51765;
1944;Butter;4;7.71;51765;
1945;Tomatoes;2;1.34;99702;
1945;Coffee;2;5.38;99702;
1945;Cereal;3;2.70;99702;
1945;Chicken;1;1.23;99702;
1945;Bananas;4;8.43;99702;
1945;Milk;2;8.20;99702;
1945;Onions;2;8.16;99702;
1945;Sugar;5;2.51;99702;
1946;Yogurt;5;4.92;68652;
1946;Apples;4;1.05;68652;
1946;Cereal;3;4.54;68652;
1946;Bananas;3;4.32;68652;
1946;Coffee;4;2.31;68652;
1946;Oranges;4;4.51;68652;
1947;Sugar;1;8.64;93242;
1947;Bread;1;1.98;93242;
1947;Butter;3;2.11;93242;
1947;Coffee;1;2.38;93242;
1948;Sugar;1;1.20;74530;
1948;Pasta;4;2.27;74530;
1948;Apples;2;4.75;74530;
1948;Bread;5;8.63;74530;
1948;Oranges;3;7.53;74530;
1948;Potatoes;1;7.18;74530;
1948;Onions;5;5.99;74530;
1948;Bananas;1;4.98;74530;
1949;Tea;2;2.68;67737;
1949;Apples;1;8.49;67737;
1949;Sugar;4;2.48;67737;
1949;Coffee;3;1.73;67737;
1950;Onions;5;4.88;91995;
1950;Cereal;3;9.17;91995;
1950;Chicken;1;8.94;91995;
1950;Tomatoes;5;2.32;91995;
1950;Potatoes;1;6.44;91995;
1951;Apples;2;7.07;39970;
1951;Bananas;1;9.27;39970;
1951;Milk;5;1.28;39970;
1951;Pasta;2;2.37;39970;
1951;Cereal;1;1.24;39970;
1952;Bananas;2;8.89;61100;
1952;Bread;2;6.13;61100;
1952;Cereal;3;8.84;61100;
1952;Milk;4;6.27;61100;
1953;Tomatoes;1;7.85;44463;
1953;Cereal;1;7.22;44463;
1953;Yogurt;3;7.24;44463;
1953;Pasta;2;4.38;44463;
1953;Potatoes;5;7.03;44463;
1953;Chicken;4;9.20;44463;
1953;Onions;1;7.66;44463;
1953;Oranges;1;5.43;44463;
1954;Oranges;3;9.92;38405;
1954;Sugar;2;4.14;38405;
1954;Coffee;4;6.99;38405;
1954;Tea;5;5.39;38405;
1955;Apples;2;7.69;19208;
1955;Oranges;5;5.75;19208;
1955;Pasta;2;9.06;19208;
1955;Bananas;3;6.27;19208;
1956;Milk;4;1.86;30904;
1956;Yogurt;5;9.86;30904;
1956;Bananas;1;2.87;30904;
1956;Cereal;5;5.29;30904;
1956;Oranges;2;8.33;30904;
1957;Sugar;1;1.36;23355;
1957;Coffee;3;9.16;23355;
1957;Bread;1;3.34;23355;
1958;Onions;5;8.74;49350;
1958;Potatoes;2;7.50;49350;
1958;Tomatoes;3;8.13;49350;
1958;Coffee;1;2.00;49350;
1958;Chicken;5;9.59;49350;
1959;Oranges;4;5.91;48125;
1959;Pasta;5;8.85;48125;
1959;Apples;1;7.54;48125;
1959;Bananas;4;2.95;48125;
1959;Onions;2;8.09;48125;
1960;Pasta;5;1.35;56960;
1960;Bananas;2;8.57;56960;
1960;Butter;4;7.91;56960;
1960;Cereal;3;7.33;56960;
1960;Milk;3;8.04;56960;
1961;Potatoes;5;5.99;25822;
1961;Yogurt;3;4.09;25822;
1961;Oranges;2;1.51;25822;
1961;Sugar;1;8.64;25822;
1961;Pasta;3;1.04;25822;
1961;Cheese;5;4.57;25822;
1961;Tomatoes;4;9.72;25822;
1962;Apples;1;4.63;55730;
1962;Yogurt;2;9.19;55730;
1962;Bananas;2;4.21;55730;
1962;Oranges;3;6.85;55730;
1962;Tea;1;9.61;55730;
1962;Milk;1;6.85;55730;
1963;Yogurt;1;6.38;14928;
1963;Milk;3;1.55;14928;
1963;Bananas;4;5.48;14928;
1963;Cereal;1;1.94;14928;
1964;Coffee;3;1.44;61048;
1964;Bread;3;5.66;61048;
1964;Butter;1;1.21;61048;
1965;Sugar;2;8.27;99641;
1965;Butter;3;6.54;99641;
1965;Coffee;4;5.46;99641;
1965;Bread;2;6.36;99641;
1965;Apples;2;2.95;99641;
1966;Bananas;1;9.64;69808;
1966;Apples;5;7.25;69808;
1966;Oranges;5;7.78;69808;
1967;Onions;3;6.58;11967;
1967;Eggs;4;9.90;11967;
1967;Sugar;1;4.91;11967;
1967;Apples;3;4.14;11967;
1967;Potatoes;3;2.37;11967;
1967;Tomatoes;5;5.74;11967;
1967;Chicken;2;9.88;11967;
1967;Juice;1;6.58;11967;
1968;Tomatoes;5;5.25;98352;
1968;Onions;5;6.48;98352;
1968;Chicken;1;7.04;98352;
1968;Potatoes;1;6.78;98352;
1968;Tea;1;6.13;98352;
1969;Bananas;4;8.01;63430;
1969;Cheese;3;3.60;63430;
1969;Sugar;4;9.79;63430;
1969;Potatoes;4;5.46;63430;
1969;Coffee;5;1.90;63430;
1969;Tea;1;5.95;63430;
1969;Butter;4;2.34;63430;
1970;Potatoes;1;4.21;98212;
1970;Bananas;3;8.69;98212;
1970;Oranges;3;4.33;98212;
1970;Apples;1;3.01;98212;
1970;Cereal;5;7.39;98212;
1971;Onions;5;9.73;99193;
1971;Yogurt;2;8.18;99193;
1971;Potatoes;3;4.17;99193;
1971;Tomatoes;3;5.47;99193;
1971;Chicken;1;2.64;99193;
1972;Juice;4;6.41;98592;
1972;Oranges;1;7.32;98592;
1972;Apples;3;7.17;98592;
1972;Yogurt;4;5.34;98592;
1972;Bananas;1;3.06;98592;
1973;Bananas;3;3.96;33873;
1973;Pasta;1;5.79;33873;
1973;Tea;5;5.93;33873;
1973;Coffee;4;9.19;33873;
1973;Apples;1;3.80;33873;
1973;Bread;4;1.28;33873;
1973;Milk;2;4.37;33873;
1973;Sugar;1;3.53;33873;
1974;Juice;5;4.85;92413;
1974;Apples;4;5.62;92413;
1974;Oranges;5;4.31;92413;
1974;Cheese;5;9.51;92413;
1974;Coffee;5;2.41;92413;
1974;Yogurt;2;5.95;92413;
1974;Bananas;5;9.03;92413;
1974;Onions;3;1.88;92413;
1975;Milk;2;7.17;91140;
1975;Bananas;4;3.51;91140;
1975;Cereal;5;9.55;91140;
1976;Tomatoes;4;8.04;95993;
1976;Cheese;5;9.90;95993;
1976;Chicken;2;6.04;95993;
1976;Eggs;4;7.82;95993;
1976;Onions;1;4.90;95993;
1976;Pasta;5;4.44;95993;
1977;Juice;4;6.06;86404;
1977;Yogurt;4;9.74;86404;
1977;Bananas;1;4.43;86404;
1977;Apples;1;7.25;86404;
1977;Potatoes;2;3.06;86404;
1977;Pasta;4;3.68;86404;
1977;Milk;2;2.17;86404;
1978;Butter;3;1.74;40854;
1978;Pasta;2;6.18;40854;
1978;Tomatoes;3;3.08;40854;
1978;Cheese;2;9.70;40854;
1979;Sugar;4;2.49;72782;
1979;Coffee;4;6.54;72782;
1979;Butter;4;4.65;72782;
1980;Chicken;5;6.49;33788;
1980;Onions;2;6.09;33788;
1980;Potatoes;1;4.52;33788;
1980;Tomatoes;2;3.99;33788;
1981;Potatoes;2;1.11;89933;
1981;Pasta;4;8.97;89933;
1981;Chicken;3;2.93;89933;
1981;Onions;1;6.90;89933;
1981;Cheese;4;7.91;89933;
1981;Juice;1;9.90;89933;
1981;Tomatoes;1;8.68;89933;
1981;Milk;3;4.13;89933;
1982;Juice;5;8.30;19139;
1982;Yogurt;5;5.79;19139;
1982;Oranges;3;1.50;19139;
1982;Apples;4;4.98;19139;
1982;Bananas;1;6.76;19139;
1982;Sugar;3;4.08;19139;
1982;Milk;1;2.77;19139;
1982;Cheese;1;4.50;19139;
1983;Potatoes;3;3.40;99431;
1983;Apples;2;3.02;99431;
1983;Yogurt;3;9.43;99431;
1983;Bananas;5;8.47;99431;
1983;Oranges;3;4.52;99431;
1983;Sugar;1;3.65;99431;
1983;Eggs;4;2.51;99431;
1984;Pasta;4;8.80;32984;
1984;Butter;1;1.98;32984;
1984;Cereal;3;6.13;32984;
1984;Onions;4;4.09;32984;
1984;Cheese;4;1.62;32984;
1984;Sugar;2;6.17;32984;
1984;Tomatoes;1;3.38;32984;
1985;Tomatoes;4;9.01;98422;
1985;Sugar;2;8.35;98422;
1985;Coffee;4;9.96;98422;
1985;Tea;1;2.10;98422;
1985;Milk;1;5.80;98422;
1985;Apples;4;8.02;98422;
1985;Onions;3;9.79;98422;
1986;Bread;2;2.61;61221;
1986;Coffee;3;5.89;61221;
1986;Pasta;3;9.39;61221;
1986;Butter;4;8.81;61221;
1986;Sugar;5;1.74;61221;
1987;Onions;3;5.05;37531;
1987;Butter;4;6.30;37531;
1987;Chicken;1;5.90;37531;
1987;Potatoes;3;4.17;37531;
1987;Cheese;5;7.36;37531;
1987;Tomatoes;4;6.12;37531;
1987;Milk;2;3.59;37531;
1988;Sugar;4;6.22;83082;
1988;Onions;4;3.38;83082;
1988;Coffee;3;1.30;83082;
1988;Oranges;5;1.34;83082;
1988;Tea;1;3.87;83082;
1988;Potatoes;3;5.66;83082;
1989;Onions;2;2.88;89994;
1989;Chicken;5;5.38;89994;
1989;Milk;2;4.32;89994;
1989;Cheese;5;1.90;89994;
1989;Butter;1;1.95;89994;
1989;Tomatoes;5;7.09;89994;
1989;Pasta;3;7.10;89994;
1989;Juice;4;4.75;89994;
1990;Butter;3;5.62;63677;
1990;Bananas;3;7.31;63677;
1990;Milk;2;2.66;63677;
1990;Yogurt;3;7.51;63677;
1990;Juice;1;9.24;63677;
1990;Apples;1;3.56;63677;
1990;Chicken;5;8.14;63677;
1990;Onions;1;8.42;63677;
1991;Bananas;3;1.37;54092;
1991;Apples;4;7.16;54092;
1991;Tea;4;7.83;54092;
1991;Yogurt;1;3.60;54092;
1992;Cereal;5;5.30;95628;
1992;Yogurt;2;5.77;95628;
1992;Apples;4;4.90;95628;
1992;Sugar;5;3.18;95628;
1992;Bread;4;3.00;95628;
1992;Bananas;2;8.14;95628;
1992;Butter;4;8.58;95628;
1992;Juice;1;5.49;95628;
1993;Cereal;5;4.43;23575;
1993;Chicken;5;3.81;23575;
1993;Milk;5;9.99;23575;
1993;Bananas;2;6.42;23575;
1993;Oranges;5;9.20;23575;
1994;Bananas;3;4.83;75666;
1994;Milk;3;9.64;75666;
1994;Cereal;2;1.89;75666;
1995;Milk;5;1.11;61615;
1995;Tomatoes;2;5.91;61615;
1995;Apples;4;3.53;61615;
1995;Juice;5;9.95;61615;
1995;Oranges;4;9.59;61615;
1995;Pasta;2;2.98;61615;
1995;Bananas;4;1.58;61615;
1995;Yogurt;4;4.69;61615;
1996;Coffee;4;8.34;66247;
1996;Bread;4;6.30;66247;
1996;Butter;4;8.20;66247;
1997;Sugar;3;8.10;90826;
1997;Tea;1;8.78;90826;
1997;Pasta;4;9.71;90826;
1997;Eggs;5;1.37;90826;
1997;Oranges;3;3.89;90826;
1997;Coffee;4;6.22;90826;
1998;Chicken;5;9.65;57966;
1998;Potatoes;4;4.45;57966;
1998;Tomatoes;4;9.29;57966;
1998;Onions;3;8.06;57966;
1999;Butter;3;5.75;28151;
1999;Sugar;4;1.34;28151;
1999;Eggs;3;6.15;28151;
1999;Tea;1;7.26;28151;
1999;Coffee;3;7.12;28151;
2000;Sugar;1;5.06;42511;
2000;Bread;2;5.59;42511;
2000;Butter;3;3.12;42511;
2000;Coffee;2;2.21;42511;
2001;Potatoes;4;7.94;58615;
2001;Chicken;5;4.15;58615;
2001;Tomatoes;3;1.81;58615;
2001;Cheese;2;9.61;58615;
2001;Onions;1;6.65;58615;
2002;Eggs;5;1.69;63678;
2002;Milk;1;3.67;63678;
2002;Cereal;4;7.65;63678;
2002;Apples;3;9.39;63678;
2002;Onions;2;4.42;63678;
2002;Bananas;4;6.86;63678;
2002;Tomatoes;1;8.05;63678;
2003;Bananas;1;7.37;65485;
2003;Tomatoes;2;6.51;65485;
2003;Oranges;1;2.93;65485;
2003;Cereal;4;9.17;65485;
2003;Milk;3;3.70;65485;
2003;Bread;4;9.37;65485;
2003;Apples;4;2.97;65485;
2003;Yogurt;1;6.33;65485;
2004;Onions;5;4.65;90082;
2004;Bananas;3;8.83;90082;
2004;Tea;5;1.71;90082;
2004;Potatoes;2;2.81;90082;
2004;Tomatoes;1;2.62;90082;
2004;Chicken;3;7.56;90082;
2005;Cereal;1;3.97;54239;
2005;Tomatoes;2;9.24;54239;
2005;Pasta;4;8.61;54239;
2005;Cheese;1;9.10;54239;
2006;Apples;1;2.17;97460;
2006;Tomatoes;3;6.92;97460;
2006;Pasta;5;1.43;97460;
2006;Chicken;2;8.50;97460;
2006;Potatoes;3;3.28;97460;
2006;Onions;2;5.28;97460;
2007;Apples;5;2.40;92279;
2007;Sugar;2;5.43;92279;
2007;Cereal;5;5.79;92279;
2007;Eggs;5;6.36;92279;
2007;Bananas;3;5.51;92279;
2007;Oranges;5;3.05;92279;
2007;Butter;3;9.25;92279;
2008;Onions;2;6.95;42851;
2008;Potatoes;5;4.71;42851;
2008;Chicken;5;1.53;42851;
2008;Tomatoes;5;6.72;42851;
2009;Butter;5;4.47;97373;
2009;Tea;3;1.76;97373;
2009;Sugar;1;5.94;97373;
2009;Pasta;1;7.44;97373;
2009;Coffee;5;7.22;97373;
2009;Cheese;1;3.52;97373;
2009;Yogurt;4;4.69;97373;
2010;Sugar;5;7.41;90891;
2010;Bread;4;5.50;90891;
2010;Coffee;3;6.86;90891;
2010;Butter;3;4.79;90891;
2011;Tea;3;3.71;31656;
2011;Onions;2;7.97;31656;
2011;Coffee;1;8.09;31656;
2011;Cheese;3;6.63;31656;
2011;Sugar;1;6.25;31656;
2012;Tea;3;1.44;77589;
2012;Coffee;3;8.96;77589;
2012;Sugar;2;1.61;77589;
2013;Onions;1;1.20;96803;
2013;Tomatoes;5;4.77;96803;
2013;Butter;5;5.95;96803;
2013;Potatoes;1;6.66;96803;
2013;Chicken;1;9.01;96803;
2014;Onions;5;6.89;27438;
2014;Butter;3;9.85;27438;
2014;Potatoes;4;9.78;27438;
2014;Tomatoes;2;7.51;27438;
2014;Cheese;3;7.11;27438;
2014;Sugar;5;9.70;27438;
2014;Pasta;3;8.76;27438;
2015;Oranges;1;8.63;43387;
2015;Onions;2;3.91;43387;
2015;Apples;4;8.81;43387;
2015;Eggs;5;1.66;43387;
2015;Bananas;3;6.34;43387;
2015;Cereal;2;5.90;43387;
2016;Onions;5;1.00;96559;
2016;Chicken;5;1.66;96559;
2016;Coffee;4;2.16;96559;
2016;Tomatoes;1;5.64;96559;
2016;Butter;3;9.04;96559;
2016;Cereal;1;8.55;96559;
2016;Potatoes;5;1.25;96559;
2016;Eggs;4;5.51;96559;
2017;Apples;4;2.53;76725;
2017;Potatoes;2;1.89;76725;
2017;Oranges;5;5.01;76725;
2017;Bananas;4;5.85;76725;
2017;Eggs;5;3.76;76725;
2017;Milk;4;7.75;76725;
2018;Coffee;3;8.26;26940;
2018;Oranges;3;5.79;26940;
2018;Tea;1;1.05;26940;
2018;Sugar;4;5.30;26940;
2019;Tomatoes;3;3.49;75580;
2019;Bananas;5;7.84;75580;
2019;Milk;4;5.02;75580;
2019;Butter;2;6.97;75580;
2019;Yogurt;2;4.55;75580;
2019;Cereal;4;7.95;75580;
2020;Tomatoes;4;8.78;17903;
2020;Pasta;1;1.25;17903;
2020;Cheese;1;6.90;17903;
2021;Tomatoes;1;4.85;47018;
2021;Apples;3;9.49;47018;
2021;Yogurt;1;2.77;47018;
2021;Cereal;5;2.69;47018;
2021;Pasta;2;8.59;47018;
2021;Oranges;3;4.60;47018;
2021;Cheese;5;4.54;47018;
2021;Milk;2;1.47;47018;
2022;Chicken;4;4.61;73432;
2022;Onions;4;6.37;73432;
2022;Sugar;2;5.86;73432;
2022;Potatoes;3;3.79;73432;
2022;Tomatoes;2;7.68;73432;
2022;Apples;5;2.85;73432;
2022;Cheese;3;2.55;73432;
2022;Cereal;5;9.79;73432;
2023;Pasta;1;9.01;35721;
2023;Cheese;1;9.11;35721;
2023;Milk;5;1.37;35721;
2023;Tomatoes;4;2.55;35721;
2024;Pasta;4;5.82;84390;
2024;Coffee;1;4.65;84390;
2024;Tomatoes;1;6.54;84390;
2024;Tea;3;6.19;84390;
2024;Cheese;4;6.73;84390;
2025;Cereal;4;2.21;21057;
2025;Milk;4;2.13;21057;
2025;Chicken;4;9.30;21057;
2025;Bread;1;7.76;21057;
2025;Tomatoes;3;8.15;21057;
2025;Bananas;1;8.56;21057;
2026;Potatoes;5;8.67;22933;
2026;Chicken;4;1.52;22933;
2026;Onions;2;5.78;22933;
2027;Butter;1;6.91;56297;
2027;Cereal;5;5.68;56297;
2027;Milk;4;3.13;56297;
2027;Cheese;2;3.08;56297;
2027;Bananas;5;6.48;56297;
2027;Tea;1;3.84;56297;
2027;Sugar;3;2.97;56297;
2028;Pasta;4;3.23;97802;
2028;Tea;5;9.78;97802;
2028;Juice;5;8.90;97802;
2028;Yogurt;2;6.74;97802;
2028;Tomatoes;4;7.62;97802;
2028;Chicken;4;9.12;97802;
2028;Cheese;4;2.81;97802;
2028;Bananas;4;8.06;97802;
2029;Tomatoes;2;9.40;60570;
2029;Onions;2;5.29;60570;
2029;Chicken;3;7.88;60570;
2030;Yogurt;4;9.80;18190;
2030;Coffee;1;4.86;18190;
2030;Tea;3;4.77;18190;
2030;Sugar;4;8.59;18190;
2031;Eggs;3;6.46;36701;
2031;Apples;4;9.86;36701;
2031;Yogurt;4;2.89;36701;
2031;Bananas;1;8.37;36701;
2031;Tea;5;7.94;36701;
2031;Oranges;3;5.02;36701;
2032;Oranges;3;7.29;37658;
2032;Apples;2;8.57;37658;
2032;Bread;4;2.11;37658;
2032;Bananas;2;2.49;37658;
2033;Bananas;3;8.12;75408;
2033;Tea;1;1.69;75408;
2033;Juice;4;9.07;75408;
2033;Yogurt;4;6.94;75408;
2033;Bread;5;3.43;75408;
2033;Milk;1;9.80;75408;
2033;Cereal;3;1.65;75408;
2033;Tomatoes;4;5.92;75408;
2034;Chicken;1;9.17;23918;
2034;Oranges;4;6.77;23918;
2034;Cheese;2;9.54;23918;
2034;Apples;1;4.77;23918;
2034;Bananas;3;2.33;23918;
2034;Yogurt;1;3.68;23918;
2035;Coffee;1;9.17;46036;
2035;Tea;1;4.81;46036;
2035;Cereal;5;2.65;46036;
2035;Sugar;3;9.35;46036;
2036;Cereal;4;3.89;34113;
2036;Tea;1;2.47;34113;
2036;Tomatoes;5;5.70;34113;
2036;Butter;3;7.97;34113;
2036;Cheese;3;6.48;34113;
2036;Pasta;2;3.65;34113;
2037;Bananas;4;3.29;55231;
2037;Yogurt;4;2.96;55231;
2037;Apples;2;5.52;55231;
2037;Sugar;3;4.60;55231;
2037;Cheese;4;1.38;55231;
2037;Oranges;4;6.26;55231;
2037;Juice;5;5.75;55231;
2037;Chicken;2;8.16;55231;
2038;Milk;1;3.02;54194;
2038;Tea;3;9.76;54194;
2038;Coffee;3;4.89;54194;
2038;Bread;4;6.81;54194;
2038;Sugar;5;8.01;54194;
2038;Tomatoes;1;9.03;54194;
2038;Bananas;5;2.45;54194;
2038;Cheese;2;5.93;54194;
2039;Cereal;2;7.36;88250;
2039;Bananas;1;8.32;88250;
2039;Bread;3;9.85;88250;
2039;Milk;4;6.00;88250;
2040;Sugar;5;3.12;89413;
2040;Onions;2;9.51;89413;
2040;Coffee;1;7.97;89413;
2040;Cheese;5;5.26;89413;
2040;Pasta;4;9.85;89413;
2040;Chicken;1;4.02;89413;
2040;Tea;1;9.36;89413;
2040;Bread;2;6.13;89413;
2041;Oranges;4;4.33;77538;
2041;Sugar;3;8.19;77538;
2041;Coffee;4;9.07;77538;
2041;Tea;3;1.53;77538;
2042;Cereal;2;4.05;55892;
2042;Bananas;1;5.45;55892;
2042;Milk;5;1.77;55892;
2043;Onions;5;7.09;41196;
2043;Apples;5;9.08;41196;
2043;Bananas;5;6.93;41196;
2043;Cereal;3;8.19;41196;
2043;Oranges;1;5.39;41196;
2043;Milk;1;7.66;41196;
2044;Tea;2;6.27;62025;
2044;Coffee;2;9.12;62025;
2044;Butter;2;2.47;62025;
2044;Cheese;4;9.84;62025;
2044;Sugar;4;5.07;62025;
2045;Bananas;4;5.28;56622;
2045;Cereal;3;2.74;56622;
2045;Milk;1;7.11;56622;
2046;Butter;1;8.69;17138;
2046;Sugar;2;4.40;17138;
2046;Apples;2;8.37;17138;
2046;Bread;1;5.68;17138;
2046;Coffee;4;8.31;17138;
2047;Bananas;3;2.21;47847;
2047;Oranges;5;4.64;47847;
2047;Apples;3;3.75;47847;
2047;Pasta;1;9.05;47847;
2047;Tomatoes;1;3.28;47847;
2048;Sugar;3;7.45;44136;
2048;Milk;1;2.07;44136;
2048;Juice;4;8.82;44136;
2048;Tea;3;9.09;44136;
2048;Coffee;1;1.07;44136;
2049;Bananas;2;2.51;85419;
2049;Tea;2;7.56;85419;
2049;Coffee;3;3.16;85419;
2049;Onions;1;9.18;85419;
2049;Bread;3;8.40;85419;
2049;Apples;3;1.85;85419;
2049;Pasta;5;4.38;85419;
2049;Sugar;2;4.17;85419;
2050;Bananas;3;1.95;97525;
2050;Oranges;2;2.11;97525;
2050;Cereal;3;7.47;97525;
2050;Sugar;4;7.78;97525;
2050;Pasta;1;6.50;97525;
2050;Apples;5;3.64;97525;
2050;Coffee;1;6.56;97525;
2051;Eggs;4;8.53;63210;
2051;Potatoes;1;7.86;63210;
2051;Onions;1;2.11;63210;
2051;Chicken;3;6.66;63210;
2051;Tomatoes;2;3.00;63210;
2052;Coffee;2;8.34;58456;
2052;Tomatoes;5;4.65;58456;
2052;Potatoes;1;7.12;58456;
2052;Onions;3;3.80;58456;
2052;Bananas;1;7.42;58456;
2052;Sugar;4;4.73;58456;
2052;Chicken;4;3.27;58456;
2053;Tomatoes;2;9.72;59741;
2053;Oranges;2;7.48;59741;
2053;Pasta;3;5.51;59741;
2053;Cheese;1;3.82;59741;
2053;Sugar;4;7.19;59741;
2053;Eggs;5;8.23;59741;
2054;Sugar;2;1.01;85217;
2054;Tea;2;9.24;85217;
2054;Cereal;1;6.45;85217;
2054;Juice;4;3.99;85217;
2054;Apples;4;5.27;85217;
2054;Coffee;3;8.54;85217;
2054;Cheese;1;1.41;85217;
2054;Chicken;3;6.05;85217;
2055;Yogurt;2;1.79;47292;
2055;Cheese;5;7.18;47292;
2055;Apples;1;7.06;47292;
2055;Bananas;5;3.88;47292;
2055;Bread;1;4.73;47292;
2056;Potatoes;4;6.62;29382;
2056;Onions;2;3.34;29382;
2056;Chicken;3;2.72;29382;
2056;Eggs;4;7.06;29382;
2056;Tomatoes;3;8.78;29382;
2056;Pasta;1;5.95;29382;
2056;Butter;2;2.14;29382;
2057;Coffee;2;6.00;45832;
2057;Sugar;3;2.03;45832;
2057;Tea;1;6.50;45832;
2058;Sugar;2;7.98;12704;
2058;Tomatoes;2;2.56;12704;
2058;Coffee;2;1.19;12704;
2058;Apples;5;3.31;12704;
2058;Eggs;1;7.77;12704;
2058;Yogurt;5;6.38;12704;
2058;Tea;2;1.78;12704;
2059;Potatoes;5;7.67;17191;
2059;Butter;5;6.76;17191;
2059;Sugar;4;3.20;17191;
2059;Bread;2;1.49;17191;
2059;Eggs;1;7.36;17191;
2059;Coffee;3;2.10;17191;
2060;Onions;5;8.38;58814;
2060;Potatoes;3;3.16;58814;
2060;Milk;3;1.79;58814;
2060;Chicken;2;9.73;58814;
2060;Tomatoes;2;7.93;58814;
2060;Cheese;5;7.56;58814;
2061;Sugar;5;8.74;62938;
2061;Coffee;5;6.54;62938;
2061;Bread;3;4.84;62938;
2061;Butter;2;3.10;62938;
2062;Apples;1;2.18;68176;
2062;Milk;3;9.07;68176;
2062;Sugar;2;5.92;68176;
2062;Coffee;5;5.69;68176;
2062;Tea;2;4.93;68176;
2062;Cheese;3;3.12;68176;
2062;Bread;3;4.33;68176;
2063;Sugar;1;3.31;21079;
2063;Onions;3;4.13;21079;
2063;Tea;1;8.70;21079;
2063;Coffee;4;9.13;21079;
2064;Yogurt;4;2.40;97720;
2064;Eggs;3;5.56;97720;
2064;Apples;1;4.85;97720;
2064;Bananas;3;7.05;97720;
2065;Bananas;2;2.59;47984;
2065;Cereal;4;2.72;47984;
2065;Potatoes;3;1.91;47984;
2065;Tea;3;7.02;47984;
2065;Eggs;2;6.03;47984;
2065;Yogurt;3;3.18;47984;
2065;Apples;1;3.64;47984;
2066;Coffee;3;2.38;35585;
2066;Tea;3;9.31;35585;
2066;Sugar;3;2.55;35585;
2066;Cereal;1;6.48;35585;
2067;Onions;3;7.50;25294;
2067;Chicken;1;4.57;25294;
2067;Potatoes;2;7.61;25294;
2067;Coffee;3;7.53;25294;
2067;Tomatoes;3;8.59;25294;
2068;Tomatoes;5;8.18;42672;
2068;Cheese;2;3.43;42672;
2068;Onions;5;6.50;42672;
2068;Coffee;5;4.22;42672;
2068;Chicken;1;5.81;42672;
2068;Potatoes;4;7.98;42672;
2069;Chicken;4;4.87;48505;
2069;Pasta;4;1.41;48505;
2069;Apples;2;8.45;48505;
2069;Tea;2;8.96;48505;
2069;Coffee;1;2.28;48505;
2069;Sugar;1;2.15;48505;
2070;Onions;2;5.02;59864;
2070;Cereal;3;4.40;59864;
2070;Pasta;1;1.18;59864;
2070;Chicken;3;8.02;59864;
2070;Milk;1;1.59;59864;
2070;Tomatoes;1;2.68;59864;
2070;Potatoes;4;5.48;59864;
2070;Bread;2;6.46;59864;
2071;Butter;3;8.27;77013;
2071;Eggs;5;6.38;77013;
2071;Cheese;5;9.80;77013;
2071;Apples;3;4.24;77013;
2071;Sugar;5;4.72;77013;
2071;Tea;5;4.34;77013;
2071;Coffee;1;7.66;77013;
2072;Pasta;2;4.70;11907;
2072;Tomatoes;3;1.06;11907;
2072;Cheese;3;4.30;11907;
2073;Yogurt;2;5.62;47770;
2073;Bananas;1;9.32;47770;
2073;Apples;5;3.40;47770;
2074;Bananas;3;8.79;71808;
2074;Potatoes;5;2.74;71808;
2074;Coffee;1;9.96;71808;
2074;Cereal;1;6.44;71808;
2074;Milk;5;9.83;71808;
2075;Pasta;1;5.72;68088;
2075;Oranges;1;9.21;68088;
2075;Sugar;1;1.25;68088;
2075;Cheese;1;3.81;68088;
2075;Bananas;2;8.94;68088;
2075;Tea;4;5.85;68088;
2075;Coffee;4;9.14;68088;
2075;Milk;4;6.73;68088;
2076;Bread;1;8.65;77746;
2076;Butter;5;8.71;77746;
2076;Sugar;4;5.83;77746;
2076;Coffee;2;7.61;77746;
2077;Butter;5;1.70;22409;
2077;Cereal;4;5.17;22409;
2077;Bananas;3;3.89;22409;
2077;Milk;1;3.14;22409;
2078;Pasta;3;9.68;84191;
2078;Oranges;4;4.31;84191;
2078;Cheese;2;9.15;84191;
2078;Tomatoes;2;6.30;84191;
2079;Bananas;5;9.66;93856;
2079;Eggs;1;1.87;93856;
2079;Potatoes;4;1.05;93856;
2079;Oranges;4;7.70;93856;
2079;Apples;5;2.16;93856;
2080;Tomatoes;2;1.94;92574;
2080;Cheese;5;7.22;92574;
2080;Pasta;2;3.32;92574;
2081;Coffee;5;2.63;99703;
2081;Sugar;5;4.97;99703;
2081;Tea;5;5.72;99703;
2082;Cheese;3;8.32;79828;
2082;Pasta;2;4.45;79828;
2082;Eggs;3;9.82;79828;
2082;Bananas;2;7.89;79828;
2082;Onions;3;5.12;79828;
2082;Yogurt;3;6.07;79828;
2082;Apples;2;3.26;79828;
2082;Coffee;1;9.66;79828;
2083;Butter;3;2.02;83885;
2083;Apples;2;1.50;83885;
2083;Tea;3;9.47;83885;
2083;Coffee;3;8.82;83885;
2083;Potatoes;3;3.49;83885;
2083;Bread;4;3.99;83885;
2083;Sugar;4;1.72;83885;
2084;Bananas;4;3.99;24094;
2084;Coffee;1;6.69;24094;
2084;Yogurt;5;4.61;24094;
2084;Tea;2;8.63;24094;
2084;Eggs;4;4.98;24094;
2084;Apples;2;3.69;24094;
2084;Cheese;3;3.57;24094;
2084;Bread;2;9.21;24094;
2085;Chicken;5;5.38;11505;
2085;Potatoes;3;4.88;11505;
2085;Tomatoes;4;1.45;11505;
2085;Pasta;2;7.00;11505;
2085;Onions;3;5.25;11505;
2086;Sugar;3;6.08;54036;
2086;Coffee;3;9.16;54036;
2086;Tea;1;8.63;54036;
2086;Oranges;2;5.83;54036;
2086;Juice;5;7.62;54036;
2086;Milk;4;2.86;54036;
2087;Butter;2;3.28;33270;
2087;Bread;5;7.44;33270;
2087;Potatoes;3;2.00;33270;
2087;Pasta;4;5.74;33270;
2087;Cheese;2;1.45;33270;
2087;Tomatoes;4;2.84;33270;
2088;Oranges;3;5.51;73153;
2088;Tomatoes;2;8.01;73153;
2088;Pasta;1;3.63;73153;
2088;Cheese;1;4.69;73153;
2088;Potatoes;2;1.48;73153;
2088;Bread;4;6.63;73153;
2089;Tomatoes;4;5.49;66686;
2089;Onions;1;5.71;66686;
2089;Potatoes;1;2.88;66686;
2089;Chicken;4;7.35;66686;
2090;Tomatoes;3;2.09;82967;
2090;Bananas;5;8.03;82967;
2090;Cereal;4;9.38;82967;
2090;Milk;5;6.71;82967;
2091;Tea;3;3.14;27330;
2091;Butter;4;1.60;27330;
2091;Tomatoes;5;5.55;27330;
2091;Onions;4;4.06;27330;
2091;Potatoes;3;5.19;27330;
2091;Milk;1;6.79;27330;
2091;Coffee;1;9.21;27330;
2091;Sugar;2;7.39;27330;
2092;Yogurt;2;9.07;25214;
2092;Tea;4;4.32;25214;
2092;Chicken;1;7.13;25214;
2092;Sugar;5;6.20;25214;
2092;Eggs;3;7.13;25214;
2092;Cereal;5;4.91;25214;
2092;Coffee;3;7.31;25214;
2093;Tea;1;6.68;79876;
2093;Coffee;5;7.21;79876;
2093;Sugar;2;1.01;79876;
2094;Oranges;2;3.43;57973;
2094;Tea;4;7.59;57973;
2094;Coffee;2;4.78;57973;
2094;Sugar;4;8.88;57973;
2094;Cereal;1;3.45;57973;
2094;Onions;5;2.57;57973;
2094;Cheese;1;4.39;57973;
2095;Sugar;3;5.27;31706;
2095;Tea;1;3.62;31706;
2095;Bananas;1;5.52;31706;
2095;Potatoes;4;5.56;31706;
2095;Apples;1;7.13;31706;
2095;Bread;3;3.76;31706;
2095;Oranges;4;7.31;31706;
2096;Cheese;1;2.75;16639;
2096;Coffee;4;1.31;16639;
2096;Sugar;2;7.11;16639;
2096;Juice;1;3.10;16639;
2096;Tomatoes;5;3.06;16639;
2096;Tea;4;5.40;16639;
2096;Bread;4;2.29;16639;
2097;Bananas;4;9.81;86614;
2097;Apples;2;2.88;86614;
2097;Pasta;4;2.18;86614;
2097;Tomatoes;2;3.89;86614;
2097;Eggs;5;6.66;86614;
2097;Sugar;1;5.06;86614;
2097;Juice;5;7.91;86614;
2097;Oranges;4;1.83;86614;
2098;Yogurt;3;4.01;30785;
2098;Cheese;3;1.36;30785;
2098;Sugar;3;5.37;30785;
2098;Bread;1;2.33;30785;
2098;Coffee;5;3.08;30785;
2098;Butter;2;8.24;30785;
2099;Milk;5;9.21;87592;
2099;Cereal;4;3.62;87592;
2099;Bananas;2;3.53;87592;
2100;Yogurt;1;3.92;42899;
2100;Bread;5;6.25;42899;
2100;Bananas;5;3.92;42899;
2100;Tea;4;7.76;42899;
2100;Apples;1;3.95;42899;
2100;Onions;3;3.80;42899;
2101;Chicken;4;1.90;53346;
2101;Potatoes;4;8.72;53346;
2101;Tomatoes;3;4.36;53346;
2101;Pasta;1;1.31;53346;
2101;Onions;2;5.90;53346;
2102;Tomatoes;4;5.51;89156;
2102;Chicken;3;6.34;89156;
2102;Potatoes;5;6.71;89156;
2102;Onions;2;8.14;89156;
2103;Bananas;4;2.96;70533;
2103;Tea;2;3.27;70533;
2103;Cereal;1;8.42;70533;
2103;Milk;5;7.09;70533;
2103;Potatoes;4;7.62;70533;
2103;Butter;1;7.86;70533;
2103;Sugar;2;1.99;70533;
2103;Pasta;3;6.56;70533;
2104;Oranges;1;1.79;65829;
2104;Yogurt;5;1.15;65829;
2104;Eggs;4;9.47;65829;
2104;Bananas;3;3.03;65829;
2104;Apples;2;3.62;65829;
2105;Tomatoes;5;6.82;29590;
2105;Onions;2;6.26;29590;
2105;Pasta;3;2.75;29590;
2105;Chicken;5;7.77;29590;
2105;Potatoes;5;1.36;29590;
2106;Sugar;5;5.72;70941;
2106;Butter;5;2.71;70941;
2106;Bread;2;9.29;70941;
2106;Juice;1;6.95;70941;
2106;Potatoes;4;4.48;70941;
2106;Coffee;5;9.99;70941;
2107;Oranges;4;4.55;89110;
2107;Cheese;5;9.97;89110;
2107;Juice;3;5.67;89110;
2107;Bread;3;3.38;89110;
2107;Bananas;3;7.76;89110;
2107;Sugar;2;6.50;89110;
2107;Tomatoes;5;3.22;89110;
2107;Apples;5;9.66;89110;
2108;Coffee;2;6.76;90200;
2108;Tea;3;5.50;90200;
2108;Apples;3;9.52;90200;
2108;Sugar;3;5.67;90200;
2108;Oranges;1;1.02;90200;
2109;Milk;2;7.05;99222;
2109;Cereal;5;6.60;99222;
2109;Butter;4;6.38;99222;
2109;Pasta;1;4.97;99222;
2109;Chicken;4;7.47;99222;
2109;Apples;3;2.79;99222;
2109;Tomatoes;1;4.06;99222;
2109;Cheese;3;6.09;99222;
2110;Cheese;3;1.43;10929;
2110;Oranges;3;4.62;10929;
2110;Yogurt;4;8.85;10929;
2110;Tea;4;4.69;10929;
2110;Chicken;4;8.03;10929;
2110;Butter;3;1.04;10929;
2110;Apples;2;4.82;10929;
2110;Bananas;5;7.78;10929;
2111;Milk;3;9.87;25855;
2111;Tomatoes;5;9.41;25855;
2111;Cheese;2;5.39;25855;
2111;Bananas;1;7.79;25855;
2111;Bread;2;1.63;25855;
2111;Cereal;2;5.15;25855;
2111;Pasta;4;1.79;25855;
2111;Onions;2;8.65;25855;
2112;Apples;2;2.51;60047;
2112;Sugar;4;4.20;60047;
2112;Tomatoes;2;4.38;60047;
2112;Onions;1;1.18;60047;
2112;Potatoes;1;3.25;60047;
2112;Butter;2;6.68;60047;
2112;Chicken;1;9.11;60047;
2112;Tea;5;2.10;60047;
2113;Bananas;3;8.67;85777;
2113;Apples;2;9.90;85777;
2113;Oranges;4;8.36;85777;
2113;Bread;2;1.59;85777;
2113;Pasta;3;3.88;85777;
2114;Juice;1;7.35;10282;
2114;Tea;4;8.57;10282;
2114;Sugar;5;9.71;10282;
2114;Apples;5;2.34;10282;
2114;Bread;1;4.01;10282;
2114;Bananas;5;8.07;10282;
2114;Coffee;2;4.29;10282;
2114;Chicken;2;9.79;10282;
2115;Eggs;5;3.82;36043;
2115;Apples;3;9.98;36043;
2115;Oranges;3;8.80;36043;
2115;Bananas;1;5.41;36043;
2115;Sugar;3;6.00;36043;
2115;Chicken;2;1.09;36043;
2116;Pasta;1;8.72;58276;
2116;Apples;5;8.40;58276;
2116;Tomatoes;5;6.85;58276;
2116;Cheese;5;1.28;58276;
2117;Coffee;4;5.38;18489;
2117;Bread;5;7.44;18489;
2117;Butter;1;5.82;18489;
2117;Tea;3;9.01;18489;
2117;Sugar;4;9.08;18489;
2118;Cheese;2;7.35;59364;
2118;Tomatoes;2;9.91;59364;
2118;Bread;5;1.11;59364;
2118;Pasta;2;4.43;59364;
2119;Potatoes;4;6.61;92191;
2119;Chicken;4;8.08;92191;
2119;Onions;1;4.82;92191;
2119;Cereal;1;6.77;92191;
2119;Tomatoes;5;6.71;92191;
2120;Butter;3;2.02;63499;
2120;Coffee;4;7.39;63499;
2120;Pasta;2;6.91;63499;
2120;Bread;1;2.96;63499;
2120;Sugar;4;7.78;63499;
2121;Potatoes;2;3.34;22942;
2121;Butter;4;8.80;22942;
2121;Bananas;4;5.38;22942;
2121;Juice;1;6.04;22942;
2121;Apples;1;8.60;22942;
2121;Yogurt;2;8.50;22942;
2122;Oranges;4;3.97;30480;
2122;Apples;2;2.78;30480;
2122;Pasta;3;2.34;30480;
2122;Tomatoes;1;7.69;30480;
2122;Bread;5;9.55;30480;
2122;Cereal;5;2.64;30480;
2122;Cheese;1;1.66;30480;
2123;Cereal;4;7.32;87557;
2123;Tea;4;2.22;87557;
2123;Butter;3;4.16;87557;
2123;Sugar;4;6.05;87557;
2123;Coffee;1;4.85;87557;
2123;Milk;3;3.36;87557;
2124;Coffee;4;6.70;66470;
2124;Bread;5;7.99;66470;
2124;Potatoes;2;1.91;66470;
2124;Sugar;4;8.60;66470;
2124;Yogurt;4;8.18;66470;
2124;Chicken;3;5.36;66470;
2124;Tea;4;6.83;66470;
2124;Eggs;2;2.45;66470;
2125;Milk;3;9.13;20967;
2125;Cereal;4;6.42;20967;
2125;Bananas;5;8.06;20967;
2126;Tea;5;1.76;48758;
2126;Sugar;1;3.73;48758;
2126;Bread;4;3.67;48758;
2126;Bananas;3;7.10;48758;
2126;Coffee;4;1.74;48758;
2126;Butter;5;8.57;48758;
2127;Potatoes;4;2.41;34223;
2127;Chicken;5;1.70;34223;
2127;Tomatoes;1;7.00;34223;
2127;Onions;4;3.53;34223;
2128;Pasta;3;7.75;82578;
2128;Apples;1;1.48;82578;
2128;Bananas;1;9.91;82578;
2128;Bread;1;8.20;82578;
2128;Yogurt;4;4.70;82578;
2129;Bananas;2;7.79;35375;
2129;Apples;5;6.40;35375;
2129;Oranges;2;5.05;35375;
2129;Milk;5;4.01;35375;
2130;Chicken;1;7.80;52786;
2130;Tomatoes;2;8.90;52786;
2130;Coffee;1;2.88;52786;
2130;Onions;3;4.43;52786;
2130;Cereal;5;4.97;52786;
2130;Potatoes;5;3.25;52786;
2131;Pasta;4;6.46;16694;
2131;Potatoes;1;5.16;16694;
2131;Tomatoes;3;7.26;16694;
2131;Bananas;2;2.08;16694;
2131;Cereal;4;2.74;16694;
2131;Milk;2;1.54;16694;
2132;Pasta;5;8.41;25093;
2132;Bananas;4;6.04;25093;
2132;Cheese;2;7.94;25093;
2132;Yogurt;2;6.25;25093;
2132;Bread;3;7.39;25093;
2132;Coffee;1;9.31;25093;
2132;Tomatoes;3;4.14;25093;
2132;Tea;2;4.36;25093;
2133;Cheese;1;3.93;68958;
2133;Tomatoes;2;7.47;68958;
2133;Pasta;5;8.02;68958;
2133;Milk;5;8.93;68958;
2134;Yogurt;1;4.20;34476;
2134;Apples;4;2.49;34476;
2134;Bananas;3;7.68;34476;
2134;Onions;3;6.18;34476;
2134;Sugar;5;8.43;34476;
2135;Juice;5;3.62;30407;
2135;Bananas;4;2.27;30407;
2135;Apples;4;8.84;30407;
2135;Oranges;3;6.62;30407;
2136;Eggs;5;8.39;44470;
2136;Butter;5;3.50;44470;
2136;Yogurt;4;9.70;44470;
2136;Apples;2;7.33;44470;
2136;Bananas;2;5.35;44470;
2136;Tea;4;8.29;44470;
2136;Milk;2;3.37;44470;
2136;Potatoes;1;2.46;44470;
2137;Yogurt;4;3.96;26857;
2137;Milk;4;6.51;26857;
2137;Cereal;2;6.66;26857;
2137;Chicken;5;7.30;26857;
2137;Bananas;5;6.09;26857;
2137;Coffee;2;8.82;26857;
2138;Bananas;1;2.81;94171;
2138;Yogurt;2;6.51;94171;
2138;Apples;4;9.83;94171;
2139;Oranges;5;7.87;59741;
2139;Bananas;1;2.52;59741;
2139;Cereal;4;6.51;59741;
2139;Apples;1;4.30;59741;
2140;Butter;3;3.51;68998;
2140;Bananas;2;3.31;68998;
2140;Apples;3;1.72;68998;
2140;Chicken;5;2.34;68998;
2140;Yogurt;2;1.63;68998;
2141;Milk;4;1.15;90544;
2141;Bananas;4;8.93;90544;
2141;Cereal;5;4.54;90544;
2142;Chicken;4;7.73;31787;
2142;Potatoes;4;6.69;31787;
2142;Tomatoes;2;1.56;31787;
2142;Eggs;4;4.40;31787;
2142;Tea;3;1.60;31787;
2142;Onions;5;5.97;31787;
2142;Coffee;5;2.99;31787;
2143;Tea;3;4.80;88094;
2143;Coffee;4;8.70;88094;
2143;Bananas;1;9.82;88094;
2143;Sugar;1;6.03;88094;
2143;Juice;1;6.75;88094;
2144;Sugar;3;7.93;75567;
2144;Tea;1;5.30;75567;
2144;Coffee;2;6.30;75567;
2144;Chicken;2;7.48;75567;
2145;Potatoes;5;3.32;70624;
2145;Oranges;4;2.36;70624;
2145;Pasta;4;3.99;70624;
2145;Bananas;1;6.79;70624;
2145;Yogurt;1;2.43;70624;
2145;Apples;1;6.23;70624;
2146;Bananas;3;4.38;72836;
2146;Chicken;4;2.83;72836;
2146;Cereal;2;2.13;72836;
2146;Milk;1;4.84;72836;
2146;Potatoes;4;2.86;72836;
2146;Juice;3;4.43;72836;
2146;Eggs;2;4.54;72836;
2147;Apples;4;7.51;46371;
2147;Yogurt;3;7.18;46371;
2147;Juice;1;5.75;46371;
2147;Potatoes;5;5.85;46371;
2147;Bananas;4;3.30;46371;
2148;Tomatoes;5;5.86;25028;
2148;Onions;5;5.49;25028;
2148;Pasta;5;4.05;25028;
2148;Butter;3;2.93;25028;
2148;Milk;4;8.91;25028;
2148;Yogurt;4;4.14;25028;
2148;Potatoes;2;7.04;25028;
2148;Chicken;2;2.41;25028;
2149;Sugar;5;6.85;82253;
2149;Pasta;4;7.97;82253;
2149;Juice;1;1.85;82253;
2149;Bananas;4;4.47;82253;
2149;Apples;2;3.68;82253;
2149;Tea;3;1.04;82253;
2149;Yogurt;1;4.90;82253;
2150;Sugar;4;8.52;99226;
2150;Bread;2;3.65;99226;
2150;Coffee;2;4.73;99226;
2150;Butter;1;1.16;99226;
2151;Chicken;2;4.99;39440;
2151;Sugar;5;7.49;39440;
2151;Onions;2;9.72;39440;
2151;Potatoes;5;2.39;39440;
2151;Juice;1;2.91;39440;
2151;Oranges;3;1.57;39440;
2151;Tomatoes;3;4.12;39440;
2152;Tomatoes;5;8.61;67394;
2152;Yogurt;1;5.73;67394;
2152;Bread;3;3.93;67394;
2152;Bananas;1;8.63;67394;
2152;Apples;3;8.34;67394;
2153;Sugar;3;9.98;98277;
2153;Coffee;2;4.76;98277;
2153;Tea;3;8.85;98277;
2154;Onions;2;2.17;25156;
2154;Cheese;5;9.07;25156;
2154;Potatoes;4;8.05;25156;
2154;Apples;4;7.70;25156;
2154;Tea;3;1.66;25156;
2154;Pasta;2;4.44;25156;
2154;Tomatoes;5;3.89;25156;
2155;Eggs;5;2.02;10070;
2155;Bananas;1;4.89;10070;
2155;Apples;1;2.05;10070;
2155;Yogurt;2;3.03;10070;
2156;Cereal;1;5.21;45736;
2156;Chicken;5;4.63;45736;
2156;Bananas;5;4.22;45736;
2156;Milk;3;6.79;45736;
2156;Apples;5;4.31;45736;
2156;Bread;3;3.62;45736;
2156;Onions;5;1.41;45736;
2156;Yogurt;1;4.67;45736;
2157;Apples;4;7.96;87414;
2157;Bread;2;1.20;87414;
2157;Chicken;2;3.10;87414;
2157;Bananas;5;1.63;87414;
2157;Yogurt;1;7.23;87414;
2158;Apples;2;1.14;58649;
2158;Bananas;2;4.31;58649;
2158;Oranges;2;8.58;58649;
2159;Sugar;2;8.37;59903;
2159;Oranges;1;1.91;59903;
2159;Tea;2;9.33;59903;
2159;Coffee;1;1.32;59903;
2160;Pasta;3;4.37;91671;
2160;Coffee;2;2.88;91671;
2160;Chicken;4;8.61;91671;
2160;Tea;2;4.76;91671;
2160;Potatoes;4;2.43;91671;
2160;Cereal;4;8.87;91671;
2160;Tomatoes;1;9.11;91671;
2160;Onions;4;6.21;91671;
2161;Potatoes;2;8.33;83775;
2161;Chicken;1;3.16;83775;
2161;Yogurt;4;2.05;83775;
2161;Tomatoes;1;3.58;83775;
2161;Onions;1;6.03;83775;
2162;Bread;3;8.16;14681;
2162;Onions;1;8.21;14681;
2162;Butter;3;3.21;14681;
2162;Sugar;4;2.68;14681;
2162;Coffee;1;5.50;14681;
2163;Bread;4;4.28;59333;
2163;Sugar;2;4.86;59333;
2163;Butter;4;8.67;59333;
2164;Coffee;3;9.56;37130;
2164;Sugar;2;2.89;37130;
2164;Tea;4;8.07;37130;
2165;Pasta;1;8.56;72085;
2165;Bananas;1;8.10;72085;
2165;Milk;5;7.42;72085;
2165;Cereal;2;5.10;72085;
2166;Bananas;3;8.68;25164;
2166;Cereal;3;3.49;25164;
2166;Milk;2;1.44;25164;
2167;Bananas;5;9.32;83221;
2167;Tea;5;4.10;83221;
2167;Pasta;1;5.45;83221;
2167;Coffee;5;8.07;83221;
2167;Sugar;1;1.12;83221;
2168;Cereal;3;3.09;24900;
2168;Pasta;3;3.39;24900;
2168;Sugar;1;5.46;24900;
2168;Apples;3;2.66;24900;
2168;Onions;3;2.81;24900;
2168;Coffee;5;7.52;24900;
2168;Tea;3;1.39;24900;
2169;Milk;4;6.60;60383;
2169;Oranges;4;8.37;60383;
2169;Cereal;2;6.62;60383;
2169;Bananas;4;4.42;60383;
2169;Bread;1;8.13;60383;
2170;Cheese;5;4.39;24714;
2170;Tomatoes;2;7.14;24714;
2170;Bread;4;2.36;24714;
2170;Apples;5;2.25;24714;
2170;Pasta;4;5.35;24714;
2170;Onions;3;3.65;24714;
2171;Yogurt;4;3.45;21490;
2171;Chicken;3;5.16;21490;
2171;Bananas;4;8.49;21490;
2171;Tomatoes;2;5.22;21490;
2171;Milk;4;8.59;21490;
2171;Cereal;4;3.09;21490;
2172;Bananas;2;8.41;48885;
2172;Cheese;1;6.64;48885;
2172;Apples;3;5.71;48885;
2172;Oranges;2;7.32;48885;
2173;Eggs;3;5.44;70814;
2173;Onions;3;3.13;70814;
2173;Yogurt;4;4.70;70814;
2173;Apples;4;2.12;70814;
2173;Oranges;2;2.88;70814;
2173;Bananas;3;9.05;70814;
2174;Bananas;4;7.75;99561;
2174;Chicken;1;2.12;99561;
2174;Pasta;4;6.06;99561;
2174;Butter;3;5.25;99561;
2174;Yogurt;1;8.96;99561;
2174;Cereal;2;9.05;99561;
2174;Apples;3;9.25;99561;
2175;Onions;1;8.25;60222;
2175;Butter;4;1.74;60222;
2175;Bananas;3;2.30;60222;
2175;Yogurt;2;1.80;60222;
2175;Apples;2;9.87;60222;
2175;Oranges;4;6.41;60222;
2175;Bread;1;8.17;60222;
2175;Juice;4;6.48;60222;
2176;Coffee;4;8.54;26137;
2176;Oranges;5;3.31;26137;
2176;Sugar;2;9.83;26137;
2176;Tea;4;7.01;26137;
2176;Cereal;1;8.10;26137;
2177;Onions;1;7.88;12751;
2177;Yogurt;5;4.80;12751;
2177;Butter;4;4.20;12751;
2177;Tomatoes;5;3.40;12751;
2177;Cheese;1;4.07;12751;
2177;Cereal;2;3.51;12751;
2177;Pasta;2;5.86;12751;
2177;Coffee;1;4.58;12751;
2178;Cereal;5;9.65;91790;
2178;Potatoes;4;3.22;91790;
2178;Bananas;3;2.81;91790;
2178;Tomatoes;5;6.76;91790;
2178;Chicken;5;3.31;91790;
2178;Onions;1;6.63;91790;
2179;Coffee;1;1.60;45863;
2179;Butter;4;6.11;45863;
2179;Sugar;2;5.74;45863;
2179;Bread;3;6.15;45863;
2180;Tomatoes;3;3.44;11200;
2180;Onions;4;7.37;11200;
2180;Potatoes;5;9.45;11200;
2181;Sugar;1;5.88;84964;
2181;Tea;2;3.37;84964;
2181;Coffee;5;8.86;84964;
2181;Bananas;5;6.61;84964;
2182;Milk;5;8.56;99562;
2182;Cereal;4;5.55;99562;
2182;Sugar;3;9.25;99562;
2182;Bananas;5;6.44;99562;
2183;Onions;3;2.05;80738;
2183;Potatoes;4;6.98;80738;
2183;Cheese;4;8.41;80738;
2183;Tomatoes;5;9.67;80738;
2183;Pasta;1;7.50;80738;
2184;Chicken;1;3.22;75205;
2184;Milk;2;6.93;75205;
2184;Sugar;3;1.13;75205;
2184;Tomatoes;1;3.87;75205;
2184;Bananas;4;5.71;75205;
2184;Cereal;3;7.39;75205;
2185;Bananas;1;4.64;16504;
2185;Cereal;4;3.81;16504;
2185;Milk;2;8.99;16504;
2186;Milk;1;5.38;93157;
2186;Bananas;4;4.36;93157;
2186;Cereal;1;7.68;93157;
2187;Oranges;5;4.06;83530;
2187;Apples;5;9.26;83530;
2187;Bananas;1;9.80;83530;
2188;Oranges;1;5.21;32137;
2188;Bananas;2;8.27;32137;
2188;Apples;5;1.87;32137;
2188;Milk;5;9.77;32137;
2189;Chicken;1;3.86;33386;
2189;Oranges;5;7.19;33386;
2189;Bananas;3;7.05;33386;
2189;Apples;4;2.81;33386;
2189;Yogurt;5;8.41;33386;
2189;Coffee;5;7.55;33386;
2189;Bread;1;9.08;33386;
2190;Bananas;3;7.60;19452;
2190;Apples;2;7.59;19452;
2190;Pasta;3;6.94;19452;
2190;Cereal;1;6.08;19452;
2190;Eggs;5;5.23;19452;
2190;Yogurt;4;7.51;19452;
2191;Potatoes;1;4.27;10831;
2191;Chicken;4;4.07;10831;
2191;Bread;5;2.62;10831;
2191;Onions;1;2.20;10831;
2191;Apples;5;9.98;10831;
2191;Tomatoes;3;5.76;10831;
2192;Eggs;5;3.20;51843;
2192;Apples;1;6.93;51843;
2192;Chicken;5;3.87;51843;
2192;Yogurt;1;6.31;51843;
2192;Bananas;5;8.05;51843;
2192;Juice;4;5.94;51843;
2192;Tomatoes;3;3.21;51843;
2193;Yogurt;4;5.33;24660;
2193;Chicken;2;4.86;24660;
2193;Butter;2;9.09;24660;
2193;Bananas;5;4.08;24660;
2193;Apples;5;9.60;24660;
2193;Juice;4;4.33;24660;
2194;Cheese;4;3.35;89782;
2194;Chicken;5;3.23;89782;
2194;Sugar;2;2.80;89782;
2194;Tomatoes;1;2.72;89782;
2194;Pasta;4;1.13;89782;
2194;Cereal;1;7.86;89782;
2195;Oranges;5;8.20;33224;
2195;Chicken;2;8.52;33224;
2195;Apples;2;3.87;33224;
2195;Bananas;3;4.24;33224;
2196;Pasta;5;7.63;38332;
2196;Cheese;1;4.06;38332;
2196;Tomatoes;4;6.20;38332;
2196;Yogurt;4;4.10;38332;
2196;Apples;1;6.20;38332;
2197;Oranges;4;4.63;38529;
2197;Apples;4;5.71;38529;
2197;Bananas;3;1.05;38529;
2197;Yogurt;5;4.64;38529;
2198;Cereal;3;6.11;54171;
2198;Pasta;5;9.28;54171;
2198;Milk;5;4.56;54171;
2198;Bananas;1;4.38;54171;
2198;Oranges;3;9.49;54171;
2199;Tea;5;9.46;79696;
2199;Sugar;1;4.96;79696;
2199;Coffee;5;3.62;79696;
2200;Onions;5;4.45;45291;
2200;Potatoes;1;2.38;45291;
2200;Bananas;4;6.82;45291;
2200;Coffee;2;1.22;45291;
2200;Tomatoes;1;8.59;45291;
2200;Chicken;1;7.37;45291;
2200;Bread;5;3.59;45291;
2200;Pasta;1;1.87;45291;
2201;Butter;3;7.38;96235;
2201;Sugar;1;7.62;96235;
2201;Coffee;2;9.64;96235;
2201;Bread;4;2.56;96235;
2202;Milk;2;3.46;26304;
2202;Sugar;5;7.70;26304;
2202;Tea;4;2.61;26304;
2202;Bananas;4;4.09;26304;
2202;Cereal;5;2.40;26304;
2202;Coffee;1;3.20;26304;
2202;Chicken;2;8.86;26304;
2203;Juice;3;2.18;45362;
2203;Apples;4;1.14;45362;
2203;Cheese;2;4.37;45362;
2203;Bananas;2;3.82;45362;
2203;Yogurt;1;5.22;45362;
2204;Eggs;5;2.40;69416;
2204;Sugar;4;9.52;69416;
2204;Bread;5;7.17;69416;
2204;Tea;3;7.32;69416;
2204;Butter;2;6.44;69416;
2204;Bananas;4;7.08;69416;
2204;Coffee;5;4.70;69416;
2205;Yogurt;1;5.61;59549;
2205;Sugar;3;9.18;59549;
2205;Cheese;2;4.96;59549;
2205;Apples;5;8.07;59549;
2205;Juice;4;9.95;59549;
2205;Bananas;2;7.05;59549;
2205;Bread;5;6.54;59549;
2206;Tomatoes;4;6.18;93295;
2206;Cheese;3;5.35;93295;
2206;Pasta;5;8.74;93295;
2206;Chicken;2;4.23;93295;
2207;Cereal;5;1.04;78374;
2207;Bananas;1;2.67;78374;
2207;Milk;1;9.39;78374;
2207;Oranges;3;4.12;78374;
2207;Apples;5;8.94;78374;
2207;Bread;3;7.52;78374;
2207;Tea;1;9.68;78374;
2208;Bananas;1;1.32;39795;
2208;Cereal;3;6.38;39795;
2208;Potatoes;1;3.50;39795;
2208;Yogurt;4;4.55;39795;
2208;Tea;3;8.76;39795;
2208;Apples;2;8.32;39795;
2208;Juice;4;2.90;39795;
2209;Cereal;4;6.25;23256;
2209;Milk;1;9.32;23256;
2209;Bananas;5;4.13;23256;
2209;Pasta;4;8.33;23256;
2210;Yogurt;1;2.16;17153;
2210;Chicken;5;3.54;17153;
2210;Coffee;5;7.87;17153;
2210;Apples;4;2.68;17153;
2210;Milk;3;2.32;17153;
2210;Tea;2;3.51;17153;
2210;Sugar;5;2.50;17153;
2211;Apples;5;6.65;27350;
2211;Bread;4;1.17;27350;
2211;Yogurt;2;7.34;27350;
2211;Bananas;3;8.09;27350;
2212;Butter;3;3.72;45430;
2212;Milk;3;2.70;45430;
2212;Bananas;2;1.49;45430;
2212;Cereal;4;1.93;45430;
2213;Coffee;3;2.59;31660;
2213;Sugar;5;2.84;31660;
2213;Apples;5;3.83;31660;
2213;Butter;5;4.75;31660;
2213;Oranges;4;8.77;31660;
2213;Pasta;3;5.23;31660;
2213;Bread;5;5.85;31660;
2214;Butter;4;2.47;47773;
2214;Sugar;5;5.99;47773;
2214;Bread;3;6.81;47773;
2214;Tomatoes;1;3.15;47773;
2214;Milk;1;1.62;47773;
2214;Coffee;3;6.91;47773;
2215;Cheese;2;6.42;32876;
2215;Tomatoes;2;5.83;32876;
2215;Coffee;1;7.41;32876;
2215;Juice;1;1.17;32876;
2215;Pasta;4;8.05;32876;
2216;Bananas;2;9.56;56605;
2216;Coffee;1;4.55;56605;
2216;Yogurt;4;7.85;56605;
2216;Milk;3;7.07;56605;
2216;Eggs;3;6.76;56605;
2216;Oranges;3;5.79;56605;
2216;Cereal;4;3.92;56605;
2216;Chicken;2;7.94;56605;
2217;Potatoes;4;3.27;13007;
2217;Chicken;3;1.94;13007;
2217;Tomatoes;1;1.80;13007;
2218;Sugar;5;8.86;49737;
2218;Tea;4;5.16;49737;
2218;Coffee;1;7.67;49737;
2219;Eggs;2;9.83;49443;
2219;Chicken;2;1.95;49443;
2219;Onions;4;1.92;49443;
2219;Potatoes;4;5.66;49443;
2219;Tomatoes;3;9.60;49443;
2220;Chicken;2;6.93;44488;
2220;Cereal;5;6.29;44488;
2220;Bananas;3;4.08;44488;
2220;Oranges;4;5.20;44488;
2220;Apples;5;4.48;44488;
2220;Bread;4;5.52;44488;
2221;Apples;4;5.59;52228;
2221;Cheese;1;2.66;52228;
2221;Eggs;3;6.44;52228;
2221;Oranges;1;9.41;52228;
2221;Cereal;1;1.58;52228;
2221;Coffee;1;9.86;52228;
2221;Bananas;3;1.27;52228;
2222;Oranges;4;6.90;36159;
2222;Potatoes;2;4.91;36159;
2222;Coffee;5;7.29;36159;
2222;Pasta;2;8.67;36159;
2222;Apples;3;2.73;36159;
2222;Sugar;4;9.37;36159;
2222;Tea;2;6.34;36159;
2223;Yogurt;3;2.89;63574;
2223;Sugar;4;6.18;63574;
2223;Butter;5;8.28;63574;
2223;Cheese;3;7.06;63574;
2223;Coffee;3;3.43;63574;
2223;Onions;2;6.59;63574;
2223;Bread;3;2.78;63574;
2224;Oranges;5;8.00;14847;
2224;Bread;4;4.23;14847;
2224;Bananas;2;3.56;14847;
2224;Potatoes;1;2.53;14847;
2224;Apples;5;3.71;14847;
2225;Bananas;3;5.20;98299;
2225;Onions;2;5.43;98299;
2225;Potatoes;4;4.76;98299;
2225;Tea;2;6.59;98299;
2225;Tomatoes;2;1.90;98299;
2225;Chicken;3;7.52;98299;
2225;Yogurt;2;3.44;98299;
2225;Milk;4;9.95;98299;
2226;Bread;3;8.38;73062;
2226;Tomatoes;5;4.63;73062;
2226;Cheese;4;9.20;73062;
2226;Bananas;2;4.53;73062;
2226;Coffee;5;6.05;73062;
2226;Apples;4;9.79;73062;
2226;Yogurt;3;9.40;73062;
2227;Butter;5;2.16;55196;
2227;Oranges;5;8.09;55196;
2227;Bananas;3;9.22;55196;
2227;Apples;3;6.87;55196;
2228;Sugar;1;4.14;44545;
2228;Coffee;2;5.66;44545;
2228;Juice;5;9.93;44545;
2228;Tea;4;5.41;44545;
2229;Butter;2;6.72;89663;
2229;Coffee;5;5.31;89663;
2229;Sugar;1;9.34;89663;
2230;Coffee;3;7.43;41908;
2230;Cheese;2;9.89;41908;
2230;Apples;3;2.81;41908;
2230;Juice;1;7.94;41908;
2230;Bananas;4;9.23;41908;
2230;Yogurt;3;3.19;41908;
2231;Oranges;3;8.52;90890;
2231;Bananas;5;2.19;90890;
2231;Apples;5;7.86;90890;
2232;Cereal;5;1.90;45269;
2232;Milk;4;4.29;45269;
2232;Bananas;2;2.20;45269;
2233;Oranges;1;7.67;22521;
2233;Onions;5;9.29;22521;
2233;Sugar;2;6.87;22521;
2233;Tomatoes;5;3.49;22521;
2233;Chicken;3;9.88;22521;
2233;Juice;1;1.31;22521;
2233;Potatoes;3;9.24;22521;
2234;Cereal;5;3.08;65402;
2234;Apples;4;4.79;65402;
2234;Yogurt;3;7.02;65402;
2234;Tomatoes;3;8.51;65402;
2234;Milk;5;5.37;65402;
2234;Bananas;1;7.13;65402;
2234;Coffee;1;7.55;65402;
2234;Pasta;3;5.79;65402;
2235;Bread;3;1.77;44407;
2235;Butter;3;5.05;44407;
2235;Sugar;1;6.07;44407;
2235;Coffee;5;6.53;44407;
2236;Butter;2;5.39;27350;
2236;Coffee;3;3.48;27350;
2236;Milk;3;3.96;27350;
2236;Bread;2;4.87;27350;
2236;Yogurt;2;6.77;27350;
2236;Tomatoes;1;3.82;27350;
2236;Sugar;5;4.22;27350;
2236;Eggs;2;6.29;27350;
2237;Pasta;4;6.99;33539;
2237;Tomatoes;3;4.42;33539;
2237;Potatoes;1;7.37;33539;
2237;Coffee;3;3.94;33539;
2237;Cheese;2;5.49;33539;
2237;Cereal;4;2.22;33539;
2238;Cereal;4;9.91;94664;
2238;Potatoes;1;8.40;94664;
2238;Juice;5;6.05;94664;
2238;Onions;5;3.50;94664;
2238;Milk;3;5.11;94664;
2238;Yogurt;1;5.36;94664;
2238;Apples;1;8.87;94664;
2238;Bananas;3;5.65;94664;
2239;Cereal;3;3.55;30161;
2239;Oranges;4;3.87;30161;
2239;Bananas;1;7.39;30161;
2239;Bread;3;9.68;30161;
2239;Milk;1;8.81;30161;
2239;Coffee;1;5.10;30161;
2239;Onions;3;9.25;30161;
2240;Potatoes;3;3.07;64963;
2240;Tomatoes;3;9.54;64963;
2240;Chicken;2;9.08;64963;
2240;Onions;5;3.82;64963;
2241;Onions;4;6.41;95683;
2241;Yogurt;5;3.28;95683;
2241;Tomatoes;2;1.59;95683;
2241;Apples;1;5.16;95683;
2241;Bananas;3;4.94;95683;
2242;Cheese;4;2.94;91886;
2242;Butter;4;6.95;91886;
2242;Apples;3;9.64;91886;
2242;Bananas;5;3.66;91886;
2242;Yogurt;1;1.77;91886;
2242;Juice;4;5.82;91886;
2243;Onions;1;4.29;62462;
2243;Tomatoes;5;7.49;62462;
2243;Potatoes;5;5.03;62462;
2244;Pasta;1;8.58;49291;
2244;Tomatoes;2;8.44;49291;
2244;Cheese;5;5.31;49291;
2244;Butter;5;1.64;49291;
2245;Apples;1;9.94;82481;
2245;Sugar;2;2.57;82481;
2245;Tea;2;2.64;82481;
2245;Coffee;2;3.64;82481;
2246;Sugar;1;2.75;59820;
2246;Coffee;2;4.13;59820;
2246;Pasta;2;7.87;59820;
2246;Bananas;4;4.61;59820;
2246;Bread;2;7.18;59820;
2246;Tea;1;3.55;59820;
2247;Bananas;2;1.21;42092;
2247;Milk;1;8.17;42092;
2247;Cereal;4;9.83;42092;
2247;Cheese;4;3.89;42092;
2247;Oranges;2;7.82;42092;
2248;Onions;1;6.45;84051;
2248;Tomatoes;5;9.27;84051;
2248;Apples;3;9.58;84051;
2248;Potatoes;5;6.87;84051;
2248;Sugar;4;5.18;84051;
2248;Chicken;2;4.43;84051;
2249;Potatoes;3;8.02;82685;
2249;Chicken;4;1.79;82685;
2249;Tomatoes;2;4.11;82685;
2250;Cheese;3;7.95;29317;
2250;Bread;5;5.98;29317;
2250;Tomatoes;2;7.34;29317;
2250;Pasta;1;5.21;29317;
2251;Bananas;4;2.96;51855;
2251;Juice;5;9.89;51855;
2251;Sugar;5;7.77;51855;
2251;Butter;5;3.79;51855;
2251;Coffee;3;6.48;51855;
2251;Tea;4;9.81;51855;
2252;Coffee;3;6.51;31959;
2252;Butter;1;6.82;31959;
2252;Bread;4;2.70;31959;
2252;Sugar;2;5.89;31959;
2253;Coffee;1;4.07;35006;
2253;Sugar;1;5.53;35006;
2253;Tea;2;4.78;35006;
2254;Sugar;1;2.25;21223;
2254;Oranges;1;6.80;21223;
2254;Bananas;4;3.42;21223;
2254;Apples;5;3.33;21223;
2255;Potatoes;5;5.85;22157;
2255;Oranges;2;2.51;22157;
2255;Chicken;3;3.59;22157;
2255;Bananas;3;7.23;22157;
2255;Tomatoes;5;7.79;22157;
2255;Onions;3;5.77;22157;
2255;Tea;5;1.63;22157;
2255;Yogurt;3;5.64;22157;
2256;Bananas;3;7.57;45179;
2256;Juice;3;9.75;45179;
2256;Butter;3;3.90;45179;
2256;Sugar;4;4.39;45179;
2256;Apples;2;3.77;45179;
2256;Oranges;2;3.63;45179;
2257;Pasta;3;3.53;43574;
2257;Bananas;2;7.28;43574;
2257;Tea;5;3.69;43574;
2257;Cheese;1;8.00;43574;
2257;Bread;5;2.87;43574;
2257;Tomatoes;5;2.20;43574;
2258;Pasta;3;1.55;45500;
2258;Milk;3;7.10;45500;
2258;Bananas;4;3.80;45500;
2258;Cereal;5;9.79;45500;
2259;Apples;4;9.58;32031;
2259;Yogurt;4;6.95;32031;
2259;Pasta;1;9.98;32031;
2259;Chicken;3;4.30;32031;
2259;Cereal;3;6.61;32031;
2259;Bread;3;7.37;32031;
2259;Bananas;5;9.01;32031;
2260;Apples;1;1.71;42309;
2260;Bananas;4;2.18;42309;
2260;Pasta;1;9.82;42309;
2260;Yogurt;2;6.11;42309;
2261;Potatoes;1;5.36;12190;
2261;Onions;3;9.38;12190;
2261;Chicken;5;6.06;12190;
2261;Eggs;5;1.27;12190;
2261;Tea;4;9.02;12190;
2261;Yogurt;4;4.01;12190;
2261;Tomatoes;5;3.84;12190;
2261;Sugar;3;4.32;12190;
2262;Tomatoes;4;8.86;96757;
2262;Potatoes;1;2.30;96757;
2262;Chicken;2;7.87;96757;
2262;Onions;5;2.81;96757;
2262;Eggs;4;7.92;96757;
2262;Coffee;5;6.45;96757;
2263;Coffee;4;1.38;72686;
2263;Bread;1;5.89;72686;
2263;Bananas;5;4.86;72686;
2263;Butter;2;4.54;72686;
2263;Milk;1;4.44;72686;
2263;Sugar;2;8.63;72686;
2263;Cereal;4;5.13;72686;
2264;Sugar;3;3.35;87213;
2264;Apples;3;7.26;87213;
2264;Potatoes;3;3.53;87213;
2264;Bananas;2;8.91;87213;
2264;Yogurt;3;2.52;87213;
2264;Oranges;4;6.52;87213;
2264;Cereal;3;2.01;87213;
2264;Cheese;2;5.40;87213;
2265;Milk;5;1.36;47567;
2265;Cereal;1;5.91;47567;
2265;Sugar;5;3.59;47567;
2265;Eggs;1;1.63;47567;
2265;Bananas;1;5.98;47567;
2265;Tomatoes;1;3.69;47567;
2266;Butter;5;3.69;15653;
2266;Potatoes;5;6.93;15653;
2266;Tea;2;1.90;15653;
2266;Tomatoes;3;8.14;15653;
2266;Chicken;4;5.94;15653;
2266;Bananas;5;9.69;15653;
2266;Yogurt;1;6.87;15653;
2266;Onions;2;1.05;15653;
2267;Bananas;1;1.52;88952;
2267;Oranges;2;9.13;88952;
2267;Cheese;3;8.91;88952;
2267;Juice;1;8.97;88952;
2267;Apples;1;5.91;88952;
2267;Tea;3;7.81;88952;
2268;Cereal;5;3.98;20995;
2268;Sugar;3;1.03;20995;
2268;Oranges;2;7.19;20995;
2268;Chicken;5;5.92;20995;
2268;Cheese;4;6.94;20995;
2268;Potatoes;4;2.22;20995;
2268;Apples;1;6.35;20995;
2268;Bananas;4;7.66;20995;
2269;Yogurt;2;9.50;22985;
2269;Bananas;3;6.30;22985;
2269;Bread;2;2.30;22985;
2269;Apples;4;1.48;22985;
2269;Tomatoes;2;8.83;22985;
2270;Bread;2;5.19;25597;
2270;Eggs;2;1.63;25597;
2270;Milk;5;8.32;25597;
2270;Coffee;1;6.90;25597;
2270;Tea;5;6.19;25597;
2270;Butter;2;3.28;25597;
2270;Bananas;1;3.23;25597;
2270;Sugar;5;6.23;25597;
2271;Bread;3;7.98;11456;
2271;Butter;4;1.24;11456;
2271;Sugar;1;6.18;11456;
2271;Apples;3;1.08;11456;
2271;Chicken;2;8.78;11456;
2271;Coffee;5;8.36;11456;
2271;Cereal;5;8.73;11456;
2272;Tea;5;7.29;55675;
2272;Coffee;2;6.72;55675;
2272;Sugar;5;6.68;55675;
2273;Tomatoes;4;3.28;81544;
2273;Chicken;3;1.29;81544;
2273;Juice;1;4.94;81544;
2273;Onions;3;3.47;81544;
2273;Eggs;2;2.17;81544;
2273;Potatoes;4;3.00;81544;
2274;Juice;4;5.12;13421;
2274;Chicken;4;1.99;13421;
2274;Coffee;5;9.80;13421;
2274;Sugar;1;6.81;13421;
2274;Oranges;1;8.62;13421;
2274;Bananas;1;9.86;13421;
2274;Apples;3;5.30;13421;
2275;Eggs;4;7.98;74212;
2275;Potatoes;5;3.18;74212;
2275;Onions;5;6.04;74212;
2275;Chicken;1;6.77;74212;
2275;Tomatoes;3;5.94;74212;
2276;Potatoes;3;6.12;12134;
2276;Onions;3;7.13;12134;
2276;Chicken;5;4.63;12134;
2277;Tomatoes;1;9.90;59595;
2277;Apples;3;1.44;59595;
2277;Tea;3;4.92;59595;
2277;Pasta;4;4.17;59595;
2277;Oranges;1;4.66;59595;
2277;Eggs;4;2.98;59595;
2277;Cheese;5;8.87;59595;
2278;Potatoes;5;7.77;73989;
2278;Pasta;2;9.97;73989;
2278;Chicken;1;3.65;73989;
2278;Tomatoes;2;6.28;73989;
2278;Oranges;5;1.29;73989;
2278;Eggs;2;2.23;73989;
2278;Cheese;2;9.89;73989;
2278;Sugar;2;5.04;73989;
2279;Pasta;2;2.75;59816;
2279;Tomatoes;4;3.27;59816;
2279;Juice;1;1.14;59816;
2279;Butter;3;9.75;59816;
2279;Cheese;4;4.93;59816;
2279;Onions;2;1.49;59816;
2280;Pasta;1;8.59;35339;
2280;Cheese;3;2.64;35339;
2280;Bananas;3;2.21;35339;
2280;Tomatoes;5;6.84;35339;
2281;Tea;1;9.77;59455;
2281;Sugar;5;1.99;59455;
2281;Coffee;4;8.23;59455;
2282;Juice;5;5.98;15894;
2282;Tea;3;2.52;15894;
2282;Potatoes;4;8.50;15894;
2282;Bread;1;7.61;15894;
2282;Butter;3;1.60;15894;
2282;Coffee;1;3.94;15894;
2282;Tomatoes;1;2.57;15894;
2282;Sugar;3;3.99;15894;
2283;Chicken;1;8.06;24656;
2283;Pasta;4;8.75;24656;
2283;Tomatoes;3;5.17;24656;
2283;Cheese;4;8.41;24656;
2284;Apples;5;1.67;79500;
2284;Pasta;1;6.77;79500;
2284;Cheese;2;2.76;79500;
2284;Tomatoes;3;6.06;79500;
2285;Bananas;3;7.71;36065;
2285;Apples;5;6.52;36065;
2285;Yogurt;5;7.96;36065;
2285;Onions;3;8.93;36065;
2285;Potatoes;2;9.53;36065;
2286;Onions;1;4.12;31487;
2286;Milk;3;7.47;31487;
2286;Bananas;1;9.80;31487;
2286;Butter;4;3.53;31487;
2286;Cereal;5;6.51;31487;
2287;Coffee;2;4.97;55208;
2287;Oranges;4;2.95;55208;
2287;Cheese;1;4.34;55208;
2287;Butter;5;2.28;55208;
2287;Tea;5;3.52;55208;
2287;Sugar;3;5.67;55208;
2287;Bread;4;3.79;55208;
2288;Butter;3;4.87;66846;
2288;Bananas;1;1.48;66846;
2288;Apples;5;3.68;66846;
2288;Cheese;5;4.85;66846;
2288;Yogurt;2;6.66;66846;
2288;Chicken;2;4.28;66846;
2289;Sugar;4;9.20;34435;
2289;Chicken;4;5.78;34435;
2289;Potatoes;3;3.94;34435;
2289;Onions;4;4.58;34435;
2289;Cereal;1;3.55;34435;
2289;Tomatoes;5;7.76;34435;
2290;Bread;4;8.64;76250;
2290;Cereal;4;7.14;76250;
2290;Coffee;1;6.29;76250;
2290;Sugar;2;1.11;76250;
2290;Onions;2;4.43;76250;
2290;Butter;4;5.48;76250;
2290;Yogurt;1;5.41;76250;
2291;Cereal;3;2.39;11367;
2291;Oranges;2;9.98;11367;
2291;Sugar;2;1.49;11367;
2291;Butter;5;2.28;11367;
2291;Juice;3;1.86;11367;
2291;Chicken;3;8.61;11367;
2291;Coffee;5;1.62;11367;
2291;Bread;4;4.62;11367;
2292;Milk;3;7.31;14740;
2292;Cereal;1;3.52;14740;
2292;Bananas;5;5.73;14740;
2293;Milk;5;6.40;14100;
2293;Tomatoes;4;4.96;14100;
2293;Juice;5;1.69;14100;
2293;Yogurt;4;2.29;14100;
2293;Pasta;3;8.42;14100;
2293;Onions;1;5.84;14100;
2293;Cheese;1;7.80;14100;
2294;Yogurt;1;6.13;66944;
2294;Apples;3;2.72;66944;
2294;Bananas;1;2.90;66944;
2295;Bananas;3;7.46;95923;
2295;Chicken;3;5.39;95923;
2295;Yogurt;5;5.21;95923;
2295;Apples;2;7.24;95923;
2295;Juice;2;2.96;95923;
2296;Sugar;4;8.82;68288;
2296;Coffee;2;4.51;68288;
2296;Tea;2;4.56;68288;
2296;Bread;5;8.47;68288;
2297;Cereal;1;7.40;22138;
2297;Sugar;4;7.50;22138;
2297;Bananas;1;5.72;22138;
2297;Potatoes;4;4.69;22138;
2297;Milk;5;4.79;22138;
2297;Tomatoes;2;9.16;22138;
2298;Bananas;4;2.51;91343;
2298;Eggs;3;2.27;91343;
2298;Oranges;1;6.26;91343;
2298;Apples;5;4.88;91343;
2299;Bananas;1;2.36;51570;
2299;Apples;4;6.22;51570;
2299;Oranges;4;2.07;51570;
2300;Chicken;3;7.05;77779;
2300;Cereal;1;3.61;77779;
2300;Onions;3;5.51;77779;
2300;Tomatoes;4;3.50;77779;
2300;Potatoes;3;0.99;77779;
2301;Tea;5;6.25;39301;
2301;Oranges;5;9.44;39301;
2301;Apples;2;6.26;39301;
2301;Coffee;1;6.67;39301;
2301;Sugar;1;5.51;39301;
2301;Bananas;5;4.18;39301;
2302;Butter;5;6.83;38124;
2302;Bread;3;3.43;38124;
2302;Yogurt;2;8.83;38124;
2302;Chicken;1;2.90;38124;
2302;Potatoes;3;7.88;38124;
2302;Sugar;1;4.23;38124;
2302;Coffee;4;6.18;38124;
2302;Bananas;4;7.17;38124;
2303;Milk;3;7.32;45560;
2303;Apples;2;2.40;45560;
2303;Bread;5;2.30;45560;
2303;Tea;5;3.67;45560;
2303;Potatoes;1;5.92;45560;
2303;Oranges;3;6.20;45560;
2303;Yogurt;5;5.59;45560;
2303;Bananas;3;4.76;45560;
2304;Oranges;1;5.09;40681;
2304;Yogurt;5;3.03;40681;
2304;Potatoes;2;9.39;40681;
2304;Apples;4;8.37;40681;
2304;Bananas;5;9.24;40681;
2304;Cheese;2;2.78;40681;
2305;Apples;1;9.95;54277;
2305;Oranges;3;1.71;54277;
2305;Chicken;5;7.26;54277;
2305;Bananas;3;4.15;54277;
2306;Coffee;3;6.79;42590;
2306;Sugar;5;4.42;42590;
2306;Bread;5;9.11;42590;
2307;Chicken;2;4.70;15298;
2307;Tea;1;3.56;15298;
2307;Sugar;3;3.47;15298;
2307;Apples;3;7.48;15298;
2307;Coffee;3;8.76;15298;
2308;Coffee;4;3.06;81955;
2308;Sugar;5;6.96;81955;
2308;Tea;1;7.90;81955;
2309;Onions;2;4.74;74450;
2309;Oranges;5;3.44;74450;
2309;Yogurt;4;4.40;74450;
2309;Potatoes;2;8.26;74450;
2309;Coffee;3;2.42;74450;
2309;Chicken;1;6.42;74450;
2309;Bananas;1;2.25;74450;
2309;Apples;2;1.40;74450;
2310;Cereal;3;4.45;69734;
2310;Apples;5;3.58;69734;
2310;Tea;5;4.78;69734;
2310;Bananas;2;7.53;69734;
2310;Coffee;2;4.05;69734;
2310;Oranges;3;5.71;69734;
2310;Milk;4;8.49;69734;
2311;Potatoes;3;7.31;32461;
2311;Oranges;4;8.73;32461;
2311;Chicken;1;4.87;32461;
2311;Tomatoes;3;5.27;32461;
2311;Onions;5;4.49;32461;
2312;Sugar;4;9.67;71588;
2312;Butter;4;7.66;71588;
2312;Coffee;1;7.66;71588;
2313;Bananas;5;3.41;62152;
2313;Bread;5;7.01;62152;
2313;Potatoes;4;1.80;62152;
2313;Coffee;3;2.52;62152;
2313;Tea;5;1.40;62152;
2313;Sugar;1;9.96;62152;
2313;Yogurt;2;7.89;62152;
2314;Sugar;3;8.09;92624;
2314;Bananas;4;8.18;92624;
2314;Apples;2;4.35;92624;
2314;Oranges;3;9.38;92624;
2314;Potatoes;1;3.21;92624;
2314;Eggs;4;1.10;92624;
2315;Tea;1;7.93;49847;
2315;Coffee;2;9.09;49847;
2315;Sugar;5;2.58;49847;
2316;Pasta;2;4.87;71079;
2316;Juice;2;1.29;71079;
2316;Tomatoes;1;6.12;71079;
2316;Tea;1;4.64;71079;
2316;Cheese;2;4.87;71079;
2316;Yogurt;4;4.57;71079;
2316;Milk;2;8.80;71079;
2317;Bananas;5;6.51;13320;
2317;Eggs;2;7.75;13320;
2317;Yogurt;5;5.36;13320;
2317;Apples;4;7.34;13320;
2318;Bananas;2;4.69;97568;
2318;Yogurt;5;1.25;97568;
2318;Cheese;4;5.22;97568;
2318;Oranges;4;7.30;97568;
2318;Apples;1;2.31;97568;
2319;Pasta;5;9.30;87405;
2319;Tomatoes;4;1.01;87405;
2319;Milk;4;3.41;87405;
2319;Potatoes;5;6.49;87405;
2319;Onions;2;4.84;87405;
2319;Cheese;5;9.58;87405;
2320;Coffee;2;4.43;11568;
2320;Cereal;4;1.56;11568;
2320;Butter;4;6.92;11568;
2320;Tea;2;5.80;11568;
2320;Sugar;5;6.75;11568;
2320;Bananas;5;9.03;11568;
2321;Butter;3;4.51;70359;
2321;Sugar;3;4.59;70359;
2321;Eggs;1;4.81;70359;
2321;Bread;2;4.67;70359;
2321;Coffee;4;2.93;70359;
2321;Tea;2;9.14;70359;
2322;Cereal;1;2.77;57062;
2322;Onions;4;9.32;57062;
2322;Bananas;5;4.67;57062;
2322;Milk;2;2.92;57062;
2322;Potatoes;3;3.88;57062;
2323;Pasta;2;7.73;83240;
2323;Tomatoes;3;2.24;83240;
2323;Yogurt;1;3.51;83240;
2323;Oranges;1;6.30;83240;
2323;Cheese;4;8.97;83240;
2323;Cereal;1;5.41;83240;
2324;Milk;1;3.50;35087;
2324;Cereal;4;4.31;35087;
2324;Bananas;5;6.29;35087;
2325;Butter;3;8.03;58927;
2325;Tomatoes;5;6.87;58927;
2325;Potatoes;5;4.27;58927;
2325;Pasta;5;4.88;58927;
2325;Cheese;5;3.62;58927;
2326;Potatoes;3;3.55;21214;
2326;Cheese;5;8.12;21214;
2326;Tomatoes;1;8.45;21214;
2326;Sugar;5;6.18;21214;
2326;Coffee;2;4.78;21214;
2326;Pasta;2;2.47;21214;
2326;Bread;2;5.36;21214;
2327;Cheese;1;8.72;57320;
2327;Tomatoes;1;6.32;57320;
2327;Bread;3;7.45;57320;
2327;Potatoes;3;6.21;57320;
2327;Chicken;5;7.65;57320;
2327;Onions;2;2.83;57320;
2328;Potatoes;2;1.00;24522;
2328;Cheese;4;6.59;24522;
2328;Onions;4;4.16;24522;
2328;Tomatoes;2;5.41;24522;
2328;Milk;1;5.06;24522;
2328;Chicken;4;9.45;24522;
2329;Butter;5;6.15;30160;
2329;Juice;2;5.30;30160;
2329;Cheese;2;1.28;30160;
2329;Pasta;3;5.20;30160;
2329;Eggs;2;3.03;30160;
2329;Tomatoes;1;7.41;30160;
2329;Cereal;1;5.69;30160;
2330;Coffee;3;1.95;51437;
2330;Tea;1;6.07;51437;
2330;Sugar;2;6.27;51437;
2330;Pasta;3;1.77;51437;
2330;Cheese;1;8.66;51437;
2330;Eggs;2;1.37;51437;
2331;Bread;3;4.00;50274;
2331;Sugar;1;6.40;50274;
2331;Coffee;5;6.04;50274;
2332;Juice;3;7.86;72580;
2332;Tea;1;4.43;72580;
2332;Oranges;5;2.60;72580;
2332;Eggs;5;2.71;72580;
2332;Bananas;3;9.80;72580;
2332;Apples;5;9.86;72580;
2333;Sugar;5;8.34;38728;
2333;Bread;4;7.30;38728;
2333;Juice;5;4.57;38728;
2333;Coffee;5;6.57;38728;
2333;Butter;2;4.48;38728;
2333;Milk;1;7.21;38728;
2334;Butter;1;4.74;69479;
2334;Bananas;3;6.84;69479;
2334;Cereal;2;1.26;69479;
2334;Milk;3;8.64;69479;
2335;Bread;5;5.74;14843;
2335;Chicken;5;7.41;14843;
2335;Oranges;2;6.41;14843;
2335;Apples;3;9.87;14843;
2335;Yogurt;5;1.59;14843;
2335;Milk;1;7.36;14843;
2335;Bananas;5;8.25;14843;
2336;Chicken;4;8.86;32078;
2336;Bananas;5;3.93;32078;
2336;Yogurt;1;2.16;32078;
2336;Apples;5;3.56;32078;
2337;Bananas;2;7.96;33998;
2337;Cheese;4;3.53;33998;
2337;Tomatoes;2;9.35;33998;
2337;Apples;5;3.81;33998;
2337;Bread;2;8.43;33998;
2337;Yogurt;3;3.11;33998;
2338;Cereal;4;2.58;33460;
2338;Bread;2;7.88;33460;
2338;Coffee;1;7.21;33460;
2338;Butter;4;2.07;33460;
2338;Sugar;2;2.40;33460;
2339;Butter;2;4.74;62480;
2339;Tomatoes;1;2.06;62480;
2339;Chicken;2;7.30;62480;
2339;Cereal;2;8.29;62480;
2339;Bread;5;9.98;62480;
2339;Onions;5;8.49;62480;
2339;Coffee;3;8.34;62480;
2339;Sugar;1;5.77;62480;
2340;Chicken;1;9.78;39784;
2340;Onions;3;8.24;39784;
2340;Potatoes;2;9.39;39784;
2341;Bananas;5;6.20;15309;
2341;Tomatoes;5;1.61;15309;
2341;Chicken;4;4.96;15309;
2341;Onions;3;6.44;15309;
2341;Potatoes;3;7.93;15309;
2341;Apples;1;9.52;15309;
2342;Sugar;3;3.57;95701;
2342;Chicken;4;4.90;95701;
2342;Pasta;5;2.93;95701;
2342;Butter;2;6.98;95701;
2342;Bread;3;1.19;95701;
2342;Tea;2;4.76;95701;
2342;Coffee;4;3.49;95701;
2342;Tomatoes;4;9.07;95701;
2343;Tomatoes;5;9.78;50468;
2343;Pasta;3;8.01;50468;
2343;Cheese;5;4.96;50468;
2344;Chicken;3;8.38;38158;
2344;Tomatoes;2;4.96;38158;
2344;Cheese;3;9.64;38158;
2344;Eggs;5;2.98;38158;
2344;Cereal;1;9.14;38158;
2344;Pasta;5;9.33;38158;
2345;Chicken;3;9.26;31661;
2345;Sugar;5;2.90;31661;
2345;Cereal;5;5.77;31661;
2345;Bread;4;2.65;31661;
2345;Yogurt;4;5.02;31661;
2345;Coffee;1;6.42;31661;
2345;Butter;2;6.78;31661;
2345;Milk;4;6.54;31661;
2346;Yogurt;3;2.20;26925;
2346;Apples;4;5.76;26925;
2346;Bananas;5;3.14;26925;
2346;Chicken;3;9.86;26925;
2347;Sugar;3;9.67;13992;
2347;Tomatoes;2;9.07;13992;
2347;Butter;4;8.54;13992;
2347;Coffee;3;4.40;13992;
2347;Bananas;2;9.74;13992;
2347;Bread;5;6.61;13992;
2348;Tomatoes;4;2.72;36952;
2348;Apples;4;7.40;36952;
2348;Yogurt;3;8.85;36952;
2348;Bananas;5;9.25;36952;
2349;Butter;4;7.39;90497;
2349;Coffee;4;8.25;90497;
2349;Tea;2;8.48;90497;
2349;Sugar;5;8.13;90497;
2350;Bananas;1;2.77;53276;
2350;Apples;5;9.45;53276;
2350;Yogurt;2;7.17;53276;
2351;Pasta;5;3.58;64607;
2351;Apples;3;1.60;64607;
2351;Bananas;1;6.75;64607;
2351;Oranges;1;9.10;64607;
2352;Pasta;3;9.45;44537;
2352;Oranges;1;7.21;44537;
2352;Cheese;3;6.97;44537;
2352;Juice;1;3.34;44537;
2352;Butter;2;8.70;44537;
2352;Apples;1;8.05;44537;
2352;Bananas;5;9.27;44537;
2352;Bread;5;3.17;44537;
2353;Cereal;5;5.76;47282;
2353;Butter;3;7.66;47282;
2353;Bread;1;3.55;47282;
2353;Yogurt;2;5.14;47282;
2353;Coffee;3;2.15;47282;
2353;Sugar;2;3.74;47282;
2353;Eggs;2;8.72;47282;
2354;Bananas;5;4.19;36630;
2354;Cereal;3;6.57;36630;
2354;Chicken;1;3.57;36630;
2354;Milk;3;3.69;36630;
2355;Oranges;5;8.49;30627;
2355;Bananas;1;9.11;30627;
2355;Yogurt;4;5.46;30627;
2355;Apples;5;7.72;30627;
2356;Coffee;3;5.20;48457;
2356;Tea;1;9.28;48457;
2356;Apples;4;3.01;48457;
2356;Bananas;5;3.55;48457;
2356;Potatoes;3;1.00;48457;
2356;Yogurt;1;4.03;48457;
2357;Butter;4;5.97;41758;
2357;Tea;3;4.88;41758;
2357;Sugar;1;3.24;41758;
2357;Bread;1;5.96;41758;
2357;Coffee;5;8.87;41758;
2358;Pasta;5;2.08;85883;
2358;Apples;5;5.11;85883;
2358;Tomatoes;5;3.24;85883;
2358;Bananas;3;7.62;85883;
2358;Sugar;1;6.43;85883;
2358;Yogurt;4;4.90;85883;
2359;Butter;4;9.90;50017;
2359;Coffee;2;8.05;50017;
2359;Sugar;1;6.02;50017;
2359;Tea;4;3.25;50017;
2359;Apples;4;6.03;50017;
2359;Cheese;5;6.11;50017;
2359;Bread;4;6.98;50017;
2360;Potatoes;3;7.42;23541;
2360;Milk;5;8.09;23541;
2360;Chicken;5;9.94;23541;
2360;Apples;3;8.74;23541;
2360;Tomatoes;4;9.97;23541;
2360;Onions;1;3.61;23541;
2360;Pasta;1;3.79;23541;
2360;Cheese;4;9.53;23541;
2361;Tomatoes;4;3.18;91632;
2361;Potatoes;2;2.00;91632;
2361;Chicken;4;8.98;91632;
2361;Onions;2;3.22;91632;
2362;Cheese;2;7.54;40675;
2362;Sugar;4;7.54;40675;
2362;Tea;1;8.05;40675;
2362;Juice;2;1.45;40675;
2362;Chicken;5;3.15;40675;
2362;Coffee;3;2.24;40675;
2362;Butter;2;2.34;40675;
2363;Tomatoes;5;3.62;25657;
2363;Chicken;5;8.87;25657;
2363;Pasta;2;3.21;25657;
2363;Cheese;1;4.56;25657;
2363;Cereal;1;7.55;25657;
2363;Juice;1;9.32;25657;
2364;Milk;4;8.84;35724;
2364;Cereal;5;8.22;35724;
2364;Oranges;3;1.93;35724;
2364;Yogurt;1;9.39;35724;
2364;Bananas;3;5.84;35724;
2364;Potatoes;2;3.58;35724;
2365;Coffee;1;4.72;39999;
2365;Sugar;5;9.12;39999;
2365;Tea;4;5.19;39999;
2366;Tomatoes;2;9.39;82418;
2366;Cheese;3;3.63;82418;
2366;Pasta;4;8.70;82418;
2367;Apples;5;5.59;91909;
2367;Oranges;2;8.63;91909;
2367;Juice;1;7.41;91909;
2367;Eggs;4;3.15;91909;
2367;Bread;4;7.15;91909;
2367;Yogurt;5;6.06;91909;
2367;Bananas;5;1.83;91909;
2368;Coffee;4;3.49;64791;
2368;Sugar;4;6.92;64791;
2368;Butter;2;8.60;64791;
2368;Bread;5;4.34;64791;
2369;Apples;4;2.31;30437;
2369;Bananas;2;9.80;30437;
2369;Oranges;3;9.41;30437;
2370;Chicken;5;5.09;44182;
2370;Tomatoes;3;5.39;44182;
2370;Eggs;1;4.46;44182;
2370;Onions;5;5.79;44182;
2370;Potatoes;3;4.60;44182;
2371;Cheese;5;7.21;60269;
2371;Pasta;5;8.08;60269;
2371;Tomatoes;4;9.86;60269;
2372;Chicken;4;8.26;13040;
2372;Eggs;5;3.69;13040;
2372;Onions;2;5.57;13040;
2372;Potatoes;1;6.01;13040;
2372;Tomatoes;3;7.92;13040;
2372;Oranges;3;7.45;13040;
2373;Juice;5;9.53;89058;
2373;Tea;2;3.37;89058;
2373;Sugar;5;8.13;89058;
2373;Coffee;5;4.62;89058;
2374;Cheese;4;3.65;35154;
2374;Coffee;1;7.69;35154;
2374;Oranges;4;8.91;35154;
2374;Tomatoes;4;1.59;35154;
2374;Pasta;4;8.74;35154;
2375;Cereal;3;5.78;11085;
2375;Tomatoes;3;3.56;11085;
2375;Butter;3;9.40;11085;
2375;Coffee;2;4.40;11085;
2375;Bread;2;3.57;11085;
2375;Sugar;2;9.51;11085;
2376;Butter;5;4.77;61638;
2376;Potatoes;1;6.34;61638;
2376;Onions;5;6.96;61638;
2376;Tomatoes;5;7.09;61638;
2376;Chicken;4;1.23;61638;
2376;Tea;5;3.18;61638;
2376;Bread;5;4.80;61638;
2377;Sugar;3;1.89;29796;
2377;Butter;1;9.01;29796;
2377;Coffee;3;9.18;29796;
2377;Bread;5;4.96;29796;
2378;Cereal;2;9.16;30862;
2378;Yogurt;3;4.88;30862;
2378;Bananas;1;3.98;30862;
2378;Tomatoes;5;1.45;30862;
2378;Apples;4;4.23;30862;
2378;Milk;5;6.26;30862;
2378;Pasta;2;3.58;30862;
2378;Eggs;5;7.32;30862;
2379;Coffee;2;3.79;86560;
2379;Potatoes;3;8.27;86560;
2379;Sugar;3;1.17;86560;
2379;Tea;5;9.28;86560;
2380;Apples;2;4.71;25263;
2380;Cheese;4;6.09;25263;
2380;Pasta;5;2.46;25263;
2380;Bananas;4;9.83;25263;
2380;Bread;3;8.47;25263;
2380;Yogurt;5;1.08;25263;
2381;Coffee;4;2.73;35095;
2381;Bananas;3;6.18;35095;
2381;Oranges;3;7.93;35095;
2381;Butter;4;7.73;35095;
2381;Juice;4;8.78;35095;
2381;Eggs;2;7.64;35095;
2381;Cheese;5;7.15;35095;
2381;Apples;5;3.40;35095;
2382;Pasta;3;6.13;19247;
2382;Tomatoes;1;6.07;19247;
2382;Onions;1;3.35;19247;
2382;Cheese;2;2.30;19247;
2383;Oranges;5;6.76;95685;
2383;Apples;2;1.23;95685;
2383;Bananas;5;1.46;95685;
2384;Yogurt;2;4.09;27083;
2384;Butter;3;7.22;27083;
2384;Bread;4;8.82;27083;
2384;Sugar;5;7.08;27083;
2384;Tea;5;9.15;27083;
2384;Chicken;1;9.45;27083;
2384;Coffee;1;8.71;27083;
2385;Coffee;1;1.69;26168;
2385;Tea;2;6.14;26168;
2385;Sugar;4;9.44;26168;
2386;Apples;2;1.70;20306;
2386;Onions;3;1.47;20306;
2386;Bananas;3;9.44;20306;
2386;Yogurt;5;2.88;20306;
2386;Tomatoes;5;9.94;20306;
2386;Tea;5;7.50;20306;
2386;Butter;3;3.15;20306;
2386;Juice;4;7.10;20306;
2387;Bananas;1;1.27;56983;
2387;Pasta;4;7.94;56983;
2387;Milk;5;3.82;56983;
2387;Juice;4;3.58;56983;
2387;Cereal;1;2.64;56983;
2387;Tea;1;1.10;56983;
2387;Sugar;5;2.16;56983;
2387;Apples;3;4.17;56983;
2388;Coffee;3;2.83;33317;
2388;Sugar;5;6.71;33317;
2388;Butter;3;4.94;33317;
2388;Bread;4;8.48;33317;
2389;Apples;1;9.21;91408;
2389;Onions;3;9.85;91408;
2389;Oranges;4;8.85;91408;
2389;Yogurt;3;6.07;91408;
2389;Bananas;5;2.15;91408;
2389;Chicken;2;2.50;91408;
2390;Juice;1;8.66;32942;
2390;Sugar;3;4.50;32942;
2390;Coffee;3;5.12;32942;
2390;Bread;4;7.73;32942;
2390;Butter;3;5.90;32942;
2390;Tomatoes;4;2.39;32942;
2391;Coffee;2;9.62;18375;
2391;Bread;4;7.31;18375;
2391;Sugar;4;3.19;18375;
2391;Butter;1;3.91;18375;
2392;Onions;4;4.49;78175;
2392;Cereal;3;4.13;78175;
2392;Chicken;1;6.53;78175;
2392;Bananas;2;7.63;78175;
2392;Pasta;4;9.66;78175;
2392;Tomatoes;2;3.79;78175;
2392;Potatoes;2;2.76;78175;
2393;Oranges;5;4.34;15330;
2393;Butter;2;9.07;15330;
2393;Bananas;4;2.40;15330;
2393;Tea;1;5.17;15330;
2393;Pasta;5;6.09;15330;
2393;Sugar;3;9.77;15330;
2393;Apples;2;5.61;15330;
2393;Tomatoes;4;2.58;15330;
2394;Apples;4;3.79;21536;
2394;Tomatoes;5;7.65;21536;
2394;Chicken;1;4.04;21536;
2394;Cheese;5;4.05;21536;
2394;Potatoes;3;5.18;21536;
2394;Oranges;4;7.80;21536;
2394;Cereal;4;5.76;21536;
2394;Onions;3;9.52;21536;
2395;Bread;5;8.02;40421;
2395;Apples;5;8.89;40421;
2395;Coffee;5;6.66;40421;
2395;Cereal;2;3.19;40421;
2395;Yogurt;3;4.69;40421;
2395;Bananas;5;4.96;40421;
2396;Tomatoes;3;4.91;97146;
2396;Apples;5;6.35;97146;
2396;Eggs;3;1.93;97146;
2396;Pasta;3;5.26;97146;
2396;Juice;5;1.62;97146;
2396;Milk;3;5.47;97146;
2396;Bananas;3;6.71;97146;
2396;Yogurt;1;8.31;97146;
2397;Milk;3;9.86;45844;
2397;Bananas;4;6.32;45844;
2397;Bread;1;8.16;45844;
2397;Apples;5;7.86;45844;
2397;Cereal;1;3.59;45844;
2397;Sugar;1;2.37;45844;
2397;Juice;3;9.65;45844;
2397;Yogurt;3;8.48;45844;
2398;Potatoes;1;4.11;84196;
2398;Tomatoes;5;9.78;84196;
2398;Yogurt;5;7.39;84196;
2398;Chicken;5;3.27;84196;
2398;Butter;2;6.20;84196;
2398;Onions;4;9.11;84196;
2399;Pasta;2;9.30;68575;
2399;Cheese;4;7.45;68575;
2399;Tea;3;1.21;68575;
2399;Sugar;5;9.89;68575;
2399;Coffee;5;8.58;68575;
2399;Yogurt;5;2.38;68575;
2399;Tomatoes;1;3.24;68575;
2399;Chicken;5;5.44;68575;
2400;Onions;4;8.06;24301;
2400;Milk;5;2.19;24301;
2400;Cheese;2;9.44;24301;
2400;Cereal;1;3.03;24301;
2400;Bananas;1;5.90;24301;
2401;Cheese;1;5.50;20199;
2401;Pasta;5;3.64;20199;
2401;Sugar;3;4.86;20199;
2401;Tomatoes;4;3.70;20199;
2402;Bananas;2;1.02;99745;
2402;Cereal;4;6.25;99745;
2402;Pasta;5;2.40;99745;
2402;Tea;3;4.75;99745;
2402;Yogurt;2;8.52;99745;
2402;Chicken;5;6.30;99745;
2402;Apples;5;7.00;99745;
2403;Tomatoes;1;6.37;35039;
2403;Pasta;4;5.48;35039;
2403;Cheese;2;4.64;35039;
2403;Potatoes;3;4.13;35039;
2403;Yogurt;4;7.74;35039;
2403;Bread;5;8.77;35039;
2403;Butter;1;1.74;35039;
2404;Cereal;3;9.26;39672;
2404;Milk;1;7.38;39672;
2404;Bananas;1;3.19;39672;
2404;Bread;4;1.37;39672;
2405;Tomatoes;4;9.62;28715;
2405;Cheese;2;7.03;28715;
2405;Pasta;4;2.73;28715;
2406;Oranges;2;1.11;76704;
2406;Butter;2;3.27;76704;
2406;Sugar;2;7.91;76704;
2406;Bread;4;2.17;76704;
2406;Coffee;5;1.25;76704;
2407;Tomatoes;5;2.89;11066;
2407;Chicken;1;5.77;11066;
2407;Potatoes;2;2.02;11066;
2408;Sugar;2;7.18;34028;
2408;Coffee;5;5.09;34028;
2408;Bread;3;2.60;34028;
2409;Potatoes;3;4.80;15303;
2409;Chicken;3;1.65;15303;
2409;Tomatoes;4;4.24;15303;
2409;Onions;2;4.13;15303;
2410;Sugar;1;5.70;95305;
2410;Coffee;3;7.54;95305;
2410;Bread;2;7.47;95305;
2411;Potatoes;3;5.37;11413;
2411;Juice;5;8.32;11413;
2411;Cereal;3;8.29;11413;
2411;Bananas;5;1.17;11413;
2411;Milk;2;8.46;11413;
2412;Coffee;5;5.56;30608;
2412;Sugar;3;6.60;30608;
2412;Butter;3;9.34;30608;
2413;Chicken;5;8.12;69176;
2413;Bread;4;6.87;69176;
2413;Coffee;2;7.95;69176;
2413;Sugar;4;4.31;69176;
2413;Juice;3;9.49;69176;
2413;Milk;4;8.86;69176;
2413;Yogurt;5;8.69;69176;
2413;Tea;2;7.69;69176;
2414;Sugar;5;1.71;27098;
2414;Apples;4;5.23;27098;
2414;Tomatoes;3;5.40;27098;
2414;Coffee;5;7.29;27098;
2414;Tea;4;2.86;27098;
2415;Eggs;3;7.01;94948;
2415;Cheese;1;8.87;94948;
2415;Pasta;2;6.81;94948;
2415;Tomatoes;3;3.49;94948;
2416;Cheese;1;5.48;14879;
2416;Pasta;4;9.38;14879;
2416;Tomatoes;3;3.35;14879;
2417;Oranges;4;1.64;10635;
2417;Tomatoes;3;1.81;10635;
2417;Coffee;2;1.33;10635;
2417;Onions;1;6.81;10635;
2417;Chicken;2;8.69;10635;
2417;Cereal;3;2.89;10635;
2417;Butter;3;3.02;10635;
2417;Potatoes;5;3.29;10635;
2418;Cereal;3;8.24;25604;
2418;Yogurt;4;8.34;25604;
2418;Tea;3;5.54;25604;
2418;Bananas;2;8.97;25604;
2418;Pasta;5;1.91;25604;
2418;Apples;4;8.74;25604;
2418;Cheese;3;4.04;25604;
2418;Sugar;2;2.75;25604;
2419;Sugar;4;1.88;41412;
2419;Bread;1;5.36;41412;
2419;Coffee;4;9.36;41412;
2420;Bananas;5;1.76;68896;
2420;Tomatoes;4;2.96;68896;
2420;Pasta;4;7.43;68896;
2420;Yogurt;3;6.05;68896;
2420;Cheese;2;1.37;68896;
2420;Apples;4;7.33;68896;
2420;Sugar;5;9.22;68896;
2421;Cheese;1;9.33;63003;
2421;Bananas;5;5.06;63003;
2421;Cereal;1;7.91;63003;
2421;Milk;1;2.56;63003;
2421;Oranges;3;1.18;63003;
2421;Pasta;3;5.25;63003;
2421;Eggs;3;8.22;63003;
2422;Tea;1;8.60;14335;
2422;Pasta;5;3.25;14335;
2422;Yogurt;5;3.34;14335;
2422;Sugar;1;5.49;14335;
2422;Cereal;1;5.69;14335;
2422;Coffee;4;5.94;14335;
2422;Bananas;3;3.41;14335;
2422;Eggs;5;4.52;14335;
2423;Yogurt;4;6.32;83870;
2423;Potatoes;2;9.65;83870;
2423;Apples;5;8.39;83870;
2423;Bananas;4;5.58;83870;
2424;Pasta;2;6.26;62692;
2424;Tomatoes;1;8.46;62692;
2424;Yogurt;4;8.24;62692;
2424;Cheese;3;8.02;62692;
2425;Cheese;4;9.03;77802;
2425;Bananas;5;5.66;77802;
2425;Apples;1;6.56;77802;
2425;Oranges;1;3.71;77802;
2426;Chicken;2;4.36;79800;
2426;Sugar;3;2.29;79800;
2426;Tomatoes;1;7.71;79800;
2426;Onions;1;2.82;79800;
2426;Potatoes;2;6.18;79800;
2427;Onions;1;5.43;71619;
2427;Juice;4;1.33;71619;
2427;Tomatoes;3;3.75;71619;
2427;Apples;3;9.77;71619;
2427;Bananas;5;1.51;71619;
2427;Milk;3;5.00;71619;
2427;Oranges;1;3.94;71619;
2428;Sugar;1;9.72;60502;
2428;Butter;3;4.01;60502;
2428;Coffee;4;8.47;60502;
2428;Milk;4;4.70;60502;
2428;Bread;2;8.87;60502;
2428;Chicken;5;8.20;60502;
2428;Apples;2;1.05;60502;
2429;Sugar;4;7.00;25397;
2429;Coffee;1;2.98;25397;
2429;Chicken;2;1.57;25397;
2429;Apples;3;7.12;25397;
2429;Tomatoes;3;9.97;25397;
2429;Tea;5;3.89;25397;
2430;Apples;5;6.43;56388;
2430;Tomatoes;3;6.44;56388;
2430;Butter;2;4.20;56388;
2430;Bread;5;8.52;56388;
2430;Yogurt;1;9.74;56388;
2430;Pasta;1;4.61;56388;
2430;Cheese;2;5.42;56388;
2431;Tea;3;5.66;65733;
2431;Bananas;4;2.32;65733;
2431;Butter;4;3.24;65733;
2431;Sugar;3;9.80;65733;
2431;Coffee;1;5.74;65733;
2431;Bread;5;1.76;65733;
2431;Chicken;3;9.39;65733;
2431;Oranges;5;4.08;65733;
2432;Cereal;2;1.77;33323;
2432;Milk;4;7.83;33323;
2432;Bananas;3;9.68;33323;
2433;Chicken;3;5.18;20290;
2433;Bread;5;3.65;20290;
2433;Tomatoes;5;8.39;20290;
2433;Potatoes;2;4.44;20290;
2433;Cheese;2;5.84;20290;
2433;Coffee;2;4.48;20290;
2433;Sugar;4;1.33;20290;
2433;Onions;4;9.45;20290;
2434;Milk;2;8.15;33889;
2434;Tomatoes;3;8.82;33889;
2434;Cheese;2;5.56;33889;
2434;Pasta;5;5.39;33889;
2435;Chicken;1;6.83;92096;
2435;Tomatoes;1;1.35;92096;
2435;Potatoes;1;3.05;92096;
2435;Onions;5;6.41;92096;
2435;Cereal;2;7.01;92096;
2436;Chicken;5;2.98;71054;
2436;Coffee;1;5.11;71054;
2436;Sugar;2;2.63;71054;
2436;Milk;3;7.17;71054;
2436;Bananas;4;3.57;71054;
2436;Cereal;3;7.19;71054;
2437;Yogurt;4;3.71;27186;
2437;Bananas;4;6.16;27186;
2437;Apples;4;1.91;27186;
2437;Juice;2;4.88;27186;
2438;Pasta;4;3.67;95707;
2438;Onions;4;5.32;95707;
2438;Cereal;5;1.47;95707;
2438;Bananas;1;8.12;95707;
2438;Tomatoes;2;1.52;95707;
2438;Chicken;3;4.94;95707;
2438;Apples;1;7.97;95707;
2438;Cheese;3;9.82;95707;
2439;Yogurt;3;2.00;35173;
2439;Juice;3;1.60;35173;
2439;Apples;3;6.00;35173;
2439;Bananas;1;7.71;35173;
2439;Onions;1;8.40;35173;
2440;Bananas;1;2.84;14124;
2440;Butter;4;1.71;14124;
2440;Yogurt;3;1.96;14124;
2440;Sugar;3;1.36;14124;
2440;Coffee;4;8.49;14124;
2440;Milk;5;7.91;14124;
2440;Tea;1;5.01;14124;
2440;Bread;1;8.54;14124;
2441;Coffee;4;1.48;54941;
2441;Bananas;4;7.92;54941;
2441;Sugar;5;3.72;54941;
2441;Bread;1;8.31;54941;
2441;Butter;4;5.01;54941;
2442;Bananas;2;4.97;25352;
2442;Apples;1;8.55;25352;
2442;Sugar;1;8.05;25352;
2442;Oranges;4;4.92;25352;
2442;Yogurt;1;2.09;25352;
2442;Butter;1;9.37;25352;
2442;Tomatoes;3;9.91;25352;
2442;Cheese;2;5.56;25352;
2443;Cheese;3;7.46;61831;
2443;Tomatoes;1;9.29;61831;
2443;Pasta;1;9.96;61831;
2443;Butter;4;2.90;61831;
2443;Eggs;2;3.89;61831;
2444;Bread;3;6.63;68449;
2444;Tea;1;5.53;68449;
2444;Apples;4;1.59;68449;
2444;Bananas;2;6.18;68449;
2444;Yogurt;1;7.38;68449;
2444;Potatoes;4;4.03;68449;
2444;Tomatoes;1;6.42;68449;
2445;Bread;5;3.04;69371;
2445;Coffee;5;6.01;69371;
2445;Onions;1;3.80;69371;
2445;Cereal;4;1.23;69371;
2445;Sugar;2;2.16;69371;
2445;Tea;1;6.24;69371;
2446;Chicken;1;8.59;34496;
2446;Onions;4;8.40;34496;
2446;Potatoes;2;1.06;34496;
2446;Tomatoes;2;8.52;34496;
2447;Tomatoes;5;3.41;92710;
2447;Chicken;1;8.67;92710;
2447;Onions;5;5.07;92710;
2448;Juice;3;4.37;13904;
2448;Yogurt;2;5.43;13904;
2448;Coffee;2;9.92;13904;
2448;Eggs;2;1.85;13904;
2448;Bread;1;2.34;13904;
2448;Bananas;3;8.46;13904;
2448;Apples;4;4.47;13904;
2449;Apples;2;9.01;60654;
2449;Bananas;5;3.03;60654;
2449;Oranges;5;1.78;60654;
2450;Apples;5;6.54;56142;
2450;Bread;3;3.59;56142;
2450;Onions;5;2.96;56142;
2450;Yogurt;5;4.96;56142;
2450;Coffee;5;7.92;56142;
2450;Bananas;4;2.60;56142;
2450;Cereal;3;2.45;56142;
2451;Chicken;5;4.83;50248;
2451;Tomatoes;2;8.73;50248;
2451;Potatoes;3;6.50;50248;
2451;Onions;2;7.81;50248;
2452;Tea;2;7.77;45539;
2452;Coffee;4;7.86;45539;
2452;Sugar;1;4.44;45539;
2453;Tea;3;9.53;62839;
2453;Yogurt;1;6.63;62839;
2453;Pasta;4;5.15;62839;
2453;Cheese;3;3.79;62839;
2453;Chicken;3;6.11;62839;
2453;Butter;3;8.72;62839;
2453;Tomatoes;4;2.44;62839;
2453;Bananas;5;8.84;62839;
2454;Bananas;5;9.70;76082;
2454;Oranges;3;9.03;76082;
2454;Apples;3;6.27;76082;
2455;Tea;1;9.05;33855;
2455;Butter;2;5.24;33855;
2455;Cheese;3;3.14;33855;
2455;Pasta;4;9.04;33855;
2455;Oranges;5;9.05;33855;
2455;Tomatoes;5;8.00;33855;
2456;Bread;1;3.20;95930;
2456;Chicken;2;5.17;95930;
2456;Onions;5;7.94;95930;
2456;Potatoes;4;8.24;95930;
2456;Oranges;3;1.50;95930;
2456;Pasta;5;2.16;95930;
2456;Tomatoes;3;5.37;95930;
2456;Butter;5;2.29;95930;
2457;Tomatoes;2;1.14;12150;
2457;Cereal;4;5.56;12150;
2457;Apples;4;6.17;12150;
2457;Coffee;2;4.57;12150;
2457;Bread;5;5.29;12150;
2457;Bananas;1;4.52;12150;
2457;Yogurt;5;2.72;12150;
2457;Butter;1;9.18;12150;
2458;Bread;2;9.62;80298;
2458;Butter;4;5.67;80298;
2458;Sugar;1;3.93;80298;
2459;Cereal;1;8.39;69102;
2459;Chicken;1;2.14;69102;
2459;Onions;4;4.91;69102;
2459;Potatoes;2;7.87;69102;
2459;Tomatoes;3;9.47;69102;
2460;Milk;5;4.09;18972;
2460;Butter;5;8.88;18972;
2460;Bananas;3;7.48;18972;
2460;Cheese;2;8.34;18972;
2460;Pasta;3;1.19;18972;
2460;Tomatoes;5;7.09;18972;
2461;Eggs;1;3.99;98268;
2461;Apples;3;7.23;98268;
2461;Milk;2;8.37;98268;
2461;Yogurt;5;9.57;98268;
2461;Coffee;5;9.84;98268;
2461;Oranges;2;7.06;98268;
2461;Bananas;3;1.64;98268;
2461;Potatoes;5;4.94;98268;
2462;Bread;3;4.96;79521;
2462;Sugar;1;8.36;79521;
2462;Coffee;5;3.67;79521;
2463;Milk;2;8.60;74209;
2463;Bananas;4;5.71;74209;
2463;Cheese;2;4.53;74209;
2463;Cereal;5;6.12;74209;
2464;Tea;5;7.24;84296;
2464;Eggs;4;3.21;84296;
2464;Apples;1;7.33;84296;
2464;Tomatoes;4;1.53;84296;
2464;Juice;2;4.71;84296;
2464;Coffee;3;3.22;84296;
2464;Sugar;1;7.35;84296;
2465;Tomatoes;4;3.42;66558;
2465;Potatoes;5;8.05;66558;
2465;Cheese;2;6.37;66558;
2465;Chicken;2;8.50;66558;
2465;Onions;1;8.18;66558;
2466;Oranges;3;5.23;75822;
2466;Apples;1;6.96;75822;
2466;Milk;2;4.41;75822;
2466;Bananas;4;7.33;75822;
2467;Sugar;2;6.38;90589;
2467;Butter;2;8.95;90589;
2467;Coffee;3;4.81;90589;
2468;Sugar;3;4.59;15370;
2468;Butter;3;8.40;15370;
2468;Bread;4;7.67;15370;
2468;Coffee;4;2.14;15370;
2469;Cereal;4;5.69;82049;
2469;Milk;5;1.01;82049;
2469;Bananas;2;7.03;82049;
2469;Juice;3;8.25;82049;
2469;Oranges;3;2.42;82049;
2469;Bread;1;6.25;82049;
2469;Apples;1;1.28;82049;
2469;Onions;5;8.69;82049;
2470;Eggs;1;9.83;98366;
2470;Tomatoes;2;7.16;98366;
2470;Bananas;3;5.63;98366;
2470;Milk;2;4.23;98366;
2470;Potatoes;1;6.66;98366;
2470;Onions;1;1.84;98366;
2470;Cereal;4;2.60;98366;
2471;Sugar;1;1.97;19306;
2471;Yogurt;2;1.82;19306;
2471;Coffee;1;2.89;19306;
2471;Tea;3;3.96;19306;
2471;Milk;4;7.06;19306;
2472;Cereal;4;4.70;45355;
2472;Bananas;4;9.87;45355;
2472;Yogurt;3;4.53;45355;
2472;Milk;1;1.04;45355;
2473;Bread;2;6.27;23408;
2473;Butter;2;2.97;23408;
2473;Coffee;3;1.79;23408;
2474;Bread;2;9.70;81423;
2474;Sugar;1;3.99;81423;
2474;Butter;3;5.95;81423;
2474;Cheese;5;6.27;81423;
2474;Coffee;3;3.60;81423;
2475;Chicken;2;3.47;80191;
2475;Bananas;3;8.15;80191;
2475;Yogurt;4;4.01;80191;
2475;Apples;4;6.77;80191;
2475;Juice;2;6.88;80191;
2475;Onions;1;5.90;80191;
2475;Tomatoes;4;2.37;80191;
2475;Eggs;2;9.59;80191;
2476;Butter;2;3.77;90735;
2476;Tea;5;2.96;90735;
2476;Sugar;2;1.54;90735;
2476;Bread;5;2.33;90735;
2476;Coffee;4;9.86;90735;
2477;Milk;1;3.50;82614;
2477;Bananas;4;2.61;82614;
2477;Cereal;1;5.34;82614;
2478;Pasta;5;8.12;21615;
2478;Cheese;5;5.13;21615;
2478;Tomatoes;4;2.36;21615;
2478;Juice;4;1.69;21615;
2478;Oranges;5;6.84;21615;
2478;Bread;4;7.40;21615;
2479;Chicken;5;8.57;10060;
2479;Tomatoes;5;5.30;10060;
2479;Potatoes;5;8.69;10060;
2480;Sugar;3;2.11;25206;
2480;Bread;2;2.35;25206;
2480;Butter;3;3.66;25206;
2480;Coffee;3;8.10;25206;
2481;Eggs;2;1.99;78089;
2481;Milk;2;6.29;78089;
2481;Cheese;2;7.37;78089;
2481;Bananas;5;8.94;78089;
2481;Cereal;2;9.85;78089;
2482;Milk;3;9.10;93518;
2482;Cereal;4;1.23;93518;
2482;Yogurt;2;3.67;93518;
2482;Tea;5;1.62;93518;
2482;Butter;4;8.45;93518;
2482;Bananas;2;1.49;93518;
2482;Eggs;1;8.97;93518;
2483;Tea;1;5.35;98336;
2483;Coffee;5;1.62;98336;
2483;Sugar;5;1.02;98336;
2484;Eggs;1;2.11;13738;
2484;Cheese;5;3.93;13738;
2484;Onions;4;7.32;13738;
2484;Pasta;3;7.93;13738;
2484;Butter;2;6.72;13738;
2484;Tomatoes;3;6.93;13738;
2484;Chicken;2;8.75;13738;
2484;Apples;1;8.41;13738;
2485;Coffee;2;8.74;13861;
2485;Bread;1;6.05;13861;
2485;Onions;5;3.67;13861;
2485;Oranges;2;7.74;13861;
2485;Sugar;3;4.16;13861;
2485;Butter;3;8.66;13861;
2486;Yogurt;4;7.61;80826;
2486;Juice;1;3.40;80826;
2486;Eggs;5;6.85;80826;
2486;Apples;1;2.78;80826;
2486;Bananas;4;6.18;80826;
2486;Potatoes;1;5.21;80826;
2486;Tea;1;3.76;80826;
2486;Oranges;2;1.16;80826;
2487;Sugar;2;8.12;17155;
2487;Bread;4;6.91;17155;
2487;Yogurt;5;7.32;17155;
2487;Butter;5;8.58;17155;
2487;Coffee;4;1.70;17155;
2488;Tomatoes;2;7.31;68602;
2488;Pasta;5;1.32;68602;
2488;Cheese;5;5.51;68602;
2488;Oranges;2;2.18;68602;
2488;Tea;2;3.32;68602;
2488;Butter;5;5.31;68602;
2489;Oranges;5;8.00;46166;
2489;Milk;3;3.77;46166;
2489;Apples;3;5.32;46166;
2489;Pasta;5;8.45;46166;
2489;Bread;1;1.28;46166;
2489;Bananas;4;1.27;46166;
2489;Sugar;3;9.55;46166;
2490;Pasta;3;7.82;60885;
2490;Cheese;3;6.58;60885;
2490;Coffee;5;5.24;60885;
2490;Oranges;2;1.03;60885;
2490;Tomatoes;2;7.59;60885;
2491;Cheese;3;8.91;12637;
2491;Tomatoes;4;4.31;12637;
2491;Eggs;1;9.45;12637;
2491;Pasta;2;6.23;12637;
2492;Coffee;4;3.37;77530;
2492;Sugar;5;3.58;77530;
2492;Apples;3;8.38;77530;
2492;Potatoes;3;7.30;77530;
2492;Pasta;5;5.01;77530;
2492;Milk;4;4.37;77530;
2492;Cereal;5;3.64;77530;
2492;Tea;3;1.90;77530;
2493;Bread;1;3.17;39826;
2493;Onions;1;1.39;39826;
2493;Sugar;5;8.09;39826;
2493;Chicken;2;8.01;39826;
2493;Butter;2;1.38;39826;
2493;Tomatoes;5;1.45;39826;
2493;Coffee;5;4.05;39826;
2493;Apples;3;4.07;39826;
2494;Pasta;5;3.45;35752;
2494;Butter;5;5.84;35752;
2494;Sugar;2;4.87;35752;
2494;Coffee;2;7.38;35752;
2494;Bread;1;5.53;35752;
2495;Sugar;4;7.78;20631;
2495;Apples;4;2.52;20631;
2495;Tomatoes;1;1.09;20631;
2495;Pasta;1;4.41;20631;
2495;Cheese;2;5.38;20631;
2495;Cereal;1;4.52;20631;
2496;Cereal;5;1.57;49141;
2496;Milk;3;2.14;49141;
2496;Bananas;4;1.19;49141;
2497;Oranges;5;1.71;24222;
2497;Apples;1;9.96;24222;
2497;Bananas;5;8.60;24222;
2498;Bananas;5;6.57;96178;
2498;Bread;3;5.24;96178;
2498;Juice;3;9.66;96178;
2498;Yogurt;2;8.25;96178;
2498;Apples;5;7.45;96178;
2499;Apples;1;4.70;61733;
2499;Bananas;1;8.91;61733;
2499;Oranges;4;7.28;61733;
2500;Coffee;1;8.98;41786;
2500;Apples;4;9.44;41786;
2500;Butter;1;6.79;41786;
2500;Tea;4;6.43;41786;
2500;Milk;5;5.36;41786;
2500;Sugar;4;5.64;41786;
2501;Bread;5;9.15;79779;
2501;Bananas;2;2.60;79779;
2501;Oranges;4;1.09;79779;
2501;Chicken;5;8.28;79779;
2501;Pasta;2;6.42;79779;
2501;Eggs;3;8.60;79779;
2501;Apples;5;9.62;79779;
2502;Oranges;4;2.16;72089;
2502;Bananas;4;1.67;72089;
2502;Apples;4;3.33;72089;
2503;Coffee;5;5.08;67285;
2503;Tea;1;6.11;67285;
2503;Sugar;1;2.73;67285;
2504;Sugar;2;3.91;43293;
2504;Bananas;4;2.16;43293;
2504;Yogurt;4;4.56;43293;
2504;Cheese;1;7.66;43293;
2504;Juice;1;6.78;43293;
2504;Apples;3;9.07;43293;
2505;Milk;4;6.14;59782;
2505;Tea;1;9.58;59782;
2505;Potatoes;1;1.00;59782;
2505;Coffee;4;9.75;59782;
2505;Onions;3;7.05;59782;
2505;Chicken;4;1.33;59782;
2505;Tomatoes;1;5.64;59782;
2505;Bananas;4;3.64;59782;
2506;Butter;1;9.32;29174;
2506;Bread;1;9.40;29174;
2506;Potatoes;4;3.46;29174;
2506;Pasta;3;9.64;29174;
2506;Cereal;1;1.18;29174;
2506;Sugar;3;8.66;29174;
2506;Coffee;1;6.67;29174;
2506;Milk;4;7.43;29174;
2507;Bananas;2;4.16;58588;
2507;Coffee;4;5.60;58588;
2507;Cereal;2;2.72;58588;
2507;Oranges;2;6.67;58588;
2507;Bread;4;2.77;58588;
2507;Yogurt;3;9.76;58588;
2507;Milk;2;1.51;58588;
2508;Oranges;2;7.74;65328;
2508;Bread;3;5.33;65328;
2508;Bananas;1;2.83;65328;
2508;Apples;4;3.35;65328;
2508;Cereal;5;3.74;65328;
2508;Juice;4;2.91;65328;
2509;Tomatoes;2;1.69;29764;
2509;Apples;4;3.64;29764;
2509;Coffee;3;8.32;29764;
2509;Tea;2;6.39;29764;
2509;Cheese;2;3.99;29764;
2509;Oranges;4;5.37;29764;
2509;Pasta;5;2.11;29764;
2509;Bananas;3;2.04;29764;
2510;Bananas;2;4.75;30126;
2510;Yogurt;2;7.20;30126;
2510;Apples;1;6.25;30126;
2511;Tea;4;1.53;11793;
2511;Coffee;1;2.62;11793;
2511;Sugar;3;1.27;11793;
2512;Sugar;1;5.28;85412;
2512;Tea;4;8.48;85412;
2512;Coffee;2;9.91;85412;
2513;Tomatoes;5;7.63;55051;
2513;Cheese;1;2.55;55051;
2513;Potatoes;2;5.89;55051;
2513;Pasta;3;9.56;55051;
2514;Apples;3;8.07;30221;
2514;Tea;1;3.79;30221;
2514;Yogurt;3;9.73;30221;
2514;Bananas;4;6.57;30221;
2514;Milk;5;7.79;30221;
2514;Bread;2;6.35;30221;
2515;Butter;5;2.63;25957;
2515;Cereal;5;1.70;25957;
2515;Cheese;1;7.36;25957;
2515;Milk;4;7.14;25957;
2515;Bananas;1;7.92;25957;
2515;Bread;2;3.28;25957;
2516;Yogurt;2;1.04;88129;
2516;Apples;5;2.78;88129;
2516;Bananas;4;8.51;88129;
2516;Cheese;5;3.52;88129;
2516;Sugar;4;1.01;88129;
2516;Butter;1;9.75;88129;
2517;Onions;5;7.22;76983;
2517;Tomatoes;3;7.62;76983;
2517;Oranges;5;2.48;76983;
2517;Chicken;5;1.03;76983;
2517;Apples;2;8.90;76983;
2517;Potatoes;5;4.47;76983;
2517;Sugar;5;4.64;76983;
2518;Cheese;5;5.58;67368;
2518;Butter;2;6.62;67368;
2518;Bread;1;2.88;67368;
2518;Sugar;4;1.72;67368;
2518;Coffee;3;5.69;67368;
2518;Bananas;4;7.45;67368;
2519;Chicken;1;5.37;87929;
2519;Apples;2;7.49;87929;
2519;Bananas;4;7.22;87929;
2519;Oranges;1;4.33;87929;
2520;Coffee;3;4.68;49044;
2520;Bread;2;3.64;49044;
2520;Eggs;1;2.68;49044;
2520;Butter;1;1.17;49044;
2520;Sugar;3;5.72;49044;
2521;Chicken;4;5.74;53918;
2521;Onions;1;2.95;53918;
2521;Potatoes;2;5.03;53918;
2521;Pasta;4;8.70;53918;
2521;Tomatoes;4;3.47;53918;
2522;Potatoes;2;8.45;32202;
2522;Oranges;3;4.02;32202;
2522;Bananas;5;3.55;32202;
2522;Butter;3;2.77;32202;
2522;Tomatoes;1;2.66;32202;
2522;Apples;3;5.78;32202;
2523;Coffee;4;2.94;57633;
2523;Yogurt;2;9.88;57633;
2523;Pasta;2;1.77;57633;
2523;Sugar;5;6.72;57633;
2523;Cheese;4;2.01;57633;
2523;Apples;1;7.76;57633;
2523;Bananas;4;4.02;57633;
2523;Cereal;3;2.93;57633;
2524;Potatoes;3;5.46;98862;
2524;Tomatoes;2;6.48;98862;
2524;Juice;3;9.88;98862;
2524;Chicken;1;3.16;98862;
2524;Onions;5;9.24;98862;
2525;Potatoes;2;5.41;97092;
2525;Bananas;4;5.68;97092;
2525;Onions;5;8.69;97092;
2525;Tomatoes;4;1.26;97092;
2525;Butter;5;4.98;97092;
2525;Chicken;1;1.33;97092;
2525;Oranges;2;3.17;97092;
2526;Cereal;3;7.46;12247;
2526;Tea;5;2.37;12247;
2526;Bananas;3;6.99;12247;
2526;Milk;3;3.25;12247;
2527;Milk;4;4.61;58040;
2527;Bananas;2;9.08;58040;
2527;Potatoes;3;4.49;58040;
2527;Cereal;1;4.16;58040;
2528;Bread;5;7.21;33463;
2528;Apples;3;8.69;33463;
2528;Milk;1;7.58;33463;
2528;Coffee;3;9.16;33463;
2528;Sugar;4;4.47;33463;
2528;Butter;3;4.11;33463;
2528;Tomatoes;5;1.62;33463;
2529;Pasta;1;1.99;95751;
2529;Cheese;5;6.84;95751;
2529;Tomatoes;1;8.10;95751;
2530;Cheese;2;2.06;66642;
2530;Bread;3;5.52;66642;
2530;Sugar;2;4.57;66642;
2530;Coffee;1;6.18;66642;
2530;Butter;2;1.38;66642;
2531;Butter;5;5.48;78682;
2531;Bread;5;7.96;78682;
2531;Sugar;1;5.12;78682;
2531;Coffee;2;3.62;78682;
2531;Potatoes;4;7.14;78682;
2532;Sugar;5;9.13;32586;
2532;Butter;4;3.23;32586;
2532;Potatoes;5;4.27;32586;
2532;Chicken;3;5.18;32586;
2532;Yogurt;4;9.06;32586;
2532;Bananas;1;8.62;32586;
2532;Apples;5;4.68;32586;
2533;Onions;5;6.12;22778;
2533;Coffee;4;8.70;22778;
2533;Yogurt;4;6.96;22778;
2533;Bananas;5;9.24;22778;
2533;Butter;2;1.70;22778;
2533;Sugar;3;6.01;22778;
2533;Bread;4;6.86;22778;
2534;Tea;5;5.70;48669;
2534;Coffee;1;6.93;48669;
2534;Chicken;4;1.71;48669;
2534;Sugar;4;3.80;48669;
2535;Bananas;2;6.13;59761;
2535;Apples;5;2.65;59761;
2535;Oranges;5;9.21;59761;
2536;Cheese;1;3.59;22345;
2536;Pasta;3;6.99;22345;
2536;Butter;4;2.12;22345;
2536;Oranges;4;6.49;22345;
2536;Tomatoes;5;4.30;22345;
2536;Milk;1;4.52;22345;
2536;Potatoes;3;8.97;22345;
2536;Sugar;2;2.15;22345;
2537;Bananas;3;8.69;38000;
2537;Eggs;3;2.78;38000;
2537;Apples;1;3.00;38000;
2537;Oranges;3;2.09;38000;
2538;Potatoes;1;4.01;15231;
2538;Onions;3;7.26;15231;
2538;Chicken;3;9.04;15231;
2538;Tea;2;9.78;15231;
2538;Pasta;1;9.45;15231;
2538;Tomatoes;1;2.06;15231;
2538;Bananas;3;6.00;15231;
2538;Yogurt;5;7.16;15231;
2539;Yogurt;2;8.75;51912;
2539;Apples;1;7.75;51912;
2539;Bananas;3;3.41;51912;
2539;Coffee;3;7.90;51912;
2540;Bread;2;2.47;16909;
2540;Potatoes;3;1.43;16909;
2540;Sugar;1;4.63;16909;
2540;Butter;1;8.64;16909;
2540;Coffee;3;9.15;16909;
2541;Tea;2;1.50;59102;
2541;Cereal;3;4.07;59102;
2541;Bananas;5;5.64;59102;
2541;Milk;1;8.68;59102;
2541;Pasta;1;7.45;59102;
2542;Apples;4;3.65;97906;
2542;Juice;4;3.66;97906;
2542;Chicken;4;8.93;97906;
2542;Tomatoes;3;6.92;97906;
2542;Coffee;1;2.70;97906;
2542;Onions;3;5.79;97906;
2542;Potatoes;4;1.64;97906;
2543;Cheese;3;2.22;88674;
2543;Pasta;3;9.96;88674;
2543;Tomatoes;4;4.43;88674;
2544;Potatoes;3;7.31;44812;
2544;Tea;2;2.84;44812;
2544;Onions;5;5.82;44812;
2544;Yogurt;1;3.70;44812;
2544;Coffee;3;9.70;44812;
2544;Sugar;5;7.35;44812;
2544;Tomatoes;3;3.26;44812;
2544;Cheese;4;7.28;44812;
2545;Tomatoes;2;9.24;99438;
2545;Cheese;5;5.46;99438;
2545;Pasta;4;4.35;99438;
2545;Milk;3;7.00;99438;
2545;Sugar;4;9.44;99438;
2546;Tea;1;7.85;51267;
2546;Coffee;5;6.01;51267;
2546;Onions;2;1.12;51267;
2546;Juice;2;6.60;51267;
2546;Oranges;3;5.12;51267;
2546;Sugar;2;4.49;51267;
2546;Milk;4;2.67;51267;
2547;Yogurt;4;9.28;84236;
2547;Tea;5;5.17;84236;
2547;Chicken;4;3.56;84236;
2547;Potatoes;5;1.68;84236;
2547;Bananas;5;3.67;84236;
2547;Milk;1;4.69;84236;
2547;Tomatoes;3;8.70;84236;
2547;Apples;5;8.41;84236;
2548;Bread;2;6.88;27709;
2548;Oranges;4;1.02;27709;
2548;Milk;2;5.12;27709;
2548;Chicken;5;2.83;27709;
2548;Cereal;2;5.29;27709;
2548;Bananas;4;2.07;27709;
2549;Sugar;3;6.96;26663;
2549;Bananas;3;9.20;26663;
2549;Chicken;1;4.46;26663;
2549;Cereal;1;6.62;26663;
2549;Eggs;4;8.56;26663;
2549;Yogurt;3;1.85;26663;
2549;Onions;1;4.05;26663;
2549;Apples;1;6.03;26663;
2550;Chicken;2;3.97;94512;
2550;Onions;1;1.19;94512;
2550;Potatoes;5;5.99;94512;
2551;Apples;5;3.28;65273;
2551;Milk;3;7.40;65273;
2551;Yogurt;3;9.38;65273;
2551;Bananas;3;9.15;65273;
2552;Oranges;4;6.28;78641;
2552;Onions;2;9.34;78641;
2552;Apples;4;3.19;78641;
2552;Pasta;5;4.28;78641;
2552;Bananas;5;9.84;78641;
2553;Juice;4;2.38;58644;
2553;Tomatoes;5;6.01;58644;
2553;Cereal;3;1.62;58644;
2553;Chicken;3;7.72;58644;
2553;Milk;4;2.75;58644;
2553;Onions;4;9.27;58644;
2553;Potatoes;5;1.36;58644;
2554;Juice;5;1.71;86060;
2554;Chicken;3;4.72;86060;
2554;Tea;2;5.31;86060;
2554;Cereal;3;2.97;86060;
2554;Onions;5;1.36;86060;
2554;Sugar;4;4.35;86060;
2554;Coffee;4;3.50;86060;
2555;Juice;4;7.83;82937;
2555;Sugar;3;5.92;82937;
2555;Cereal;4;1.33;82937;
2555;Bananas;4;6.65;82937;
2555;Apples;5;5.14;82937;
2555;Milk;4;9.91;82937;
2556;Bread;4;9.44;84126;
2556;Coffee;2;1.44;84126;
2556;Sugar;5;9.09;84126;
2557;Eggs;5;8.55;28720;
2557;Onions;3;7.90;28720;
2557;Milk;4;4.36;28720;
2557;Bananas;4;5.40;28720;
2557;Apples;4;7.67;28720;
2557;Yogurt;1;4.20;28720;
2558;Onions;5;7.46;41067;
2558;Potatoes;5;1.53;41067;
2558;Chicken;2;2.13;41067;
2559;Tomatoes;1;6.04;38121;
2559;Onions;4;3.77;38121;
2559;Milk;5;4.92;38121;
2559;Cereal;2;3.76;38121;
2559;Bananas;3;1.26;38121;
2560;Bread;3;3.86;29452;
2560;Bananas;2;4.39;29452;
2560;Milk;2;1.16;29452;
2560;Sugar;1;4.90;29452;
2560;Butter;5;5.61;29452;
2560;Cereal;4;9.80;29452;
2560;Yogurt;4;6.48;29452;
2560;Chicken;3;9.61;29452;
2561;Cereal;2;7.67;96257;
2561;Tomatoes;1;9.14;96257;
2561;Bananas;3;4.08;96257;
2561;Tea;2;9.61;96257;
2561;Potatoes;2;4.96;96257;
2561;Bread;1;6.50;96257;
2561;Milk;1;2.15;96257;
2562;Milk;5;4.22;76009;
2562;Cereal;3;1.44;76009;
2562;Bananas;2;7.53;76009;
2562;Onions;4;9.03;76009;
2563;Onions;5;2.66;76672;
2563;Potatoes;4;9.37;76672;
2563;Tomatoes;4;2.27;76672;
2563;Chicken;2;5.68;76672;
2564;Tomatoes;2;3.64;88324;
2564;Bananas;5;3.03;88324;
2564;Bread;4;9.64;88324;
2564;Sugar;2;7.94;88324;
2564;Coffee;5;2.21;88324;
2564;Butter;3;7.12;88324;
2565;Bread;2;2.88;63634;
2565;Sugar;4;3.03;63634;
2565;Coffee;4;9.77;63634;
2565;Butter;2;7.67;63634;
2566;Milk;1;9.98;47056;
2566;Cereal;2;8.28;47056;
2566;Bananas;1;7.97;47056;
2567;Bread;2;1.33;15975;
2567;Sugar;4;8.76;15975;
2567;Bananas;2;9.23;15975;
2567;Tea;1;9.49;15975;
2567;Coffee;1;7.66;15975;
2568;Onions;1;2.92;14920;
2568;Chicken;1;1.25;14920;
2568;Bananas;2;7.64;14920;
2568;Butter;5;1.52;14920;
2568;Potatoes;5;8.96;14920;
2568;Coffee;2;6.40;14920;
2568;Tomatoes;5;1.86;14920;
2569;Bread;2;1.43;13467;
2569;Sugar;1;4.33;13467;
2569;Coffee;3;3.34;13467;
2570;Oranges;2;7.64;27945;
2570;Tea;5;5.82;27945;
2570;Bananas;4;3.07;27945;
2570;Apples;3;1.41;27945;
2571;Coffee;3;7.95;72411;
2571;Bread;5;7.17;72411;
2571;Sugar;1;5.17;72411;
2572;Bananas;5;5.56;60581;
2572;Milk;5;9.25;60581;
2572;Cereal;2;6.86;60581;
2573;Coffee;1;5.13;10549;
2573;Cheese;3;9.25;10549;
2573;Sugar;4;1.17;10549;
2573;Chicken;5;6.87;10549;
2573;Tea;4;6.22;10549;
2574;Tomatoes;3;8.80;87494;
2574;Butter;3;4.81;87494;
2574;Bread;2;3.69;87494;
2574;Coffee;3;1.03;87494;
2574;Sugar;3;6.71;87494;
2574;Potatoes;3;1.19;87494;
2574;Yogurt;2;7.65;87494;
2575;Juice;3;8.42;38062;
2575;Onions;1;2.78;38062;
2575;Pasta;2;9.34;38062;
2575;Butter;3;1.73;38062;
2575;Tomatoes;2;5.48;38062;
2575;Apples;2;6.09;38062;
2575;Cheese;5;2.94;38062;
2575;Eggs;5;6.69;38062;
2576;Pasta;5;7.87;52458;
2576;Juice;5;7.27;52458;
2576;Tomatoes;5;7.45;52458;
2576;Chicken;5;2.55;52458;
2576;Butter;4;4.00;52458;
2576;Cheese;1;6.32;52458;
2576;Coffee;2;9.44;52458;
2577;Coffee;4;7.76;17255;
2577;Sugar;4;8.92;17255;
2577;Tea;1;2.53;17255;
2577;Apples;1;8.86;17255;
2577;Cheese;4;8.24;17255;
2578;Pasta;5;6.90;22712;
2578;Chicken;1;3.68;22712;
2578;Sugar;4;4.58;22712;
2578;Juice;3;4.93;22712;
2578;Potatoes;5;4.17;22712;
2578;Tomatoes;4;9.16;22712;
2578;Onions;2;6.01;22712;
2579;Apples;1;2.81;44582;
2579;Tomatoes;2;3.99;44582;
2579;Potatoes;1;4.23;44582;
2579;Chicken;3;6.68;44582;
2579;Onions;2;9.79;44582;
2579;Milk;3;7.10;44582;
2579;Sugar;2;1.88;44582;
2580;Cheese;3;7.81;78702;
2580;Tea;3;5.74;78702;
2580;Bananas;5;3.62;78702;
2580;Yogurt;5;2.15;78702;
2580;Butter;4;7.24;78702;
2580;Tomatoes;1;3.63;78702;
2580;Pasta;4;9.46;78702;
2580;Oranges;4;8.88;78702;
2581;Oranges;2;1.84;69101;
2581;Tea;3;2.41;69101;
2581;Tomatoes;4;8.86;69101;
2581;Milk;1;8.97;69101;
2581;Apples;3;5.27;69101;
2581;Cereal;4;7.46;69101;
2581;Bananas;3;8.51;69101;
2582;Bananas;1;9.86;75236;
2582;Eggs;1;7.00;75236;
2582;Tea;2;5.75;75236;
2582;Pasta;2;4.36;75236;
2582;Milk;1;6.03;75236;
2582;Juice;5;2.95;75236;
2582;Cereal;5;3.24;75236;
2582;Onions;3;9.22;75236;
2583;Sugar;1;4.53;25722;
2583;Yogurt;2;9.58;25722;
2583;Chicken;2;1.86;25722;
2583;Butter;2;6.23;25722;
2583;Coffee;5;1.92;25722;
2583;Bread;2;6.26;25722;
2584;Bananas;3;8.76;14248;
2584;Tea;5;4.51;14248;
2584;Butter;5;5.49;14248;
2584;Apples;5;6.51;14248;
2584;Oranges;4;8.77;14248;
2585;Tea;2;8.88;71233;
2585;Milk;5;3.95;71233;
2585;Coffee;3;5.89;71233;
2585;Sugar;1;2.34;71233;
2585;Cheese;1;1.48;71233;
2585;Yogurt;2;3.25;71233;
2586;Cereal;3;4.16;30246;
2586;Bananas;4;7.51;30246;
2586;Oranges;2;1.97;30246;
2586;Tomatoes;1;2.89;30246;
2586;Apples;4;4.45;30246;
2586;Tea;1;2.98;30246;
2587;Potatoes;3;3.58;28075;
2587;Oranges;2;1.04;28075;
2587;Bananas;2;8.61;28075;
2587;Tomatoes;5;9.58;28075;
2587;Sugar;5;8.87;28075;
2587;Butter;4;1.80;28075;
2587;Cheese;2;5.89;28075;
2587;Apples;5;3.53;28075;
2588;Bananas;5;7.90;71700;
2588;Chicken;1;5.05;71700;
2588;Onions;3;6.89;71700;
2588;Potatoes;2;3.16;71700;
2588;Oranges;2;9.76;71700;
2588;Tomatoes;3;2.96;71700;
2589;Butter;2;1.03;33981;
2589;Sugar;3;6.51;33981;
2589;Tomatoes;5;3.63;33981;
2589;Tea;1;9.77;33981;
2589;Onions;1;5.77;33981;
2589;Coffee;1;2.94;33981;
2589;Bananas;5;5.14;33981;
2590;Apples;5;5.77;90875;
2590;Yogurt;5;1.31;90875;
2590;Bananas;4;6.07;90875;
2590;Juice;2;5.04;90875;
2590;Chicken;2;5.56;90875;
2591;Bread;3;2.68;52099;
2591;Coffee;1;1.88;52099;
2591;Sugar;5;5.44;52099;
2592;Cheese;3;1.77;55923;
2592;Oranges;3;6.62;55923;
2592;Apples;1;1.46;55923;
2592;Bananas;2;6.76;55923;
2592;Chicken;2;1.57;55923;
2593;Onions;5;2.10;55767;
2593;Cheese;1;9.83;55767;
2593;Apples;1;7.31;55767;
2593;Pasta;3;7.57;55767;
2593;Tomatoes;2;5.42;55767;
2593;Eggs;5;3.15;55767;
2594;Bananas;4;2.47;84379;
2594;Yogurt;2;6.22;84379;
2594;Apples;5;6.51;84379;
2595;Bread;1;4.67;92134;
2595;Butter;3;7.46;92134;
2595;Sugar;4;2.49;92134;
2596;Tomatoes;2;1.28;22823;
2596;Potatoes;5;8.60;22823;
2596;Tea;3;4.97;22823;
2596;Eggs;1;3.19;22823;
2596;Onions;2;8.34;22823;
2596;Chicken;5;7.75;22823;
2597;Cheese;4;3.32;63089;
2597;Milk;2;8.84;63089;
2597;Coffee;5;4.09;63089;
2597;Cereal;4;2.75;63089;
2597;Butter;3;7.86;63089;
2597;Bananas;4;9.04;63089;
2598;Bananas;1;3.19;11215;
2598;Potatoes;3;9.76;11215;
2598;Milk;3;1.64;11215;
2598;Cheese;3;9.01;11215;
2598;Cereal;3;2.24;11215;
2599;Coffee;5;6.26;96320;
2599;Bread;5;5.18;96320;
2599;Cheese;5;1.16;96320;
2599;Cereal;4;3.79;96320;
2599;Tea;2;6.81;96320;
2599;Sugar;5;9.93;96320;
2599;Eggs;1;3.03;96320;
2599;Butter;2;3.80;96320;
2600;Bread;1;2.75;11866;
2600;Coffee;2;3.27;11866;
2600;Butter;2;3.50;11866;
2600;Sugar;4;7.66;11866;
2601;Bananas;4;5.41;24312;
2601;Juice;1;7.83;24312;
2601;Sugar;3;6.83;24312;
2601;Apples;3;8.25;24312;
2601;Eggs;2;5.11;24312;
2601;Tea;4;2.85;24312;
2601;Potatoes;4;9.02;24312;
2601;Oranges;5;5.41;24312;
2602;Bread;3;6.36;27398;
2602;Bananas;3;9.22;27398;
2602;Chicken;2;5.39;27398;
2602;Sugar;4;1.11;27398;
2602;Cereal;1;9.93;27398;
2602;Eggs;5;2.34;27398;
2602;Butter;2;2.01;27398;
2602;Coffee;5;9.85;27398;
2603;Tomatoes;1;9.66;18022;
2603;Yogurt;4;7.72;18022;
2603;Potatoes;5;5.90;18022;
2603;Chicken;2;2.70;18022;
2603;Onions;3;1.39;18022;
2603;Butter;4;3.45;18022;
2604;Oranges;4;1.89;75416;
2604;Tea;3;9.32;75416;
2604;Cheese;1;8.32;75416;
2604;Tomatoes;4;5.35;75416;
2604;Pasta;1;9.21;75416;
2605;Bread;1;7.82;38816;
2605;Bananas;4;1.56;38816;
2605;Coffee;5;6.87;38816;
2605;Apples;1;1.76;38816;
2605;Oranges;3;4.15;38816;
2605;Butter;5;6.60;38816;
2605;Potatoes;4;3.97;38816;
2606;Pasta;3;1.59;67236;
2606;Tomatoes;4;6.76;67236;
2606;Cheese;4;8.38;67236;
2607;Yogurt;1;5.84;35249;
2607;Pasta;3;9.33;35249;
2607;Tomatoes;2;6.37;35249;
2607;Chicken;5;7.54;35249;
2607;Bananas;2;3.20;35249;
2607;Coffee;5;9.04;35249;
2607;Apples;3;5.39;35249;
2608;Apples;4;5.32;52950;
2608;Oranges;2;1.14;52950;
2608;Yogurt;5;9.70;52950;
2608;Bananas;3;9.44;52950;
2608;Cheese;5;7.35;52950;
2608;Potatoes;4;6.10;52950;
2609;Bananas;2;7.74;33308;
2609;Milk;4;1.04;33308;
2609;Juice;1;7.47;33308;
2609;Cereal;5;3.02;33308;
2609;Butter;4;1.08;33308;
2610;Cereal;1;9.40;64116;
2610;Juice;4;6.79;64116;
2610;Bread;4;3.95;64116;
2610;Cheese;5;2.62;64116;
2610;Bananas;1;9.83;64116;
2610;Pasta;4;4.62;64116;
2610;Sugar;1;1.20;64116;
2610;Milk;4;4.65;64116;
2611;Bananas;2;1.76;56162;
2611;Cheese;1;7.31;56162;
2611;Tomatoes;5;2.96;56162;
2611;Pasta;3;4.75;56162;
2612;Coffee;5;2.16;53529;
2612;Tea;4;8.41;53529;
2612;Eggs;1;7.19;53529;
2612;Oranges;4;7.44;53529;
2612;Sugar;4;1.11;53529;
2613;Cereal;4;1.64;54081;
2613;Tomatoes;2;6.88;54081;
2613;Bananas;1;9.02;54081;
2613;Chicken;5;2.34;54081;
2613;Milk;4;9.40;54081;
2614;Coffee;2;8.67;86511;
2614;Pasta;4;1.72;86511;
2614;Oranges;3;1.70;86511;
2614;Apples;5;9.64;86511;
2614;Tea;3;1.56;86511;
2614;Bread;4;6.67;86511;
2614;Eggs;3;6.39;86511;
2614;Bananas;4;2.33;86511;
2615;Oranges;1;7.69;22666;
2615;Apples;4;3.09;22666;
2615;Pasta;3;1.67;22666;
2615;Bananas;3;1.59;22666;
2616;Onions;3;7.23;82999;
2616;Coffee;3;4.61;82999;
2616;Juice;4;5.52;82999;
2616;Oranges;4;3.39;82999;
2616;Tea;1;8.00;82999;
2616;Sugar;2;9.57;82999;
2617;Coffee;4;5.33;95724;
2617;Butter;5;4.36;95724;
2617;Sugar;4;4.26;95724;
2617;Eggs;2;8.59;95724;
2617;Bread;2;1.05;95724;
2617;Tomatoes;3;3.73;95724;
2617;Juice;1;3.71;95724;
2618;Oranges;5;8.06;29664;
2618;Potatoes;2;1.10;29664;
2618;Sugar;1;4.62;29664;
2618;Pasta;1;3.48;29664;
2618;Coffee;5;8.56;29664;
2618;Apples;5;6.44;29664;
2618;Yogurt;1;1.55;29664;
2618;Tea;5;3.18;29664;
2619;Butter;1;6.74;87843;
2619;Sugar;5;8.09;87843;
2619;Coffee;4;1.16;87843;
2619;Bread;2;9.33;87843;
2620;Juice;4;3.56;45067;
2620;Cheese;1;2.94;45067;
2620;Milk;4;3.25;45067;
2620;Bananas;3;5.25;45067;
2620;Cereal;3;9.19;45067;
2620;Bread;4;7.83;45067;
2620;Yogurt;4;2.17;45067;
2621;Chicken;4;6.97;32874;
2621;Onions;2;3.41;32874;
2621;Potatoes;4;9.23;32874;
2622;Cereal;2;4.78;84952;
2622;Apples;2;1.64;84952;
2622;Tea;2;0.99;84952;
2622;Potatoes;3;4.39;84952;
2622;Tomatoes;2;1.29;84952;
2622;Onions;2;5.48;84952;
2622;Sugar;5;3.53;84952;
2622;Chicken;4;2.94;84952;
2623;Apples;4;4.93;70601;
2623;Tomatoes;5;6.79;70601;
2623;Onions;2;5.67;70601;
2623;Potatoes;2;1.78;70601;
2623;Tea;3;5.08;70601;
2623;Bananas;5;7.25;70601;
2623;Chicken;5;1.49;70601;
2624;Potatoes;5;3.25;72161;
2624;Onions;3;5.47;72161;
2624;Tomatoes;5;6.26;72161;
2625;Apples;4;5.71;18777;
2625;Chicken;4;4.16;18777;
2625;Onions;3;4.97;18777;
2625;Tea;3;4.97;18777;
2625;Sugar;3;8.67;18777;
2625;Tomatoes;2;1.43;18777;
2625;Potatoes;3;8.81;18777;
2626;Cereal;3;9.89;53345;
2626;Bananas;3;7.40;53345;
2626;Apples;2;4.39;53345;
2626;Tomatoes;5;1.12;53345;
2626;Yogurt;3;6.20;53345;
2627;Tomatoes;4;7.46;84041;
2627;Chicken;1;1.78;84041;
2627;Potatoes;1;5.51;84041;
2627;Onions;2;2.03;84041;
2627;Coffee;3;2.00;84041;
2628;Bananas;3;8.36;30959;
2628;Yogurt;2;4.68;30959;
2628;Apples;2;5.36;30959;
2629;Butter;5;8.12;27165;
2629;Pasta;1;3.58;27165;
2629;Coffee;2;5.52;27165;
2629;Potatoes;5;4.87;27165;
2629;Juice;2;7.79;27165;
2629;Tea;2;3.24;27165;
2629;Sugar;3;7.10;27165;
2630;Apples;4;4.91;74912;
2630;Bananas;4;7.34;74912;
2630;Bread;5;2.23;74912;
2630;Yogurt;1;4.40;74912;
2630;Oranges;4;5.81;74912;
2631;Bananas;1;9.57;51482;
2631;Apples;5;6.07;51482;
2631;Yogurt;4;5.83;51482;
2632;Tomatoes;4;7.99;63794;
2632;Pasta;2;7.94;63794;
2632;Bananas;2;2.53;63794;
2632;Coffee;3;4.41;63794;
2632;Eggs;5;3.44;63794;
2632;Cheese;5;5.46;63794;
2632;Butter;1;6.06;63794;
2632;Yogurt;2;2.31;63794;
2633;Bananas;2;5.15;78295;
2633;Coffee;4;5.14;78295;
2633;Cheese;2;1.10;78295;
2633;Cereal;1;3.27;78295;
2633;Milk;2;6.72;78295;
2633;Chicken;2;2.76;78295;
2633;Eggs;1;3.02;78295;
2634;Apples;3;3.18;30623;
2634;Bananas;5;6.16;30623;
2634;Oranges;4;4.51;30623;
2635;Milk;3;3.45;52799;
2635;Sugar;1;1.77;52799;
2635;Potatoes;5;9.68;52799;
2635;Tomatoes;4;9.26;52799;
2635;Tea;5;8.51;52799;
2635;Coffee;4;2.55;52799;
2636;Milk;2;9.11;98543;
2636;Potatoes;5;9.87;98543;
2636;Tomatoes;1;5.47;98543;
2636;Pasta;1;7.27;98543;
2636;Cheese;2;2.20;98543;
2637;Yogurt;3;1.79;24508;
2637;Cheese;1;9.11;24508;
2637;Tomatoes;3;9.98;24508;
2637;Coffee;1;8.02;24508;
2637;Juice;5;8.88;24508;
2637;Tea;1;3.83;24508;
2637;Sugar;3;5.64;24508;
2638;Milk;2;1.79;16126;
2638;Cereal;4;4.88;16126;
2638;Bananas;3;3.93;16126;
2639;Eggs;4;8.59;82290;
2639;Cereal;3;7.85;82290;
2639;Juice;2;8.50;82290;
2639;Bananas;5;4.03;82290;
2639;Milk;4;4.77;82290;
2640;Cheese;5;6.24;28930;
2640;Bananas;1;1.18;28930;
2640;Apples;4;2.14;28930;
2640;Oranges;2;5.31;28930;
2641;Sugar;2;7.45;56789;
2641;Tea;1;5.50;56789;
2641;Bananas;3;5.39;56789;
2641;Coffee;4;9.28;56789;
2642;Coffee;3;9.41;29460;
2642;Bananas;2;8.65;29460;
2642;Sugar;3;9.51;29460;
2642;Tea;3;1.82;29460;
2643;Tea;2;5.31;38017;
2643;Onions;2;8.77;38017;
2643;Tomatoes;4;7.59;38017;
2643;Chicken;2;2.44;38017;
2643;Bananas;3;9.67;38017;
2643;Potatoes;1;3.45;38017;
2643;Coffee;4;1.66;38017;
2644;Butter;2;6.86;22164;
2644;Chicken;3;3.59;22164;
2644;Sugar;5;6.43;22164;
2644;Coffee;5;5.94;22164;
2644;Bread;2;8.46;22164;
2645;Coffee;1;5.85;92944;
2645;Pasta;3;4.27;92944;
2645;Sugar;2;1.90;92944;
2645;Tea;5;9.81;92944;
2646;Sugar;4;6.19;56182;
2646;Coffee;4;3.91;56182;
2646;Tea;1;1.45;56182;
2647;Tea;1;9.51;68030;
2647;Yogurt;2;7.51;68030;
2647;Sugar;2;4.91;68030;
2647;Oranges;2;1.07;68030;
2647;Coffee;4;7.45;68030;
2648;Bananas;2;7.03;64053;
2648;Potatoes;4;3.93;64053;
2648;Oranges;4;4.77;64053;
2648;Chicken;1;3.10;64053;
2648;Tomatoes;1;8.95;64053;
2648;Onions;3;9.91;64053;
2649;Oranges;1;8.92;69138;
2649;Cereal;2;3.62;69138;
2649;Apples;5;4.25;69138;
2649;Bananas;3;6.07;69138;
2650;Bananas;1;7.60;75516;
2650;Chicken;4;2.86;75516;
2650;Tea;4;5.59;75516;
2650;Apples;3;2.25;75516;
2650;Potatoes;4;8.68;75516;
2650;Milk;1;6.46;75516;
2650;Yogurt;5;6.40;75516;
2651;Bananas;1;2.84;56116;
2651;Oranges;3;8.72;56116;
2651;Apples;4;8.24;56116;
2652;Juice;1;7.62;78652;
2652;Yogurt;2;1.58;78652;
2652;Bread;2;5.45;78652;
2652;Apples;2;5.42;78652;
2652;Bananas;2;6.86;78652;
2652;Cereal;4;4.72;78652;
2653;Tomatoes;1;2.72;99980;
2653;Yogurt;5;7.26;99980;
2653;Onions;2;2.03;99980;
2653;Pasta;4;1.35;99980;
2653;Chicken;1;1.66;99980;
2653;Potatoes;1;8.15;99980;
2653;Butter;3;4.93;99980;
2653;Bananas;3;2.71;99980;
2654;Milk;3;9.72;78306;
2654;Onions;3;2.32;78306;
2654;Juice;4;7.39;78306;
2654;Cereal;5;5.88;78306;
2654;Cheese;5;1.52;78306;
2654;Tea;2;5.73;78306;
2654;Bananas;5;1.95;78306;
2654;Yogurt;1;9.28;78306;
2655;Pasta;3;7.09;80702;
2655;Apples;2;9.72;80702;
2655;Cheese;5;2.72;80702;
2655;Tomatoes;3;3.96;80702;
2656;Coffee;3;1.47;25390;
2656;Bread;2;1.60;25390;
2656;Tomatoes;5;4.52;25390;
2656;Butter;3;3.73;25390;
2656;Sugar;1;5.52;25390;
2656;Onions;1;3.56;25390;
2657;Chicken;3;5.73;45865;
2657;Tomatoes;5;6.62;45865;
2657;Onions;3;6.50;45865;
2658;Tea;1;6.87;69752;
2658;Sugar;5;6.74;69752;
2658;Coffee;4;3.63;69752;
2659;Yogurt;2;6.39;87304;
2659;Juice;5;4.78;87304;
2659;Coffee;2;5.60;87304;
2659;Potatoes;5;6.78;87304;
2659;Bread;5;8.18;87304;
2659;Butter;4;5.59;87304;
2659;Sugar;2;3.87;87304;
2659;Bananas;3;6.59;87304;
2660;Bananas;2;8.59;78336;
2660;Onions;3;7.54;78336;
2660;Tomatoes;4;6.06;78336;
2660;Potatoes;5;3.61;78336;
2660;Apples;4;8.31;78336;
2660;Yogurt;3;6.98;78336;
2660;Bread;5;7.26;78336;
2661;Coffee;5;8.05;37739;
2661;Cheese;1;8.14;37739;
2661;Sugar;4;9.32;37739;
2661;Bread;2;8.04;37739;
2661;Cereal;3;7.81;37739;
2661;Butter;3;6.99;37739;
2662;Butter;2;6.20;41801;
2662;Bananas;2;4.34;41801;
2662;Cereal;5;3.95;41801;
2662;Chicken;2;8.62;41801;
2662;Yogurt;4;7.87;41801;
2662;Sugar;2;3.70;41801;
2662;Milk;3;1.33;41801;
2663;Oranges;5;6.04;35913;
2663;Potatoes;1;5.61;35913;
2663;Chicken;1;9.60;35913;
2663;Sugar;5;8.21;35913;
2663;Tomatoes;5;8.28;35913;
2663;Coffee;2;9.84;35913;
2663;Onions;5;7.95;35913;
2663;Tea;1;6.45;35913;
2664;Pasta;3;4.53;32105;
2664;Chicken;2;9.72;32105;
2664;Coffee;2;7.21;32105;
2664;Tea;4;1.98;32105;
2664;Onions;1;6.61;32105;
2664;Sugar;4;7.97;32105;
2664;Eggs;2;2.40;32105;
2664;Milk;2;7.34;32105;
2665;Sugar;4;3.15;39057;
2665;Bread;3;4.61;39057;
2665;Coffee;1;5.76;39057;
2665;Butter;2;5.06;39057;
2665;Bananas;1;6.85;39057;
2666;Yogurt;3;6.10;71710;
2666;Apples;4;6.95;71710;
2666;Cheese;3;2.62;71710;
2666;Bananas;2;6.09;71710;
2666;Oranges;1;3.93;71710;
2667;Tea;2;8.16;87236;
2667;Onions;5;4.51;87236;
2667;Cheese;5;5.35;87236;
2667;Milk;2;1.44;87236;
2667;Cereal;5;3.70;87236;
2667;Bananas;1;5.46;87236;
2667;Juice;2;5.33;87236;
2667;Apples;3;3.81;87236;
2668;Bananas;1;8.61;35436;
2668;Cereal;4;9.61;35436;
2668;Juice;1;7.55;35436;
2668;Cheese;4;8.30;35436;
2668;Tea;1;2.92;35436;
2668;Potatoes;3;4.34;35436;
2668;Milk;3;7.70;35436;
2669;Butter;3;7.38;32220;
2669;Oranges;1;4.68;32220;
2669;Bananas;4;4.24;32220;
2669;Yogurt;2;3.74;32220;
2669;Apples;2;2.26;32220;
2669;Potatoes;2;9.74;32220;
2670;Yogurt;3;4.53;28610;
2670;Potatoes;1;1.77;28610;
2670;Apples;4;8.24;28610;
2670;Milk;1;3.36;28610;
2670;Bananas;3;6.94;28610;
2670;Tomatoes;4;3.81;28610;
2671;Bananas;5;9.55;40374;
2671;Butter;5;5.21;40374;
2671;Coffee;3;5.45;40374;
2671;Sugar;4;1.94;40374;
2671;Bread;4;2.67;40374;
2671;Tea;3;2.76;40374;
2671;Juice;4;5.88;40374;
2671;Onions;1;5.35;40374;
2672;Cereal;3;3.07;27036;
2672;Chicken;3;8.11;27036;
2672;Apples;1;4.57;27036;
2672;Cheese;1;4.98;27036;
2672;Tomatoes;1;7.33;27036;
2672;Potatoes;3;8.81;27036;
2672;Onions;3;7.82;27036;
2672;Bread;5;4.29;27036;
2673;Cereal;2;1.35;53057;
2673;Milk;5;7.07;53057;
2673;Bananas;2;8.53;53057;
2674;Juice;3;4.37;73424;
2674;Yogurt;1;6.17;73424;
2674;Eggs;3;4.43;73424;
2674;Apples;4;3.95;73424;
2674;Milk;3;7.59;73424;
2674;Chicken;2;3.31;73424;
2674;Tea;1;5.61;73424;
2674;Bananas;3;4.24;73424;
2675;Bread;2;7.16;10211;
2675;Tea;5;5.13;10211;
2675;Coffee;1;7.52;10211;
2675;Sugar;5;5.04;10211;
2675;Pasta;3;6.38;10211;
2675;Butter;4;9.60;10211;
2676;Cereal;5;9.42;67513;
2676;Oranges;1;4.33;67513;
2676;Milk;1;8.85;67513;
2676;Bananas;1;1.75;67513;
2677;Onions;4;7.08;10857;
2677;Tomatoes;4;4.11;10857;
2677;Milk;1;5.26;10857;
2677;Potatoes;5;6.79;10857;
2677;Butter;1;8.22;10857;
2677;Chicken;2;8.41;10857;
2678;Tomatoes;2;1.29;61995;
2678;Pasta;3;3.50;61995;
2678;Cheese;2;3.06;61995;
2678;Sugar;3;8.31;61995;
2679;Potatoes;3;7.65;29074;
2679;Bananas;5;9.36;29074;
2679;Cereal;1;9.68;29074;
2679;Milk;2;9.17;29074;
2679;Butter;3;1.15;29074;
2679;Oranges;5;7.42;29074;
2679;Cheese;5;4.82;29074;
2680;Tea;3;3.18;37063;
2680;Cheese;3;6.14;37063;
2680;Onions;4;6.74;37063;
2680;Tomatoes;5;8.72;37063;
2680;Eggs;5;7.03;37063;
2680;Milk;4;1.20;37063;
2680;Pasta;3;3.99;37063;
2681;Butter;4;6.88;25470;
2681;Bread;1;1.36;25470;
2681;Sugar;2;4.76;25470;
2681;Oranges;3;3.61;25470;
2681;Coffee;2;5.64;25470;
2682;Sugar;2;2.06;76896;
2682;Coffee;5;8.26;76896;
2682;Eggs;3;7.57;76896;
2682;Tea;4;8.90;76896;
2683;Apples;2;3.91;38762;
2683;Yogurt;1;4.95;38762;
2683;Tomatoes;5;5.03;38762;
2683;Potatoes;4;3.11;38762;
2683;Bananas;1;3.88;38762;
2683;Pasta;5;3.91;38762;
2683;Eggs;5;7.14;38762;
2684;Bananas;3;1.24;20534;
2684;Tea;5;1.04;20534;
2684;Pasta;1;4.51;20534;
2684;Apples;2;3.37;20534;
2684;Yogurt;2;2.28;20534;
2684;Chicken;4;3.86;20534;
2685;Bananas;1;8.13;76513;
2685;Oranges;4;9.04;76513;
2685;Apples;2;6.68;76513;
2685;Yogurt;5;5.51;76513;
2686;Sugar;4;1.50;96700;
2686;Tea;1;2.44;96700;
2686;Onions;5;6.21;96700;
2686;Coffee;2;1.91;96700;
2687;Apples;2;2.38;45687;
2687;Coffee;2;5.29;45687;
2687;Tea;2;2.13;45687;
2687;Chicken;4;1.56;45687;
2687;Sugar;5;7.24;45687;
2687;Potatoes;3;5.90;45687;
2687;Eggs;4;4.51;45687;
2688;Onions;1;6.38;85727;
2688;Coffee;3;5.47;85727;
2688;Sugar;3;8.53;85727;
2688;Pasta;3;3.79;85727;
2688;Tomatoes;4;5.56;85727;
2688;Tea;5;4.05;85727;
2688;Apples;1;9.80;85727;
2689;Apples;2;9.49;13015;
2689;Bananas;4;3.45;13015;
2689;Oranges;5;1.52;13015;
2690;Sugar;5;4.77;77554;
2690;Coffee;5;6.76;77554;
2690;Apples;4;3.94;77554;
2690;Tea;5;1.10;77554;
2690;Cheese;3;5.40;77554;
2690;Chicken;5;8.28;77554;
2691;Bananas;1;6.47;75855;
2691;Apples;1;8.13;75855;
2691;Oranges;1;7.89;75855;
2691;Cheese;5;5.78;75855;
2692;Oranges;5;4.54;65231;
2692;Sugar;2;1.16;65231;
2692;Onions;3;4.34;65231;
2692;Bread;3;8.82;65231;
2692;Butter;1;5.85;65231;
2692;Coffee;3;7.00;65231;
2692;Pasta;5;1.21;65231;
2692;Bananas;2;1.12;65231;
2693;Onions;3;3.34;31099;
2693;Bananas;3;1.25;31099;
2693;Apples;5;2.71;31099;
2693;Bread;5;7.91;31099;
2693;Pasta;2;4.82;31099;
2693;Yogurt;2;5.25;31099;
2693;Chicken;2;3.30;31099;
2693;Tea;4;8.26;31099;
2694;Tomatoes;5;4.87;41437;
2694;Eggs;1;2.95;41437;
2694;Apples;1;3.82;41437;
2694;Onions;2;8.50;41437;
2694;Chicken;5;4.32;41437;
2694;Potatoes;1;8.09;41437;
2695;Bread;3;9.48;11306;
2695;Potatoes;3;2.04;11306;
2695;Yogurt;5;9.36;11306;
2695;Onions;4;6.71;11306;
2695;Eggs;4;6.03;11306;
2695;Chicken;2;2.04;11306;
2695;Apples;2;6.95;11306;
2695;Tomatoes;2;2.46;11306;
2696;Tomatoes;4;5.76;11305;
2696;Pasta;4;2.81;11305;
2696;Eggs;5;6.04;11305;
2696;Cheese;5;9.80;11305;
2697;Milk;1;7.15;24459;
2697;Eggs;2;4.56;24459;
2697;Yogurt;2;9.66;24459;
2697;Pasta;3;8.07;24459;
2697;Tea;3;8.55;24459;
2697;Cheese;4;7.28;24459;
2697;Tomatoes;3;9.09;24459;
2697;Oranges;3;9.57;24459;
2698;Pasta;1;5.85;97968;
2698;Tomatoes;5;8.83;97968;
2698;Cheese;3;3.90;97968;
2699;Cheese;2;6.49;25770;
2699;Tomatoes;1;6.66;25770;
2699;Pasta;1;9.13;25770;
2700;Cereal;3;2.15;92887;
2700;Milk;3;9.82;92887;
2700;Bananas;3;8.43;92887;
2700;Chicken;2;6.46;92887;
2700;Pasta;4;8.43;92887;
2701;Tea;3;4.69;37171;
2701;Sugar;5;1.37;37171;
2701;Apples;3;5.71;37171;
2701;Coffee;5;5.24;37171;
2701;Eggs;3;1.99;37171;
2701;Tomatoes;1;2.10;37171;
2701;Potatoes;4;1.76;37171;
2701;Yogurt;2;5.69;37171;
2702;Coffee;1;6.00;14458;
2702;Bread;1;9.48;14458;
2702;Butter;3;6.85;14458;
2702;Eggs;1;7.75;14458;
2702;Sugar;5;9.70;14458;
2703;Milk;4;3.91;84229;
2703;Bananas;4;6.62;84229;
2703;Oranges;3;5.95;84229;
2703;Cereal;4;4.80;84229;
2704;Bananas;1;7.85;14835;
2704;Tea;1;5.04;14835;
2704;Apples;4;1.74;14835;
2704;Oranges;5;4.83;14835;
2705;Apples;3;9.65;79523;
2705;Bananas;1;1.32;79523;
2705;Oranges;1;7.50;79523;
2706;Cheese;1;9.38;16070;
2706;Chicken;3;7.28;16070;
2706;Pasta;4;7.29;16070;
2706;Eggs;1;9.19;16070;
2706;Bread;4;6.24;16070;
2706;Tomatoes;1;1.20;16070;
2707;Tomatoes;4;6.38;87863;
2707;Chicken;3;3.73;87863;
2707;Onions;3;4.55;87863;
2707;Pasta;4;3.47;87863;
2707;Potatoes;1;6.03;87863;
2707;Bread;3;7.16;87863;
2707;Milk;1;2.92;87863;
2707;Yogurt;5;6.67;87863;
2708;Yogurt;3;1.66;88722;
2708;Cereal;1;7.21;88722;
2708;Oranges;2;1.70;88722;
2708;Bananas;5;4.90;88722;
2708;Apples;2;8.96;88722;
2708;Bread;4;6.00;88722;
2708;Milk;1;3.44;88722;
2709;Cereal;5;7.11;27586;
2709;Cheese;5;7.43;27586;
2709;Bananas;2;6.64;27586;
2709;Yogurt;5;9.00;27586;
2709;Pasta;3;7.86;27586;
2709;Tomatoes;4;7.64;27586;
2709;Apples;5;3.75;27586;
2710;Bananas;5;6.56;81142;
2710;Onions;2;6.27;81142;
2710;Cereal;1;8.88;81142;
2710;Chicken;1;7.97;81142;
2710;Coffee;2;4.05;81142;
2710;Milk;5;1.56;81142;
2711;Tea;2;6.28;14498;
2711;Sugar;1;9.92;14498;
2711;Coffee;4;9.33;14498;
2712;Juice;1;6.55;76266;
2712;Bananas;4;7.59;76266;
2712;Coffee;4;8.25;76266;
2712;Oranges;2;9.06;76266;
2712;Apples;2;1.09;76266;
2712;Potatoes;2;4.16;76266;
2713;Tomatoes;4;3.22;62217;
2713;Onions;5;1.16;62217;
2713;Milk;1;9.71;62217;
2713;Chicken;4;9.96;62217;
2713;Juice;5;5.39;62217;
2713;Potatoes;3;1.98;62217;
2714;Bananas;5;3.13;35892;
2714;Coffee;5;5.22;35892;
2714;Sugar;1;1.97;35892;
2714;Cheese;2;4.72;35892;
2714;Butter;3;2.44;35892;
2714;Bread;5;7.65;35892;
2715;Coffee;4;6.77;81805;
2715;Oranges;5;6.50;81805;
2715;Apples;5;5.54;81805;
2715;Cheese;3;3.94;81805;
2715;Bananas;5;1.43;81805;
2716;Bananas;1;2.68;81009;
2716;Yogurt;5;2.32;81009;
2716;Tomatoes;4;4.63;81009;
2716;Pasta;5;8.98;81009;
2716;Potatoes;4;8.96;81009;
2716;Apples;1;9.24;81009;
2717;Bananas;3;8.96;66263;
2717;Pasta;4;8.61;66263;
2717;Tomatoes;5;4.22;66263;
2717;Cheese;2;4.13;66263;
2718;Yogurt;3;2.34;19772;
2718;Milk;4;6.30;19772;
2718;Coffee;3;8.81;19772;
2718;Cheese;2;7.84;19772;
2718;Cereal;5;8.58;19772;
2718;Bananas;5;1.66;19772;
2718;Tomatoes;5;2.10;19772;
2719;Bananas;4;8.11;20478;
2719;Pasta;2;5.56;20478;
2719;Apples;3;8.42;20478;
2719;Coffee;4;5.56;20478;
2719;Cheese;5;8.25;20478;
2719;Oranges;2;7.22;20478;
2720;Chicken;4;3.54;87127;
2720;Cereal;2;6.55;87127;
2720;Onions;1;1.53;87127;
2720;Pasta;5;6.28;87127;
2720;Sugar;1;2.12;87127;
2720;Bread;4;2.22;87127;
2720;Potatoes;1;4.55;87127;
2720;Tomatoes;5;7.55;87127;
2721;Cheese;4;3.79;78593;
2721;Pasta;4;9.27;78593;
2721;Tomatoes;2;2.85;78593;
2722;Oranges;3;1.42;43078;
2722;Bananas;2;5.39;43078;
2722;Eggs;3;8.41;43078;
2722;Onions;4;9.18;43078;
2722;Apples;2;9.87;43078;
2723;Coffee;2;9.72;86607;
2723;Pasta;1;8.66;86607;
2723;Chicken;4;4.68;86607;
2723;Cereal;1;2.64;86607;
2723;Bananas;5;5.61;86607;
2723;Milk;5;8.61;86607;
2723;Juice;1;9.09;86607;
2724;Sugar;1;7.52;67910;
2724;Pasta;5;2.39;67910;
2724;Cereal;3;6.74;67910;
2724;Bread;3;2.54;67910;
2724;Yogurt;4;2.41;67910;
2724;Tomatoes;2;2.46;67910;
2724;Bananas;5;7.77;67910;
2724;Cheese;4;3.52;67910;
2725;Apples;3;7.74;50080;
2725;Yogurt;1;9.21;50080;
2725;Bananas;1;1.63;50080;
2725;Eggs;4;8.73;50080;
2726;Tomatoes;4;5.43;42376;
2726;Chicken;1;2.37;42376;
2726;Onions;2;2.13;42376;
2727;Bananas;2;2.11;81067;
2727;Onions;2;7.91;81067;
2727;Apples;5;5.98;81067;
2727;Eggs;4;9.82;81067;
2727;Sugar;5;5.56;81067;
2727;Butter;4;3.70;81067;
2727;Milk;2;3.45;81067;
2727;Cereal;1;3.10;81067;
2728;Yogurt;4;2.78;77507;
2728;Bananas;2;2.50;77507;
2728;Apples;3;9.64;77507;
2728;Eggs;3;5.70;77507;
2729;Chicken;4;4.54;38502;
2729;Coffee;1;1.84;38502;
2729;Onions;3;6.44;38502;
2729;Oranges;5;8.26;38502;
2729;Potatoes;1;3.64;38502;
2729;Tomatoes;3;1.61;38502;
2730;Coffee;3;4.74;14541;
2730;Sugar;1;1.83;14541;
2730;Bread;1;9.84;14541;
2731;Chicken;5;5.79;48933;
2731;Oranges;5;9.68;48933;
2731;Cheese;3;2.39;48933;
2731;Tea;1;3.08;48933;
2731;Tomatoes;1;1.63;48933;
2731;Pasta;4;4.26;48933;
2732;Coffee;1;1.97;39467;
2732;Sugar;1;9.08;39467;
2732;Butter;1;2.49;39467;
2732;Eggs;1;4.59;39467;
2732;Tea;2;3.99;39467;
2733;Oranges;3;2.86;51001;
2733;Coffee;1;2.04;51001;
2733;Tea;2;7.82;51001;
2733;Apples;5;4.75;51001;
2733;Bananas;5;4.72;51001;
2733;Yogurt;4;7.62;51001;
2734;Potatoes;3;4.15;75753;
2734;Sugar;5;7.49;75753;
2734;Coffee;3;3.29;75753;
2734;Butter;1;5.92;75753;
2734;Bread;3;8.37;75753;
2734;Chicken;3;1.04;75753;
2734;Pasta;2;2.29;75753;
2734;Apples;5;9.40;75753;
2735;Pasta;2;4.03;37326;
2735;Tomatoes;5;5.56;37326;
2735;Tea;1;5.63;37326;
2735;Cheese;3;2.47;37326;
2735;Sugar;5;6.37;37326;
2736;Bread;2;5.79;73602;
2736;Butter;5;7.59;73602;
2736;Coffee;3;5.36;73602;
2736;Sugar;5;2.71;73602;
2737;Coffee;2;4.36;71967;
2737;Tomatoes;2;2.18;71967;
2737;Pasta;1;1.57;71967;
2737;Cheese;3;8.44;71967;
2738;Tomatoes;4;2.76;71155;
2738;Bananas;1;5.20;71155;
2738;Bread;1;6.80;71155;
2738;Coffee;2;7.92;71155;
2738;Cereal;4;5.49;71155;
2738;Milk;5;4.58;71155;
2739;Coffee;2;5.93;24221;
2739;Apples;1;6.98;24221;
2739;Yogurt;1;7.93;24221;
2739;Tea;2;8.18;24221;
2739;Juice;4;9.02;24221;
2739;Bananas;2;2.31;24221;
2739;Cheese;3;1.89;24221;
2739;Pasta;5;9.61;24221;
2740;Onions;3;3.22;14959;
2740;Sugar;2;9.29;14959;
2740;Chicken;2;2.47;14959;
2740;Tomatoes;2;9.48;14959;
2740;Potatoes;2;1.97;14959;
2741;Tea;1;4.37;11501;
2741;Pasta;1;4.00;11501;
2741;Coffee;5;7.84;11501;
2741;Sugar;2;1.62;11501;
2741;Bananas;5;5.84;11501;
2741;Chicken;2;2.23;11501;
2741;Butter;2;6.82;11501;
2741;Bread;2;6.65;11501;
2742;Tea;4;9.61;28072;
2742;Coffee;1;3.00;28072;
2742;Sugar;2;8.39;28072;
2742;Butter;1;1.64;28072;
2743;Coffee;5;4.62;28604;
2743;Potatoes;3;2.52;28604;
2743;Tea;3;3.22;28604;
2743;Bread;4;4.81;28604;
2743;Milk;3;6.82;28604;
2743;Onions;5;3.93;28604;
2743;Sugar;2;5.64;28604;
2744;Cheese;5;6.55;68761;
2744;Tomatoes;4;2.68;68761;
2744;Pasta;1;9.39;68761;
2745;Chicken;1;7.70;54156;
2745;Bananas;5;8.75;54156;
2745;Cereal;4;5.43;54156;
2745;Milk;4;5.95;54156;
2745;Sugar;5;4.69;54156;
2746;Bananas;5;4.20;67427;
2746;Milk;3;7.17;67427;
2746;Cereal;3;6.72;67427;
2747;Potatoes;3;6.75;44527;
2747;Sugar;1;8.30;44527;
2747;Coffee;1;9.58;44527;
2747;Tea;1;6.54;44527;
2748;Oranges;5;7.37;30678;
2748;Potatoes;2;8.90;30678;
2748;Pasta;1;9.69;30678;
2748;Chicken;4;9.40;30678;
2748;Tomatoes;4;9.28;30678;
2748;Onions;3;9.51;30678;
2749;Onions;4;1.40;82603;
2749;Pasta;2;9.14;82603;
2749;Cheese;4;4.67;82603;
2749;Cereal;5;9.64;82603;
2749;Tomatoes;1;2.27;82603;
2750;Chicken;5;1.27;69662;
2750;Sugar;3;4.14;69662;
2750;Tea;4;6.25;69662;
2750;Coffee;2;1.09;69662;
2750;Pasta;4;3.31;69662;
2751;Oranges;3;1.12;58984;
2751;Apples;3;9.94;58984;
2751;Tomatoes;4;5.81;58984;
2751;Cereal;4;3.71;58984;
2751;Cheese;1;2.82;58984;
2751;Pasta;4;8.04;58984;
2751;Sugar;1;3.63;58984;
2751;Yogurt;1;6.63;58984;
2752;Milk;1;4.47;44495;
2752;Eggs;4;3.09;44495;
2752;Cereal;2;9.30;44495;
2752;Cheese;5;1.99;44495;
2752;Bananas;4;8.61;44495;
2753;Bananas;1;5.10;84992;
2753;Tea;3;1.69;84992;
2753;Tomatoes;3;9.66;84992;
2753;Coffee;5;8.52;84992;
2753;Apples;4;4.85;84992;
2753;Yogurt;1;6.19;84992;
2754;Yogurt;4;4.41;19176;
2754;Tomatoes;2;5.28;19176;
2754;Chicken;2;7.81;19176;
2754;Bananas;2;6.39;19176;
2754;Onions;4;5.68;19176;
2754;Juice;3;2.08;19176;
2754;Potatoes;3;9.21;19176;
2755;Butter;5;5.14;67610;
2755;Bread;2;1.70;67610;
2755;Sugar;3;5.81;67610;
2756;Eggs;2;3.52;34683;
2756;Yogurt;1;3.66;34683;
2756;Bananas;2;6.85;34683;
2756;Cereal;3;3.83;34683;
2756;Potatoes;3;4.88;34683;
2756;Coffee;2;6.79;34683;
2756;Apples;3;4.31;34683;
2757;Bread;2;5.20;90016;
2757;Oranges;3;6.53;90016;
2757;Cheese;2;7.11;90016;
2757;Tea;2;9.07;90016;
2757;Butter;3;7.72;90016;
2757;Sugar;1;2.95;90016;
2757;Coffee;4;3.47;90016;
2758;Apples;3;4.12;39024;
2758;Cheese;4;5.61;39024;
2758;Cereal;2;9.57;39024;
2758;Tomatoes;1;6.68;39024;
2758;Pasta;2;2.41;39024;
2758;Onions;5;2.03;39024;
2758;Bread;3;1.32;39024;
2758;Tea;3;5.11;39024;
2759;Juice;4;9.07;53766;
2759;Chicken;1;6.49;53766;
2759;Oranges;1;3.83;53766;
2759;Apples;5;2.27;53766;
2759;Bananas;1;9.28;53766;
2759;Yogurt;1;9.37;53766;
2760;Pasta;4;5.02;15125;
2760;Oranges;3;1.13;15125;
2760;Cheese;2;7.09;15125;
2760;Tomatoes;5;1.26;15125;
2761;Apples;5;7.94;21362;
2761;Chicken;4;2.16;21362;
2761;Bananas;5;6.07;21362;
2761;Butter;5;5.76;21362;
2761;Sugar;1;3.73;21362;
2761;Pasta;4;2.15;21362;
2761;Yogurt;2;8.93;21362;
2762;Eggs;5;8.03;63239;
2762;Tomatoes;4;8.27;63239;
2762;Pasta;2;6.72;63239;
2762;Yogurt;2;7.45;63239;
2762;Bananas;5;1.60;63239;
2762;Cereal;1;1.30;63239;
2762;Cheese;1;6.74;63239;
2762;Onions;1;1.14;63239;
2763;Sugar;4;1.83;25090;
2763;Bread;1;1.77;25090;
2763;Coffee;2;1.05;25090;
2764;Bananas;3;5.18;87118;
2764;Butter;5;2.41;87118;
2764;Cereal;1;1.49;87118;
2764;Tea;4;5.06;87118;
2764;Coffee;4;2.15;87118;
2764;Potatoes;5;5.41;87118;
2764;Milk;2;2.10;87118;
2764;Chicken;4;9.01;87118;
2765;Potatoes;5;2.69;54567;
2765;Tomatoes;2;7.83;54567;
2765;Chicken;2;7.63;54567;
2765;Onions;5;7.55;54567;
2766;Coffee;2;3.29;73156;
2766;Juice;5;4.29;73156;
2766;Eggs;2;7.82;73156;
2766;Tea;3;2.98;73156;
2766;Cereal;2;7.44;73156;
2766;Butter;2;8.29;73156;
2766;Sugar;4;9.98;73156;
2766;Bananas;2;7.18;73156;
2767;Apples;1;6.56;94449;
2767;Sugar;3;3.57;94449;
2767;Cereal;2;2.60;94449;
2767;Bread;5;3.31;94449;
2767;Bananas;2;7.98;94449;
2767;Tomatoes;2;5.66;94449;
2767;Milk;2;2.23;94449;
2767;Tea;1;6.33;94449;
2768;Apples;5;2.19;45395;
2768;Tomatoes;3;3.04;45395;
2768;Sugar;4;1.15;45395;
2768;Coffee;5;7.62;45395;
2768;Butter;3;9.94;45395;
2768;Bread;2;3.17;45395;
2769;Apples;2;5.86;97765;
2769;Bananas;2;7.73;97765;
2769;Oranges;3;5.71;97765;
2769;Onions;3;6.51;97765;
2769;Eggs;3;2.22;97765;
2769;Cheese;3;9.53;97765;
2770;Bananas;2;5.41;62625;
2770;Cereal;3;2.77;62625;
2770;Sugar;1;4.42;62625;
2770;Milk;2;2.47;62625;
2770;Yogurt;5;7.95;62625;
2770;Chicken;2;4.97;62625;
2770;Cheese;3;2.62;62625;
2770;Butter;5;6.98;62625;
2771;Tomatoes;4;4.78;55830;
2771;Onions;4;5.78;55830;
2771;Oranges;2;2.09;55830;
2771;Pasta;4;2.01;55830;
2771;Sugar;4;4.69;55830;
2771;Bread;4;3.23;55830;
2771;Butter;1;2.66;55830;
2771;Coffee;2;5.13;55830;
2772;Sugar;5;7.03;40510;
2772;Pasta;4;3.51;40510;
2772;Tea;5;1.11;40510;
2772;Cheese;5;7.63;40510;
2772;Coffee;1;2.48;40510;
2772;Potatoes;2;4.64;40510;
2773;Sugar;4;8.47;25271;
2773;Coffee;3;1.43;25271;
2773;Bread;4;5.26;25271;
2774;Bananas;4;2.97;61524;
2774;Yogurt;1;6.02;61524;
2774;Apples;4;5.27;61524;
2774;Oranges;2;5.93;61524;
2774;Butter;2;5.37;61524;
2775;Sugar;1;8.16;93661;
2775;Pasta;3;6.85;93661;
2775;Tea;2;1.17;93661;
2775;Coffee;3;3.56;93661;
2775;Yogurt;5;1.14;93661;
2776;Coffee;3;3.24;13352;
2776;Tomatoes;4;1.42;13352;
2776;Bananas;3;3.16;13352;
2776;Onions;3;3.65;13352;
2776;Bread;4;6.62;13352;
2776;Milk;3;3.13;13352;
2776;Tea;2;6.36;13352;
2776;Sugar;2;9.50;13352;
2777;Bananas;4;5.07;84255;
2777;Butter;3;5.47;84255;
2777;Apples;3;7.42;84255;
2777;Oranges;4;2.49;84255;
2778;Milk;2;2.63;66092;
2778;Cereal;2;9.59;66092;
2778;Chicken;4;1.04;66092;
2778;Bananas;5;9.18;66092;
2779;Apples;3;3.94;23086;
2779;Bananas;3;1.56;23086;
2779;Oranges;3;3.51;23086;
2779;Bread;1;6.37;23086;
2780;Coffee;3;5.05;86335;
2780;Bread;3;3.49;86335;
2780;Potatoes;5;8.76;86335;
2780;Bananas;2;5.53;86335;
2780;Butter;4;8.07;86335;
2780;Milk;2;6.49;86335;
2780;Sugar;5;6.68;86335;
2781;Juice;4;2.66;61989;
2781;Coffee;1;1.88;61989;
2781;Tea;5;8.77;61989;
2781;Pasta;4;7.75;61989;
2781;Oranges;2;6.23;61989;
2781;Sugar;5;6.27;61989;
2781;Apples;5;1.04;61989;
2781;Cheese;3;7.75;61989;
2782;Tea;1;1.75;40798;
2782;Butter;2;3.76;40798;
2782;Milk;2;4.00;40798;
2782;Eggs;1;5.05;40798;
2782;Pasta;1;1.72;40798;
2782;Cheese;4;1.06;40798;
2782;Chicken;5;5.56;40798;
2782;Tomatoes;2;9.22;40798;
2783;Eggs;5;2.82;52945;
2783;Sugar;5;8.60;52945;
2783;Bread;5;1.43;52945;
2783;Coffee;1;9.51;52945;
2783;Butter;2;9.51;52945;
2784;Tea;3;5.82;12543;
2784;Bananas;1;3.02;12543;
2784;Sugar;1;6.90;12543;
2784;Oranges;1;6.29;12543;
2784;Apples;1;4.54;12543;
2784;Chicken;1;3.97;12543;
2784;Yogurt;4;9.06;12543;
2785;Tomatoes;1;5.71;83251;
2785;Pasta;5;4.96;83251;
2785;Cheese;1;3.69;83251;
2785;Eggs;2;7.58;83251;
2785;Potatoes;5;8.37;83251;
2786;Sugar;3;1.09;52353;
2786;Coffee;4;8.30;52353;
2786;Bread;2;3.42;52353;
2787;Milk;4;5.42;98182;
2787;Eggs;2;5.40;98182;
2787;Bananas;1;7.78;98182;
2787;Cereal;2;6.99;98182;
2787;Onions;4;9.85;98182;
2788;Potatoes;3;8.48;91703;
2788;Cheese;3;8.85;91703;
2788;Tomatoes;4;6.03;91703;
2788;Sugar;1;9.42;91703;
2788;Butter;5;2.46;91703;
2788;Chicken;3;5.88;91703;
2788;Onions;2;9.58;91703;
2789;Pasta;1;9.17;54083;
2789;Cheese;4;6.03;54083;
2789;Butter;3;3.12;54083;
2789;Tomatoes;2;1.28;54083;
2789;Oranges;5;1.96;54083;
2790;Juice;1;6.07;93615;
2790;Milk;3;1.45;93615;
2790;Yogurt;5;2.49;93615;
2790;Bananas;2;7.99;93615;
2790;Coffee;2;7.08;93615;
2790;Chicken;4;2.14;93615;
2790;Apples;1;7.93;93615;
2790;Oranges;4;7.06;93615;
2791;Apples;1;3.62;17803;
2791;Tomatoes;4;4.32;17803;
2791;Pasta;5;5.64;17803;
2791;Cheese;5;2.13;17803;
2792;Sugar;5;2.19;50311;
2792;Tea;4;6.79;50311;
2792;Coffee;1;2.87;50311;
2793;Sugar;5;4.52;43129;
2793;Tea;3;1.86;43129;
2793;Coffee;3;9.69;43129;
2794;Oranges;2;7.67;72913;
2794;Bread;2;5.81;72913;
2794;Bananas;2;2.65;72913;
2794;Pasta;3;3.01;72913;
2794;Eggs;3;6.31;72913;
2794;Apples;1;2.11;72913;
2794;Juice;1;5.20;72913;
2794;Chicken;5;4.68;72913;
2795;Coffee;1;5.48;20414;
2795;Cheese;4;7.39;20414;
2795;Tomatoes;3;1.41;20414;
2795;Onions;5;5.99;20414;
2795;Pasta;4;7.14;20414;
2795;Potatoes;4;2.07;20414;
2796;Apples;3;2.67;13289;
2796;Chicken;3;2.44;13289;
2796;Bananas;2;3.73;13289;
2796;Yogurt;5;7.84;13289;
2796;Oranges;4;4.20;13289;
2797;Cheese;2;5.44;92435;
2797;Bread;3;9.94;92435;
2797;Eggs;5;1.07;92435;
2797;Sugar;3;2.58;92435;
2797;Apples;2;6.82;92435;
2797;Milk;1;9.37;92435;
2797;Butter;1;5.04;92435;
2797;Coffee;1;2.25;92435;
2798;Milk;1;6.66;21251;
2798;Bread;2;5.51;21251;
2798;Sugar;3;9.92;21251;
2798;Butter;1;7.30;21251;
2798;Coffee;2;2.17;21251;
2799;Bread;1;2.82;64098;
2799;Milk;3;2.36;64098;
2799;Oranges;5;6.29;64098;
2799;Tea;3;2.36;64098;
2799;Bananas;1;9.55;64098;
2799;Cereal;4;2.05;64098;
2800;Butter;5;2.35;98810;
2800;Bread;3;5.95;98810;
2800;Tomatoes;1;1.24;98810;
2800;Sugar;4;2.13;98810;
2800;Coffee;2;8.46;98810;
2800;Milk;1;7.66;98810;
2801;Tomatoes;4;4.31;40002;
2801;Onions;2;2.31;40002;
2801;Chicken;3;9.77;40002;
2801;Cereal;5;7.27;40002;
2801;Potatoes;1;3.47;40002;
2802;Apples;5;8.29;80817;
2802;Bananas;5;4.89;80817;
2802;Oranges;5;9.55;80817;
2802;Onions;4;3.77;80817;
2803;Tea;4;2.85;14754;
2803;Potatoes;2;9.01;14754;
2803;Coffee;3;2.14;14754;
2803;Sugar;5;3.16;14754;
2804;Sugar;4;3.73;63567;
2804;Coffee;1;8.61;63567;
2804;Bread;1;4.92;63567;
2805;Sugar;2;9.20;92471;
2805;Tea;2;3.99;92471;
2805;Juice;1;8.57;92471;
2805;Pasta;4;1.76;92471;
2805;Coffee;1;1.80;92471;
2805;Cereal;3;9.88;92471;
2805;Onions;5;1.57;92471;
2806;Chicken;2;9.24;74433;
2806;Onions;2;1.14;74433;
2806;Tomatoes;3;7.10;74433;
2806;Potatoes;2;3.14;74433;
2806;Bread;3;2.01;74433;
2806;Bananas;1;6.35;74433;
2806;Juice;2;2.51;74433;
2807;Chicken;2;7.96;11083;
2807;Tomatoes;5;6.55;11083;
2807;Potatoes;4;9.24;11083;
2808;Sugar;3;9.45;47690;
2808;Oranges;2;8.79;47690;
2808;Tea;5;8.33;47690;
2808;Coffee;1;4.11;47690;
2809;Bananas;4;6.83;81434;
2809;Coffee;4;8.52;81434;
2809;Chicken;5;7.09;81434;
2809;Bread;4;7.39;81434;
2809;Onions;2;8.16;81434;
2809;Sugar;1;9.90;81434;
2809;Milk;4;2.32;81434;
2809;Tea;1;1.60;81434;
2810;Butter;4;6.69;43153;
2810;Apples;2;5.32;43153;
2810;Yogurt;4;1.29;43153;
2810;Chicken;4;9.80;43153;
2810;Coffee;2;8.59;43153;
2810;Bananas;4;4.52;43153;
2810;Potatoes;5;7.44;43153;
2811;Sugar;3;1.48;58324;
2811;Butter;2;7.89;58324;
2811;Coffee;1;1.54;58324;
2812;Butter;5;9.10;64275;
2812;Bread;5;5.19;64275;
2812;Sugar;4;1.96;64275;
2813;Yogurt;5;6.41;48825;
2813;Bananas;5;3.25;48825;
2813;Apples;4;6.72;48825;
2814;Tea;5;6.32;47476;
2814;Oranges;4;3.68;47476;
2814;Apples;2;2.06;47476;
2814;Potatoes;4;4.76;47476;
2814;Bananas;3;4.17;47476;
2814;Tomatoes;4;4.37;47476;
2814;Sugar;1;9.85;47476;
2815;Tomatoes;4;6.58;49470;
2815;Cheese;3;9.53;49470;
2815;Pasta;1;1.38;49470;
2816;Milk;3;8.14;65808;
2816;Cheese;5;9.32;65808;
2816;Coffee;4;9.74;65808;
2816;Butter;1;1.30;65808;
2816;Bananas;1;6.98;65808;
2816;Potatoes;4;6.53;65808;
2816;Cereal;5;6.37;65808;
2816;Apples;2;3.69;65808;
2817;Tea;3;6.63;98411;
2817;Coffee;2;1.37;98411;
2817;Sugar;1;8.04;98411;
2818;Bananas;1;8.86;37802;
2818;Milk;2;1.85;37802;
2818;Cheese;5;9.53;37802;
2818;Apples;2;1.69;37802;
2818;Coffee;5;3.57;37802;
2818;Sugar;5;7.90;37802;
2818;Cereal;1;5.32;37802;
2819;Bananas;5;4.04;83335;
2819;Oranges;4;7.55;83335;
2819;Tomatoes;1;3.19;83335;
2819;Sugar;1;4.21;83335;
2819;Milk;3;2.57;83335;
2819;Apples;2;4.62;83335;
2819;Pasta;5;7.64;83335;
2820;Juice;4;3.16;57013;
2820;Yogurt;3;9.03;57013;
2820;Tea;4;2.00;57013;
2820;Chicken;4;5.61;57013;
2820;Coffee;2;2.57;57013;
2820;Bananas;2;3.45;57013;
2820;Eggs;2;7.74;57013;
2820;Apples;4;9.77;57013;
2821;Oranges;3;9.63;11012;
2821;Onions;1;1.32;11012;
2821;Chicken;5;3.87;11012;
2821;Tomatoes;5;6.40;11012;
2821;Potatoes;4;3.79;11012;
2822;Bread;2;2.10;67579;
2822;Cheese;3;7.11;67579;
2822;Tomatoes;4;4.91;67579;
2822;Sugar;3;4.37;67579;
2822;Pasta;1;9.39;67579;
2822;Yogurt;5;8.61;67579;
2823;Tomatoes;2;8.09;53915;
2823;Chicken;2;8.78;53915;
2823;Bananas;4;5.99;53915;
2823;Onions;4;1.27;53915;
2823;Potatoes;2;3.12;53915;
2824;Bananas;3;1.56;22534;
2824;Oranges;4;2.45;22534;
2824;Potatoes;3;5.07;22534;
2824;Butter;1;8.75;22534;
2824;Apples;1;4.11;22534;
2824;Juice;4;1.20;22534;
2824;Sugar;2;4.61;22534;
2824;Pasta;3;6.54;22534;
2825;Yogurt;4;4.58;71859;
2825;Chicken;2;5.00;71859;
2825;Butter;1;4.34;71859;
2825;Juice;2;1.19;71859;
2825;Bananas;2;4.08;71859;
2825;Apples;5;8.12;71859;
2826;Tea;1;5.44;10476;
2826;Yogurt;2;7.01;10476;
2826;Apples;5;9.72;10476;
2826;Chicken;3;7.56;10476;
2826;Bananas;3;9.41;10476;
2826;Tomatoes;4;7.24;10476;
2827;Apples;2;1.09;78762;
2827;Bananas;4;1.95;78762;
2827;Oranges;3;9.19;78762;
2828;Oranges;2;2.83;59763;
2828;Apples;5;6.33;59763;
2828;Bananas;1;6.74;59763;
2829;Pasta;5;4.70;23108;
2829;Apples;2;4.60;23108;
2829;Onions;5;8.76;23108;
2829;Yogurt;1;6.85;23108;
2829;Cheese;1;3.67;23108;
2829;Chicken;4;6.85;23108;
2829;Tomatoes;2;8.84;23108;
2829;Potatoes;1;5.41;23108;
2830;Pasta;1;3.65;47116;
2830;Milk;2;8.35;47116;
2830;Bananas;2;4.66;47116;
2830;Cereal;3;9.16;47116;
2830;Eggs;3;7.46;47116;
2831;Bread;5;5.39;70172;
2831;Sugar;4;9.94;70172;
2831;Butter;5;4.89;70172;
2831;Coffee;3;3.18;70172;
2832;Cereal;3;3.76;16639;
2832;Apples;2;1.18;16639;
2832;Bananas;1;6.24;16639;
2832;Yogurt;5;6.99;16639;
2833;Bread;4;5.23;18098;
2833;Sugar;5;3.68;18098;
2833;Coffee;5;4.87;18098;
2833;Butter;1;3.39;18098;
2834;Yogurt;3;6.67;53336;
2834;Butter;1;3.85;53336;
2834;Bananas;3;6.70;53336;
2834;Apples;2;5.52;53336;
2834;Cereal;5;6.27;53336;
2835;Cheese;2;8.33;98336;
2835;Potatoes;2;9.69;98336;
2835;Tea;5;8.68;98336;
2835;Chicken;1;5.73;98336;
2835;Eggs;1;1.37;98336;
2835;Coffee;2;7.98;98336;
2835;Oranges;2;1.94;98336;
2835;Sugar;4;1.08;98336;
2836;Bread;5;7.53;51129;
2836;Cheese;5;8.59;51129;
2836;Tomatoes;5;8.93;51129;
2836;Apples;4;4.62;51129;
2836;Pasta;1;4.20;51129;
2837;Tea;2;2.07;94887;
2837;Tomatoes;5;3.50;94887;
2837;Cheese;1;2.73;94887;
2837;Pasta;1;4.01;94887;
2838;Coffee;3;3.74;69162;
2838;Milk;1;1.71;69162;
2838;Sugar;1;2.28;69162;
2838;Tea;1;9.91;69162;
2838;Cereal;5;4.02;69162;
2838;Juice;5;9.74;69162;
2838;Eggs;4;3.11;69162;
2838;Apples;2;1.21;69162;
2839;Bread;5;1.75;88650;
2839;Coffee;4;7.73;88650;
2839;Bananas;4;4.82;88650;
2839;Sugar;2;9.71;88650;
2839;Oranges;1;6.40;88650;
2839;Apples;1;9.97;88650;
2839;Tea;1;5.74;88650;
2840;Potatoes;3;4.58;84211;
2840;Cheese;1;2.87;84211;
2840;Pasta;2;9.44;84211;
2840;Tomatoes;2;7.35;84211;
2841;Bananas;5;6.70;56509;
2841;Oranges;1;1.35;56509;
2841;Yogurt;4;6.14;56509;
2841;Apples;5;4.40;56509;
2841;Tomatoes;2;4.12;56509;
2842;Tomatoes;4;8.94;41219;
2842;Pasta;2;3.63;41219;
2842;Cheese;1;9.34;41219;
2842;Sugar;2;3.40;41219;
2843;Potatoes;5;9.49;39125;
2843;Cereal;1;2.70;39125;
2843;Apples;3;5.59;39125;
2843;Juice;3;3.03;39125;
2843;Onions;4;2.68;39125;
2843;Bananas;1;7.01;39125;
2843;Milk;2;4.02;39125;
2844;Potatoes;4;9.50;56579;
2844;Sugar;5;9.46;56579;
2844;Pasta;2;5.90;56579;
2844;Tea;4;1.03;56579;
2844;Coffee;1;5.15;56579;
2845;Potatoes;1;5.45;23895;
2845;Chicken;1;6.61;23895;
2845;Tomatoes;5;2.73;23895;
2846;Apples;3;8.53;46797;
2846;Yogurt;3;3.60;46797;
2846;Oranges;2;1.13;46797;
2846;Bananas;4;2.86;46797;
2847;Yogurt;1;6.00;49196;
2847;Oranges;3;2.28;49196;
2847;Chicken;4;1.21;49196;
2847;Cheese;2;5.40;49196;
2847;Coffee;2;5.87;49196;
2847;Tea;1;2.15;49196;
2847;Sugar;1;7.04;49196;
2848;Tomatoes;4;5.34;35147;
2848;Onions;1;5.56;35147;
2848;Chicken;3;8.97;35147;
2849;Bananas;4;1.18;65371;
2849;Chicken;3;3.55;65371;
2849;Milk;2;4.81;65371;
2849;Onions;5;6.68;65371;
2849;Cereal;4;3.32;65371;
2849;Eggs;1;8.44;65371;
2850;Apples;1;1.88;49584;
2850;Onions;3;1.02;49584;
2850;Chicken;1;5.12;49584;
2850;Potatoes;3;7.57;49584;
2850;Tomatoes;1;9.17;49584;
2850;Coffee;2;5.33;49584;
2851;Apples;4;7.01;24285;
2851;Potatoes;3;1.15;24285;
2851;Cheese;1;3.87;24285;
2851;Chicken;1;3.94;24285;
2851;Tea;4;9.46;24285;
2851;Oranges;1;9.56;24285;
2851;Bananas;1;4.28;24285;
2852;Tomatoes;4;3.48;11065;
2852;Apples;3;7.44;11065;
2852;Sugar;4;2.59;11065;
2852;Yogurt;3;7.05;11065;
2852;Bananas;1;3.10;11065;
2853;Yogurt;2;8.06;23153;
2853;Tomatoes;3;4.86;23153;
2853;Eggs;2;4.46;23153;
2853;Bananas;1;2.08;23153;
2853;Apples;2;4.50;23153;
2854;Sugar;5;3.68;92181;
2854;Coffee;3;2.15;92181;
2854;Bread;1;4.88;92181;
2854;Butter;2;7.22;92181;
2855;Potatoes;4;7.58;50133;
2855;Cereal;4;1.47;50133;
2855;Juice;3;7.01;50133;
2855;Oranges;4;3.14;50133;
2855;Bananas;2;1.77;50133;
2855;Apples;5;9.55;50133;
2856;Apples;1;1.31;20958;
2856;Coffee;5;8.65;20958;
2856;Bread;3;2.77;20958;
2856;Tea;2;9.57;20958;
2856;Bananas;4;9.52;20958;
2856;Pasta;4;6.82;20958;
2856;Sugar;2;8.38;20958;
2857;Tomatoes;5;7.66;70289;
2857;Onions;1;8.75;70289;
2857;Butter;5;9.66;70289;
2857;Potatoes;1;1.92;70289;
2857;Bananas;3;2.10;70289;
2857;Oranges;3;1.77;70289;
2857;Chicken;4;4.80;70289;
2858;Butter;2;4.08;66535;
2858;Pasta;4;5.73;66535;
2858;Milk;5;3.56;66535;
2858;Onions;3;7.43;66535;
2858;Tomatoes;4;9.58;66535;
2858;Chicken;5;5.30;66535;
2858;Cheese;4;8.58;66535;
2858;Potatoes;1;8.26;66535;
2859;Cereal;3;7.13;17076;
2859;Tea;1;6.75;17076;
2859;Oranges;2;6.81;17076;
2859;Coffee;4;9.79;17076;
2859;Milk;4;2.52;17076;
2859;Apples;3;1.81;17076;
2859;Chicken;4;2.13;17076;
2859;Bananas;2;9.12;17076;
2860;Onions;1;1.33;76977;
2860;Pasta;3;7.23;76977;
2860;Coffee;1;2.88;76977;
2860;Milk;2;6.98;76977;
2860;Tomatoes;1;2.40;76977;
2860;Potatoes;5;7.90;76977;
2860;Chicken;1;6.80;76977;
2861;Butter;1;1.95;74031;
2861;Eggs;2;9.88;74031;
2861;Apples;2;1.05;74031;
2861;Cheese;3;7.14;74031;
2861;Bananas;1;2.02;74031;
2861;Oranges;2;9.58;74031;
2862;Cheese;3;4.81;79840;
2862;Tomatoes;5;9.17;79840;
2862;Chicken;4;4.83;79840;
2862;Yogurt;2;7.08;79840;
2862;Apples;4;5.03;79840;
2862;Cereal;4;5.28;79840;
2862;Bananas;5;3.52;79840;
2862;Pasta;5;9.31;79840;
2863;Bananas;2;5.51;26693;
2863;Apples;1;3.82;26693;
2863;Coffee;4;2.50;26693;
2863;Pasta;1;8.41;26693;
2863;Tea;4;2.66;26693;
2863;Butter;3;5.36;26693;
2863;Oranges;1;5.40;26693;
2864;Sugar;2;6.75;87794;
2864;Tea;4;5.58;87794;
2864;Coffee;3;2.11;87794;
2865;Butter;5;1.66;20316;
2865;Apples;1;4.12;20316;
2865;Onions;1;6.43;20316;
2865;Chicken;2;1.90;20316;
2865;Tomatoes;1;4.87;20316;
2865;Oranges;3;5.99;20316;
2865;Bananas;4;1.82;20316;
2866;Juice;3;3.88;22244;
2866;Cereal;2;9.39;22244;
2866;Sugar;2;6.55;22244;
2866;Tea;2;6.54;22244;
2866;Coffee;3;9.00;22244;
2867;Potatoes;4;1.82;81633;
2867;Cereal;1;7.85;81633;
2867;Milk;3;9.11;81633;
2867;Bananas;5;2.20;81633;
2867;Coffee;2;6.13;81633;
2868;Bananas;4;9.43;49690;
2868;Bread;2;9.78;49690;
2868;Tea;4;4.82;49690;
2868;Apples;1;5.33;49690;
2868;Oranges;3;6.35;49690;
2868;Sugar;3;7.62;49690;
2868;Yogurt;2;3.65;49690;
2868;Butter;5;2.54;49690;
2869;Chicken;5;8.22;79015;
2869;Tomatoes;2;9.32;79015;
2869;Onions;2;2.20;79015;
2869;Potatoes;2;7.10;79015;
2870;Tomatoes;2;2.85;16611;
2870;Apples;4;9.49;16611;
2870;Bananas;4;3.39;16611;
2870;Tea;4;9.67;16611;
2870;Oranges;2;9.55;16611;
2870;Milk;2;3.85;16611;
2870;Eggs;3;8.92;16611;
2870;Potatoes;4;8.17;16611;
2871;Apples;1;9.24;20352;
2871;Bananas;3;6.83;20352;
2871;Tea;5;6.33;20352;
2871;Juice;4;4.59;20352;
2871;Onions;3;1.39;20352;
2871;Eggs;1;7.23;20352;
2871;Oranges;3;9.62;20352;
2871;Yogurt;4;9.96;20352;
2872;Coffee;2;2.00;62053;
2872;Apples;2;4.06;62053;
2872;Juice;3;5.64;62053;
2872;Bananas;4;6.90;62053;
2872;Oranges;4;1.39;62053;
2873;Onions;1;1.21;67282;
2873;Tea;1;8.24;67282;
2873;Apples;1;1.55;67282;
2873;Juice;4;3.87;67282;
2873;Oranges;2;9.44;67282;
2873;Bananas;3;7.68;67282;
2874;Coffee;4;6.66;73409;
2874;Apples;3;4.09;73409;
2874;Yogurt;1;7.94;73409;
2874;Bananas;1;3.68;73409;
2874;Chicken;3;4.78;73409;
2874;Potatoes;4;8.18;73409;
2874;Cheese;2;2.31;73409;
2874;Butter;2;7.98;73409;
2875;Oranges;5;8.81;45980;
2875;Sugar;5;1.62;45980;
2875;Tea;3;2.76;45980;
2875;Cereal;5;7.99;45980;
2875;Apples;4;2.73;45980;
2875;Butter;2;8.56;45980;
2875;Coffee;4;6.42;45980;
2876;Sugar;3;2.92;63542;
2876;Cereal;3;9.34;63542;
2876;Coffee;2;2.21;63542;
2876;Chicken;2;8.10;63542;
2876;Milk;2;8.13;63542;
2876;Cheese;4;3.33;63542;
2876;Bananas;3;8.09;63542;
2877;Cheese;4;1.85;94916;
2877;Tea;4;6.69;94916;
2877;Sugar;5;6.63;94916;
2877;Onions;3;3.18;94916;
2877;Coffee;5;2.55;94916;
2878;Oranges;1;5.22;11934;
2878;Apples;4;8.82;11934;
2878;Eggs;3;1.96;11934;
2878;Bananas;5;6.06;11934;
2879;Eggs;3;2.17;69442;
2879;Cereal;1;4.32;69442;
2879;Milk;1;5.66;69442;
2879;Potatoes;3;9.26;69442;
2879;Bananas;3;6.54;69442;
2879;Juice;1;9.30;69442;
2880;Apples;2;6.42;85384;
2880;Bananas;1;9.45;85384;
2880;Butter;2;5.56;85384;
2880;Potatoes;2;8.19;85384;
2880;Yogurt;2;2.30;85384;
2881;Sugar;1;3.12;60859;
2881;Cheese;4;9.67;60859;
2881;Pasta;4;6.64;60859;
2881;Chicken;1;7.45;60859;
2881;Bananas;4;1.89;60859;
2881;Tomatoes;5;2.31;60859;
2881;Eggs;5;8.88;60859;
2882;Coffee;2;4.59;32170;
2882;Oranges;1;4.99;32170;
2882;Tea;1;2.53;32170;
2882;Sugar;5;7.24;32170;
2882;Yogurt;1;2.77;32170;
2882;Cereal;4;4.85;32170;
2883;Apples;3;8.30;27632;
2883;Bananas;4;7.10;27632;
2883;Pasta;3;3.95;27632;
2883;Milk;5;5.55;27632;
2883;Yogurt;5;1.43;27632;
2884;Coffee;3;6.40;32830;
2884;Bananas;2;3.19;32830;
2884;Bread;2;5.67;32830;
2884;Oranges;2;3.00;32830;
2884;Pasta;5;1.28;32830;
2884;Milk;1;1.03;32830;
2884;Apples;2;2.65;32830;
2884;Cereal;5;2.74;32830;
2885;Bananas;3;8.30;37712;
2885;Onions;3;1.71;37712;
2885;Apples;5;6.06;37712;
2885;Oranges;1;7.36;37712;
2886;Sugar;4;5.25;51641;
2886;Oranges;2;1.31;51641;
2886;Apples;4;8.76;51641;
2886;Bananas;2;9.19;51641;
2886;Cereal;2;3.48;51641;
2887;Coffee;4;4.17;14235;
2887;Milk;3;3.99;14235;
2887;Chicken;4;1.76;14235;
2887;Bananas;1;3.07;14235;
2887;Oranges;3;4.52;14235;
2887;Cereal;4;8.81;14235;
2888;Bread;4;1.37;80825;
2888;Coffee;1;6.29;80825;
2888;Cheese;2;3.76;80825;
2888;Apples;4;8.70;80825;
2888;Sugar;4;2.32;80825;
2888;Bananas;3;8.45;80825;
2888;Yogurt;5;5.17;80825;
2888;Chicken;2;8.61;80825;
2889;Pasta;2;9.59;96109;
2889;Tomatoes;5;2.50;96109;
2889;Potatoes;4;9.56;96109;
2889;Milk;5;1.96;96109;
2889;Eggs;5;6.37;96109;
2889;Chicken;2;9.44;96109;
2889;Yogurt;3;5.35;96109;
2889;Onions;5;2.84;96109;
2890;Bread;2;5.05;46837;
2890;Sugar;2;5.02;46837;
2890;Coffee;4;4.35;46837;
2890;Butter;5;8.97;46837;
2891;Potatoes;5;9.00;43980;
2891;Tomatoes;1;7.90;43980;
2891;Onions;5;2.52;43980;
2891;Cereal;4;2.13;43980;
2891;Sugar;5;1.52;43980;
2891;Coffee;3;1.37;43980;
2891;Chicken;2;7.69;43980;
2892;Tomatoes;3;4.70;80926;
2892;Chicken;5;2.54;80926;
2892;Potatoes;4;7.98;80926;
2893;Apples;1;9.72;72952;
2893;Yogurt;2;5.69;72952;
2893;Bananas;2;2.47;72952;
2894;Cheese;5;8.80;37021;
2894;Butter;2;5.19;37021;
2894;Pasta;4;9.93;37021;
2894;Tomatoes;1;1.68;37021;
2894;Milk;3;1.88;37021;
2895;Yogurt;1;2.89;71889;
2895;Bananas;5;1.99;71889;
2895;Coffee;5;3.80;71889;
2895;Milk;3;5.28;71889;
2895;Oranges;2;9.81;71889;
2895;Eggs;3;8.44;71889;
2895;Cereal;4;7.61;71889;
2895;Tomatoes;1;3.62;71889;
2896;Apples;3;5.11;64376;
2896;Pasta;1;8.17;64376;
2896;Bananas;5;1.75;64376;
2896;Oranges;4;9.13;64376;
2896;Butter;5;8.28;64376;
2897;Coffee;2;1.68;59521;
2897;Chicken;2;6.14;59521;
2897;Sugar;3;2.86;59521;
2897;Bread;1;2.55;59521;
2897;Apples;3;6.65;59521;
2897;Tea;1;2.00;59521;
2897;Oranges;3;8.05;59521;
2898;Sugar;2;6.74;96065;
2898;Coffee;4;6.47;96065;
2898;Onions;3;3.12;96065;
2898;Apples;5;5.34;96065;
2898;Tomatoes;4;1.53;96065;
2898;Cheese;4;6.18;96065;
2898;Pasta;2;7.50;96065;
2898;Bananas;3;8.92;96065;
2899;Bananas;5;7.12;36196;
2899;Apples;5;5.75;36196;
2899;Oranges;4;4.97;36196;
2900;Chicken;3;8.62;54513;
2900;Tea;2;9.96;54513;
2900;Tomatoes;5;2.74;54513;
2900;Onions;4;7.50;54513;
2900;Potatoes;2;6.94;54513;
2900;Coffee;1;6.23;54513;
2900;Eggs;1;9.35;54513;
2901;Coffee;4;1.96;72554;
2901;Tea;2;9.39;72554;
2901;Butter;4;8.26;72554;
2901;Sugar;2;4.67;72554;
2901;Pasta;1;9.91;72554;
2901;Bread;3;8.06;72554;
2902;Coffee;1;1.27;27634;
2902;Bread;3;8.54;27634;
2902;Sugar;5;7.45;27634;
2902;Butter;2;3.52;27634;
2903;Cheese;1;1.06;81308;
2903;Tomatoes;1;1.31;81308;
2903;Yogurt;1;6.96;81308;
2903;Bananas;2;1.90;81308;
2903;Butter;1;6.24;81308;
2903;Pasta;1;6.95;81308;
2903;Tea;5;5.94;81308;
2903;Oranges;1;4.05;81308;
2904;Milk;4;8.19;70826;
2904;Bananas;3;8.30;70826;
2904;Cereal;5;6.47;70826;
2905;Tomatoes;2;9.46;37437;
2905;Potatoes;1;5.53;37437;
2905;Onions;3;1.36;37437;
2905;Bread;2;2.07;37437;
2905;Yogurt;1;3.43;37437;
2905;Chicken;3;8.38;37437;
2906;Oranges;2;5.02;17973;
2906;Cheese;1;7.43;17973;
2906;Tomatoes;4;7.04;17973;
2906;Pasta;1;4.22;17973;
2906;Juice;2;5.75;17973;
2906;Chicken;4;7.95;17973;
2907;Bread;4;6.42;20603;
2907;Butter;2;2.03;20603;
2907;Coffee;2;1.67;20603;
2907;Sugar;2;1.83;20603;
2908;Bananas;1;2.94;91906;
2908;Milk;2;2.60;91906;
2908;Oranges;5;8.36;91906;
2908;Tomatoes;3;9.33;91906;
2908;Pasta;3;4.64;91906;
2908;Yogurt;4;6.29;91906;
2908;Cheese;2;8.82;91906;
2909;Bread;1;6.82;83161;
2909;Sugar;1;9.98;83161;
2909;Coffee;5;1.30;83161;
2910;Chicken;2;2.54;32601;
2910;Tomatoes;4;5.92;32601;
2910;Onions;2;6.09;32601;
2910;Potatoes;2;2.92;32601;
2911;Juice;4;4.25;65575;
2911;Yogurt;5;8.02;65575;
2911;Bananas;4;2.33;65575;
2911;Apples;4;3.99;65575;
2911;Oranges;3;4.19;65575;
2912;Chicken;3;8.47;56822;
2912;Butter;3;1.24;56822;
2912;Sugar;2;9.62;56822;
2912;Bread;4;5.08;56822;
2912;Eggs;3;5.71;56822;
2912;Coffee;4;1.06;56822;
2913;Tomatoes;3;2.54;18279;
2913;Bananas;4;3.30;18279;
2913;Milk;1;4.03;18279;
2913;Cereal;1;6.09;18279;
2913;Chicken;3;6.29;18279;
2914;Coffee;3;4.31;11585;
2914;Oranges;2;6.56;11585;
2914;Sugar;2;2.42;11585;
2914;Tea;3;1.27;11585;
2915;Butter;2;1.12;31271;
2915;Bread;3;4.65;31271;
2915;Coffee;4;9.89;31271;
2916;Cereal;5;8.16;47274;
2916;Onions;5;8.73;47274;
2916;Bread;1;3.03;47274;
2916;Butter;3;1.23;47274;
2916;Coffee;3;7.63;47274;
2916;Sugar;2;1.72;47274;
2917;Bread;1;3.74;29163;
2917;Coffee;1;8.87;29163;
2917;Sugar;3;6.97;29163;
2918;Yogurt;1;5.14;91979;
2918;Bananas;4;4.25;91979;
2918;Apples;5;8.07;91979;
2919;Cereal;5;4.55;74986;
2919;Eggs;5;4.76;74986;
2919;Milk;2;9.74;74986;
2919;Bananas;3;2.98;74986;
2919;Onions;2;5.59;74986;
2920;Coffee;2;7.30;51388;
2920;Cereal;1;5.72;51388;
2920;Apples;2;3.98;51388;
2920;Chicken;3;8.59;51388;
2920;Tomatoes;3;7.44;51388;
2920;Yogurt;1;8.40;51388;
2920;Milk;1;1.46;51388;
2920;Bananas;2;9.45;51388;
2921;Juice;4;4.97;19222;
2921;Pasta;1;7.58;19222;
2921;Tomatoes;5;6.55;19222;
2921;Coffee;1;6.84;19222;
2921;Apples;2;8.29;19222;
2921;Cheese;4;6.77;19222;
2921;Onions;1;9.81;19222;
2922;Sugar;3;2.46;17769;
2922;Coffee;2;7.89;17769;
2922;Eggs;4;4.20;17769;
2922;Tea;3;8.99;17769;
2922;Pasta;4;9.10;17769;
2923;Coffee;5;1.26;23108;
2923;Bananas;5;4.51;23108;
2923;Apples;1;3.77;23108;
2923;Sugar;5;4.89;23108;
2923;Onions;3;8.72;23108;
2923;Eggs;2;4.72;23108;
2923;Oranges;5;5.84;23108;
2924;Eggs;3;3.23;10723;
2924;Juice;5;7.86;10723;
2924;Coffee;2;5.77;10723;
2924;Tea;1;1.34;10723;
2924;Sugar;3;7.88;10723;
2924;Yogurt;3;3.66;10723;
2924;Chicken;5;2.48;10723;
2925;Milk;5;5.07;45013;
2925;Bananas;2;5.18;45013;
2925;Cereal;5;3.99;45013;
2925;Cheese;2;7.11;45013;
2925;Coffee;4;8.33;45013;
2926;Onions;3;4.10;96174;
2926;Bananas;3;4.34;96174;
2926;Potatoes;2;5.86;96174;
2926;Pasta;3;3.99;96174;
2926;Chicken;5;6.83;96174;
2926;Tomatoes;5;7.76;96174;
2926;Yogurt;1;8.16;96174;
2926;Juice;4;9.21;96174;
2927;Butter;5;6.72;21445;
2927;Tea;4;8.75;21445;
2927;Coffee;4;8.53;21445;
2927;Sugar;5;8.76;21445;
2928;Juice;5;3.51;77798;
2928;Cheese;4;1.48;77798;
2928;Apples;2;4.46;77798;
2928;Bananas;2;2.90;77798;
2928;Milk;1;6.74;77798;
2928;Yogurt;3;7.11;77798;
2928;Cereal;4;4.19;77798;
2928;Oranges;4;8.68;77798;
2929;Sugar;3;3.98;56437;
2929;Pasta;4;9.57;56437;
2929;Coffee;5;9.29;56437;
2929;Tomatoes;3;3.41;56437;
2929;Oranges;3;2.72;56437;
2929;Tea;3;4.81;56437;
2930;Coffee;5;8.90;92893;
2930;Butter;1;4.49;92893;
2930;Yogurt;3;9.94;92893;
2930;Bananas;3;2.78;92893;
2930;Tea;1;8.89;92893;
2930;Potatoes;1;6.14;92893;
2930;Eggs;1;7.37;92893;
2930;Apples;2;4.43;92893;
2931;Apples;2;5.97;95866;
2931;Potatoes;1;4.52;95866;
2931;Sugar;3;9.11;95866;
2931;Milk;2;7.07;95866;
2931;Juice;3;7.79;95866;
2931;Onions;5;3.74;95866;
2931;Coffee;4;5.96;95866;
2931;Tea;1;6.70;95866;
2932;Onions;2;9.82;22728;
2932;Coffee;3;7.30;22728;
2932;Oranges;2;7.11;22728;
2932;Pasta;4;4.17;22728;
2932;Sugar;4;2.69;22728;
2932;Potatoes;1;7.61;22728;
2932;Butter;4;8.54;22728;
2932;Tea;2;6.83;22728;
2933;Yogurt;5;1.14;92239;
2933;Bananas;5;8.58;92239;
2933;Cereal;3;8.08;92239;
2933;Milk;1;4.54;92239;
2933;Butter;5;9.57;92239;
2933;Apples;5;8.09;92239;
2934;Tea;1;5.21;63812;
2934;Sugar;1;3.30;63812;
2934;Coffee;4;2.21;63812;
2935;Bananas;2;2.73;56526;
2935;Sugar;4;5.76;56526;
2935;Oranges;5;8.78;56526;
2935;Apples;5;5.77;56526;
2936;Butter;3;4.71;37480;
2936;Sugar;3;8.38;37480;
2936;Coffee;2;8.26;37480;
2937;Chicken;5;9.01;97385;
2937;Onions;2;2.51;97385;
2937;Potatoes;4;7.03;97385;
2937;Tomatoes;5;5.28;97385;
2937;Bread;4;6.49;97385;
2938;Cereal;3;2.03;73806;
2938;Coffee;5;5.90;73806;
2938;Apples;1;9.38;73806;
2938;Pasta;1;5.26;73806;
2938;Bananas;2;4.69;73806;
2938;Oranges;2;7.26;73806;
2938;Onions;5;5.29;73806;
2938;Yogurt;5;5.90;73806;
2939;Apples;5;1.18;40520;
2939;Butter;5;2.05;40520;
2939;Bananas;4;7.15;40520;
2939;Oranges;4;9.34;40520;
2940;Cereal;5;4.44;99460;
2940;Bananas;4;3.01;99460;
2940;Milk;2;1.06;99460;
2941;Tomatoes;2;7.92;24138;
2941;Onions;2;5.57;24138;
2941;Chicken;4;6.87;24138;
2941;Potatoes;3;8.47;24138;
2941;Butter;2;5.40;24138;
2941;Apples;4;6.35;24138;
2941;Bananas;1;9.16;24138;
2942;Cheese;5;1.36;30439;
2942;Pasta;4;2.62;30439;
2942;Tomatoes;2;6.78;30439;
2943;Eggs;5;1.20;16235;
2943;Milk;2;6.14;16235;
2943;Onions;3;5.17;16235;
2943;Yogurt;3;1.96;16235;
2943;Bananas;2;4.36;16235;
2943;Apples;4;5.53;16235;
2943;Juice;2;6.07;16235;
2944;Bread;4;8.38;47436;
2944;Sugar;2;8.87;47436;
2944;Coffee;3;4.60;47436;
2944;Butter;3;3.08;47436;
2945;Bananas;4;5.86;91214;
2945;Apples;1;2.05;91214;
2945;Bread;5;4.72;91214;
2945;Butter;3;5.09;91214;
2945;Oranges;2;2.54;91214;
2945;Onions;5;8.10;91214;
2946;Oranges;2;1.08;37175;
2946;Apples;2;6.39;37175;
2946;Bread;1;2.10;37175;
2946;Bananas;1;3.14;37175;
2946;Tea;5;6.57;37175;
2946;Sugar;1;4.95;37175;
2946;Onions;1;3.22;37175;
2947;Onions;3;3.52;68459;
2947;Apples;2;7.26;68459;
2947;Bananas;1;8.30;68459;
2947;Yogurt;1;2.62;68459;
2948;Bananas;5;1.83;99268;
2948;Milk;4;3.28;99268;
2948;Cereal;3;8.20;99268;
2949;Bananas;1;7.70;58404;
2949;Yogurt;2;3.25;58404;
2949;Apples;5;1.38;58404;
2950;Potatoes;1;8.22;27724;
2950;Tomatoes;1;1.42;27724;
2950;Chicken;5;1.60;27724;
2951;Milk;1;5.08;92707;
2951;Bananas;3;5.20;92707;
2951;Cereal;2;3.84;92707;
2952;Chicken;2;7.22;55306;
2952;Onions;5;9.49;55306;
2952;Tomatoes;5;4.70;55306;
2952;Potatoes;5;5.03;55306;
2953;Bananas;5;4.28;83241;
2953;Apples;1;8.13;83241;
2953;Oranges;5;2.13;83241;
2953;Bread;5;1.08;83241;
2953;Eggs;2;4.83;83241;
2954;Milk;2;4.87;31875;
2954;Tomatoes;2;4.03;31875;
2954;Cereal;3;3.60;31875;
2954;Bananas;5;6.94;31875;
2955;Coffee;4;3.73;19479;
2955;Sugar;2;7.97;19479;
2955;Tea;3;4.90;19479;
2955;Tomatoes;1;7.95;19479;
2956;Coffee;2;6.42;86422;
2956;Apples;3;5.41;86422;
2956;Butter;1;6.12;86422;
2956;Oranges;5;8.15;86422;
2956;Pasta;2;5.03;86422;
2956;Tea;3;4.24;86422;
2956;Bananas;5;5.03;86422;
2956;Cheese;5;7.42;86422;
2957;Apples;2;6.79;86688;
2957;Chicken;3;1.96;86688;
2957;Sugar;1;9.66;86688;
2957;Milk;4;9.08;86688;
2957;Onions;5;3.27;86688;
2957;Potatoes;3;6.50;86688;
2957;Cereal;1;1.66;86688;
2957;Bananas;4;2.37;86688;
2958;Cereal;3;5.52;96256;
2958;Bananas;5;2.59;96256;
2958;Milk;1;9.35;96256;
2958;Yogurt;4;7.06;96256;
2958;Chicken;1;7.02;96256;
2959;Tomatoes;2;7.91;55981;
2959;Cheese;4;9.05;55981;
2959;Eggs;5;8.26;55981;
2959;Pasta;2;7.27;55981;
2959;Onions;2;7.14;55981;
2959;Bananas;2;6.48;55981;
2959;Potatoes;1;5.35;55981;
2959;Sugar;4;4.48;55981;
2960;Eggs;2;2.62;49798;
2960;Tomatoes;1;5.91;49798;
2960;Pasta;1;3.51;49798;
2960;Cheese;5;7.49;49798;
2960;Potatoes;3;6.41;49798;
2960;Milk;1;4.30;49798;
2960;Chicken;2;5.13;49798;
2960;Tea;1;5.07;49798;
2961;Chicken;3;5.30;22306;
2961;Coffee;2;2.24;22306;
2961;Tomatoes;5;4.03;22306;
2961;Sugar;2;2.19;22306;
2961;Potatoes;4;6.66;22306;
2961;Onions;3;9.82;22306;
2961;Yogurt;5;8.57;22306;
2962;Cereal;1;4.72;82763;
2962;Bananas;3;4.06;82763;
2962;Milk;4;7.93;82763;
2963;Bread;1;6.87;93685;
2963;Sugar;1;8.47;93685;
2963;Butter;4;8.10;93685;
2964;Milk;1;9.97;53430;
2964;Cereal;1;9.61;53430;
2964;Bananas;5;3.56;53430;
2965;Pasta;1;1.30;49997;
2965;Yogurt;1;5.09;49997;
2965;Tomatoes;1;1.83;49997;
2965;Coffee;5;1.05;49997;
2965;Bananas;5;1.74;49997;
2965;Apples;1;4.34;49997;
2965;Chicken;5;2.59;49997;
2965;Eggs;2;4.51;49997;
2966;Onions;4;2.97;12673;
2966;Potatoes;1;1.68;12673;
2966;Tomatoes;5;3.32;12673;
2966;Chicken;2;4.74;12673;
2967;Milk;3;3.02;13127;
2967;Cereal;2;9.47;13127;
2967;Bananas;1;4.24;13127;
2968;Bananas;5;9.24;66742;
2968;Tomatoes;5;6.91;66742;
2968;Coffee;5;2.29;66742;
2968;Apples;1;2.37;66742;
2968;Yogurt;2;4.53;66742;
2969;Cheese;2;7.92;32764;
2969;Bread;2;4.47;32764;
2969;Apples;4;1.28;32764;
2969;Yogurt;4;5.31;32764;
2969;Bananas;5;6.19;32764;
2969;Sugar;3;7.48;32764;
2970;Chicken;2;4.22;47430;
2970;Tomatoes;2;3.70;47430;
2970;Onions;4;2.33;47430;
2970;Potatoes;2;8.50;47430;
2971;Tomatoes;3;3.34;76337;
2971;Chicken;3;6.25;76337;
2971;Potatoes;1;4.79;76337;
2971;Oranges;5;8.26;76337;
2971;Onions;5;6.54;76337;
2972;Tomatoes;3;8.93;89434;
2972;Bread;2;6.76;89434;
2972;Butter;1;7.33;89434;
2972;Sugar;1;1.36;89434;
2972;Coffee;3;5.78;89434;
2973;Chicken;5;9.56;55828;
2973;Potatoes;5;7.05;55828;
2973;Onions;5;5.24;55828;
2973;Tomatoes;4;6.72;55828;
2974;Milk;5;5.59;38526;
2974;Bananas;4;4.88;38526;
2974;Cereal;3;7.05;38526;
2975;Oranges;5;1.41;55874;
2975;Sugar;5;5.48;55874;
2975;Bananas;4;5.82;55874;
2975;Apples;5;3.35;55874;
2975;Bread;4;4.19;55874;
2976;Sugar;2;8.68;39913;
2976;Bread;3;5.72;39913;
2976;Coffee;5;2.02;39913;
2977;Butter;2;6.14;92912;
2977;Yogurt;4;8.60;92912;
2977;Coffee;5;1.99;92912;
2977;Sugar;3;3.55;92912;
2977;Apples;4;3.48;92912;
2977;Bread;1;6.00;92912;
2977;Oranges;3;4.64;92912;
2977;Cereal;4;1.46;92912;
2978;Bananas;2;8.72;15227;
2978;Juice;2;9.18;15227;
2978;Butter;3;8.55;15227;
2978;Cheese;5;8.82;15227;
2978;Potatoes;2;3.93;15227;
2978;Cereal;1;8.91;15227;
2978;Apples;1;6.23;15227;
2978;Milk;3;2.47;15227;
2979;Pasta;5;5.42;77416;
2979;Yogurt;3;7.72;77416;
2979;Apples;1;4.23;77416;
2979;Onions;3;5.50;77416;
2979;Chicken;2;9.96;77416;
2979;Coffee;1;7.26;77416;
2979;Tomatoes;3;9.05;77416;
2979;Potatoes;3;3.67;77416;
2980;Yogurt;2;1.62;71824;
2980;Apples;5;4.35;71824;
2980;Bananas;4;5.28;71824;
2980;Potatoes;1;1.66;71824;
2981;Bananas;5;8.24;12828;
2981;Oranges;3;9.15;12828;
2981;Tea;2;5.82;12828;
2981;Bread;5;8.04;12828;
2981;Apples;4;8.16;12828;
2981;Coffee;1;1.16;12828;
2982;Milk;2;3.19;23118;
2982;Butter;2;8.49;23118;
2982;Oranges;4;2.60;23118;
2982;Bananas;3;2.32;23118;
2982;Apples;1;1.14;23118;
2983;Potatoes;1;5.55;70977;
2983;Cereal;2;4.86;70977;
2983;Bananas;4;9.93;70977;
2983;Bread;3;5.44;70977;
2983;Cheese;2;2.35;70977;
2983;Milk;5;7.56;70977;
2983;Apples;5;5.84;70977;
2983;Yogurt;3;7.36;70977;
2984;Cereal;5;8.09;54909;
2984;Oranges;1;5.82;54909;
2984;Bananas;4;3.25;54909;
2984;Butter;4;3.70;54909;
2984;Tea;4;3.15;54909;
2984;Juice;4;1.86;54909;
2984;Milk;5;2.40;54909;
2985;Potatoes;5;8.71;48697;
2985;Chicken;4;7.47;48697;
2985;Onions;1;6.55;48697;
2986;Oranges;4;2.21;59650;
2986;Milk;3;4.09;59650;
2986;Bananas;3;4.95;59650;
2986;Apples;1;3.29;59650;
2987;Sugar;3;1.08;71417;
2987;Butter;2;9.02;71417;
2987;Coffee;3;7.20;71417;
2987;Chicken;5;6.90;71417;
2987;Tea;2;6.76;71417;
2987;Eggs;4;1.08;71417;
2987;Bananas;2;1.16;71417;
2988;Cereal;5;4.94;91988;
2988;Onions;3;3.23;91988;
2988;Bananas;3;2.01;91988;
2988;Chicken;2;6.58;91988;
2988;Milk;5;3.98;91988;
2988;Potatoes;4;9.17;91988;
2989;Tomatoes;3;4.71;60118;
2989;Yogurt;5;7.45;60118;
2989;Tea;4;2.39;60118;
2989;Coffee;1;4.97;60118;
2989;Juice;1;7.33;60118;
2989;Sugar;4;6.54;60118;
2990;Butter;3;4.23;59915;
2990;Chicken;2;9.96;59915;
2990;Sugar;3;6.22;59915;
2990;Yogurt;4;2.98;59915;
2990;Bread;4;4.66;59915;
2990;Coffee;4;8.63;59915;
2991;Cheese;4;5.01;78430;
2991;Apples;3;1.77;78430;
2991;Eggs;1;6.95;78430;
2991;Onions;4;4.29;78430;
2991;Potatoes;4;9.28;78430;
2991;Oranges;4;9.56;78430;
2991;Chicken;1;3.49;78430;
2991;Bananas;2;6.91;78430;
2992;Milk;2;1.76;30546;
2992;Cereal;1;4.72;30546;
2992;Chicken;2;9.82;30546;
2992;Tomatoes;1;1.60;30546;
2992;Apples;5;4.03;30546;
2992;Bananas;4;6.28;30546;
2992;Yogurt;3;1.48;30546;
2993;Oranges;5;3.05;48546;
2993;Apples;2;1.94;48546;
2993;Bananas;1;6.63;48546;
2993;Yogurt;4;8.97;48546;
2993;Pasta;5;4.30;48546;
2993;Juice;3;3.96;48546;
2993;Potatoes;5;6.75;48546;
2993;Tea;4;7.80;48546;
2994;Apples;2;4.74;73864;
2994;Bananas;3;9.95;73864;
2994;Yogurt;3;7.86;73864;
2994;Cereal;1;2.01;73864;
2994;Tea;5;7.05;73864;
2994;Pasta;4;2.70;73864;
2994;Potatoes;5;4.10;73864;
2995;Milk;1;9.46;16979;
2995;Bananas;2;6.90;16979;
2995;Cereal;5;7.81;16979;
2995;Oranges;4;4.96;16979;
2996;Eggs;4;6.65;12130;
2996;Yogurt;4;4.21;12130;
2996;Bananas;2;1.31;12130;
2996;Juice;4;6.67;12130;
2996;Cereal;4;4.88;12130;
2996;Apples;1;9.44;12130;
2996;Sugar;3;2.20;12130;
2996;Oranges;2;2.32;12130;
2997;Bananas;5;2.33;21113;
2997;Cereal;2;3.17;21113;
2997;Milk;1;1.89;21113;
2998;Yogurt;4;6.77;81676;
2998;Apples;4;8.85;81676;
2998;Chicken;2;1.00;81676;
2998;Pasta;4;3.67;81676;
2998;Bananas;4;1.37;81676;
2999;Bread;2;2.30;14321;
2999;Coffee;4;9.51;14321;
2999;Sugar;4;4.67;14321;
2999;Milk;5;5.73;14321;
2999;Butter;1;2.33;14321;
2999;Bananas;3;1.85;14321;
3000;Chicken;3;7.79;35861;
3000;Tomatoes;2;5.35;35861;
3000;Onions;5;5.46;35861;
3001;Juice;5;7.39;17224;
3001;Sugar;1;8.65;17224;
3001;Coffee;3;6.28;17224;
3001;Bananas;1;3.66;17224;
3001;Tea;3;5.94;17224;
3002;Bread;2;1.43;57854;
3002;Eggs;2;2.26;57854;
3002;Chicken;4;1.28;57854;
3002;Milk;4;9.80;57854;
3002;Cereal;1;4.49;57854;
3002;Bananas;5;6.59;57854;
3003;Yogurt;4;6.79;27182;
3003;Apples;4;3.48;27182;
3003;Oranges;3;6.24;27182;
3003;Bananas;1;7.74;27182;
3004;Tea;5;7.58;95177;
3004;Apples;3;7.58;95177;
3004;Chicken;4;8.72;95177;
3004;Onions;2;1.25;95177;
3004;Juice;1;7.84;95177;
3004;Potatoes;2;3.14;95177;
3004;Tomatoes;4;4.48;95177;
3005;Coffee;1;6.14;87206;
3005;Potatoes;5;1.76;87206;
3005;Tomatoes;2;9.63;87206;
3005;Cereal;2;8.12;87206;
3005;Onions;2;2.22;87206;
3005;Chicken;1;7.68;87206;
3006;Apples;3;2.27;55695;
3006;Bread;2;3.41;55695;
3006;Tomatoes;3;8.13;55695;
3006;Chicken;3;6.35;55695;
3006;Butter;5;5.36;55695;
3006;Cheese;2;1.22;55695;
3006;Potatoes;1;6.08;55695;
3006;Pasta;4;4.22;55695;
3007;Butter;4;3.01;82867;
3007;Chicken;2;5.27;82867;
3007;Pasta;3;4.40;82867;
3007;Tomatoes;5;1.11;82867;
3007;Cheese;4;3.00;82867;
3007;Coffee;1;8.05;82867;
3008;Bread;2;3.79;67040;
3008;Coffee;4;2.42;67040;
3008;Butter;3;5.44;67040;
3008;Milk;2;6.60;67040;
3008;Oranges;2;2.40;67040;
3008;Sugar;3;7.20;67040;
3009;Onions;5;9.31;18589;
3009;Potatoes;1;1.87;18589;
3009;Chicken;4;3.41;18589;
3009;Tomatoes;5;2.66;18589;
3010;Sugar;3;9.14;76145;
3010;Milk;5;4.16;76145;
3010;Coffee;2;9.11;76145;
3010;Butter;5;3.85;76145;
3010;Pasta;5;6.15;76145;
3010;Bread;4;8.97;76145;
3010;Potatoes;4;7.31;76145;
3011;Potatoes;1;3.43;25700;
3011;Tomatoes;5;1.15;25700;
3011;Chicken;3;2.09;25700;
3011;Onions;4;8.21;25700;
3012;Bread;2;5.45;61994;
3012;Coffee;1;1.53;61994;
3012;Butter;4;8.22;61994;
3012;Sugar;1;6.68;61994;
3012;Potatoes;5;5.69;61994;
3013;Pasta;3;9.52;58540;
3013;Cheese;3;1.74;58540;
3013;Tomatoes;4;7.20;58540;
3014;Butter;5;5.88;69010;
3014;Apples;2;3.51;69010;
3014;Yogurt;1;7.71;69010;
3014;Coffee;4;5.49;69010;
3014;Bananas;3;6.75;69010;
3015;Cereal;4;3.43;61245;
3015;Milk;1;7.42;61245;
3015;Bananas;1;9.48;61245;
3015;Chicken;4;6.39;61245;
3015;Yogurt;1;2.79;61245;
3016;Bananas;4;9.98;92666;
3016;Cereal;1;7.24;92666;
3016;Apples;5;7.11;92666;
3016;Yogurt;1;8.44;92666;
3017;Chicken;5;4.71;89531;
3017;Oranges;5;8.43;89531;
3017;Milk;1;6.60;89531;
3017;Bread;2;6.47;89531;
3017;Cereal;5;8.16;89531;
3017;Onions;5;8.58;89531;
3017;Potatoes;3;8.52;89531;
3017;Tomatoes;5;2.39;89531;
3018;Apples;4;8.45;91574;
3018;Oranges;4;9.98;91574;
3018;Milk;4;7.47;91574;
3018;Bananas;2;2.61;91574;
3018;Onions;3;7.55;91574;
3018;Potatoes;3;6.96;91574;
3018;Cheese;4;2.97;91574;
3018;Coffee;1;4.71;91574;
3019;Potatoes;3;9.66;91207;
3019;Milk;3;4.32;91207;
3019;Pasta;5;7.39;91207;
3019;Bananas;4;3.50;91207;
3019;Cereal;1;6.11;91207;
3020;Bread;2;2.99;23301;
3020;Chicken;5;2.00;23301;
3020;Oranges;5;4.58;23301;
3020;Cereal;3;2.23;23301;
3020;Apples;1;4.10;23301;
3020;Milk;2;9.98;23301;
3020;Bananas;5;7.76;23301;
3021;Eggs;1;3.69;31537;
3021;Tomatoes;4;9.10;31537;
3021;Cheese;3;3.38;31537;
3021;Pasta;5;5.01;31537;
3021;Coffee;3;4.11;31537;
3021;Apples;2;2.17;31537;
3021;Cereal;2;1.43;31537;
3022;Apples;2;9.48;76362;
3022;Yogurt;1;1.71;76362;
3022;Bananas;5;1.46;76362;
3023;Bananas;1;9.45;20143;
3023;Milk;3;7.85;20143;
3023;Sugar;5;6.11;20143;
3023;Chicken;2;5.52;20143;
3023;Eggs;2;8.37;20143;
3023;Oranges;2;2.54;20143;
3023;Apples;1;3.50;20143;
3023;Tomatoes;3;9.24;20143;
3024;Tomatoes;4;7.54;68982;
3024;Pasta;5;9.44;68982;
3024;Cheese;5;9.86;68982;
3024;Milk;1;6.72;68982;
3024;Bananas;3;6.05;68982;
3024;Coffee;1;5.62;68982;
3025;Cheese;3;7.57;44109;
3025;Chicken;2;6.69;44109;
3025;Yogurt;4;6.87;44109;
3025;Tomatoes;2;2.99;44109;
3025;Sugar;5;1.06;44109;
3025;Pasta;5;4.54;44109;
3025;Oranges;4;6.38;44109;
3025;Bread;2;6.99;44109;
3026;Sugar;5;6.92;46750;
3026;Cereal;4;1.70;46750;
3026;Pasta;5;6.27;46750;
3026;Apples;4;7.57;46750;
3026;Chicken;4;8.69;46750;
3026;Butter;1;5.37;46750;
3026;Coffee;2;7.90;46750;
3026;Bread;1;6.83;46750;
3027;Potatoes;5;8.23;90556;
3027;Onions;5;2.12;90556;
3027;Apples;1;1.63;90556;
3027;Eggs;4;8.93;90556;
3027;Tomatoes;5;7.81;90556;
3027;Chicken;4;8.04;90556;
3027;Pasta;4;4.40;90556;
3027;Oranges;1;9.14;90556;
3028;Potatoes;3;8.33;81733;
3028;Tomatoes;4;6.63;81733;
3028;Pasta;5;9.54;81733;
3028;Onions;5;1.31;81733;
3028;Chicken;3;7.64;81733;
3029;Sugar;2;6.83;61765;
3029;Tea;5;3.15;61765;
3029;Coffee;1;3.08;61765;
3029;Tomatoes;4;5.10;61765;
3030;Yogurt;4;8.82;89930;
3030;Chicken;3;9.76;89930;
3030;Cereal;1;5.09;89930;
3030;Pasta;1;9.53;89930;
3030;Onions;5;6.47;89930;
3030;Potatoes;4;5.23;89930;
3030;Tomatoes;4;4.43;89930;
3031;Yogurt;5;4.93;48206;
3031;Tea;4;5.02;48206;
3031;Tomatoes;2;1.66;48206;
3031;Coffee;1;3.05;48206;
3031;Sugar;3;1.48;48206;
3032;Bananas;2;7.19;65221;
3032;Yogurt;5;7.64;65221;
3032;Oranges;1;2.45;65221;
3032;Apples;3;7.82;65221;
3033;Milk;5;7.23;45696;
3033;Bananas;1;8.67;45696;
3033;Cereal;4;3.81;45696;
3033;Juice;5;3.61;45696;
3033;Tea;2;7.56;45696;
3033;Coffee;4;4.40;45696;
3034;Bananas;2;7.22;60941;
3034;Oranges;1;5.65;60941;
3034;Eggs;2;5.45;60941;
3034;Bread;5;5.05;60941;
3034;Apples;2;8.48;60941;
3034;Chicken;5;6.52;60941;
3035;Cereal;1;6.47;34308;
3035;Milk;5;3.10;34308;
3035;Bananas;4;1.86;34308;
3036;Bananas;2;7.63;15679;
3036;Coffee;5;4.86;15679;
3036;Cereal;4;9.38;15679;
3036;Oranges;1;7.39;15679;
3036;Tomatoes;3;2.83;15679;
3036;Pasta;3;8.79;15679;
3036;Apples;1;1.37;15679;
3036;Yogurt;5;4.41;15679;
3037;Juice;1;7.65;29494;
3037;Bananas;3;9.06;29494;
3037;Apples;4;3.09;29494;
3037;Oranges;1;3.72;29494;
3037;Tomatoes;1;4.37;29494;
3037;Bread;4;0.99;29494;
3038;Cereal;4;7.11;82126;
3038;Milk;2;2.01;82126;
3038;Bananas;3;8.09;82126;
3039;Tea;2;2.29;69847;
3039;Sugar;3;9.93;69847;
3039;Coffee;4;6.88;69847;
3040;Cheese;3;7.37;10323;
3040;Bananas;1;2.19;10323;
3040;Yogurt;5;8.94;10323;
3040;Apples;3;4.66;10323;
3040;Cereal;4;2.83;10323;
3041;Cheese;2;9.43;81550;
3041;Tomatoes;1;9.89;81550;
3041;Pasta;5;4.26;81550;
3042;Oranges;3;8.71;69045;
3042;Yogurt;4;6.37;69045;
3042;Tomatoes;5;7.15;69045;
3042;Cheese;1;3.74;69045;
3042;Chicken;3;8.33;69045;
3042;Milk;4;8.01;69045;
3042;Tea;1;5.89;69045;
3042;Pasta;5;5.23;69045;
3043;Bananas;3;4.27;16658;
3043;Apples;1;3.04;16658;
3043;Potatoes;2;5.82;16658;
3043;Onions;1;6.80;16658;
3043;Juice;1;9.16;16658;
3043;Butter;4;6.55;16658;
3043;Yogurt;3;6.37;16658;
3043;Tomatoes;3;3.49;16658;
3044;Cheese;5;6.33;35938;
3044;Sugar;1;4.81;35938;
3044;Eggs;2;2.48;35938;
3044;Butter;1;1.33;35938;
3044;Onions;2;8.61;35938;
3044;Bread;2;3.28;35938;
3044;Coffee;1;7.98;35938;
3045;Oranges;5;1.60;78688;
3045;Yogurt;1;9.48;78688;
3045;Bananas;1;3.42;78688;
3045;Bread;5;6.01;78688;
3045;Cheese;2;3.37;78688;
3045;Tomatoes;3;2.31;78688;
3045;Pasta;4;2.39;78688;
3045;Onions;4;2.79;78688;
3046;Eggs;2;2.56;39217;
3046;Apples;5;7.72;39217;
3046;Juice;5;8.21;39217;
3046;Yogurt;5;2.18;39217;
3046;Bananas;5;2.17;39217;
3047;Chicken;2;6.87;77421;
3047;Bananas;2;4.46;77421;
3047;Cheese;3;4.91;77421;
3047;Cereal;4;7.47;77421;
3047;Milk;2;6.38;77421;
3047;Onions;2;8.96;77421;
3047;Sugar;4;3.14;77421;
3047;Pasta;3;3.79;77421;
3048;Potatoes;4;8.28;55256;
3048;Tomatoes;4;4.39;55256;
3048;Chicken;3;5.30;55256;
3048;Apples;4;6.19;55256;
3048;Cheese;4;1.52;55256;
3048;Onions;1;9.20;55256;
3049;Cereal;1;7.36;80663;
3049;Bananas;4;8.03;80663;
3049;Eggs;2;4.29;80663;
3049;Milk;2;1.49;80663;
3050;Sugar;3;1.71;99740;
3050;Coffee;3;4.52;99740;
3050;Butter;3;7.19;99740;
3051;Bananas;3;3.77;83762;
3051;Milk;4;6.26;83762;
3051;Cereal;4;2.31;83762;
3052;Pasta;5;2.74;21928;
3052;Tomatoes;5;9.85;21928;
3052;Onions;1;5.63;21928;
3052;Cheese;2;9.18;21928;
3053;Potatoes;3;8.26;86988;
3053;Pasta;1;8.56;86988;
3053;Cereal;4;1.85;86988;
3053;Chicken;4;3.51;86988;
3053;Onions;3;3.21;86988;
3053;Bananas;1;2.05;86988;
3053;Tomatoes;5;7.90;86988;
3054;Bananas;4;3.84;41746;
3054;Coffee;5;4.33;41746;
3054;Bread;5;7.62;41746;
3054;Sugar;1;4.14;41746;
3054;Tea;2;7.29;41746;
3055;Apples;4;3.93;30307;
3055;Eggs;5;8.33;30307;
3055;Chicken;1;7.69;30307;
3055;Bread;1;8.92;30307;
3055;Bananas;2;5.41;30307;
3055;Oranges;1;3.36;30307;
3056;Coffee;5;5.56;47512;
3056;Tea;3;3.27;47512;
3056;Butter;4;5.52;47512;
3056;Pasta;5;5.11;47512;
3056;Sugar;1;1.58;47512;
3056;Potatoes;2;8.75;47512;
3057;Oranges;1;1.53;80566;
3057;Cereal;4;6.48;80566;
3057;Apples;4;8.98;80566;
3057;Tomatoes;2;2.25;80566;
3057;Bananas;4;1.57;80566;
3058;Onions;3;5.21;23015;
3058;Oranges;4;7.73;23015;
3058;Tomatoes;3;1.91;23015;
3058;Potatoes;2;9.28;23015;
3058;Eggs;4;9.18;23015;
3058;Chicken;3;2.32;23015;
3058;Butter;2;1.15;23015;
3059;Milk;1;9.01;34877;
3059;Sugar;5;7.82;34877;
3059;Cereal;1;5.34;34877;
3059;Tea;5;7.87;34877;
3059;Yogurt;3;5.96;34877;
3059;Cheese;2;5.14;34877;
3059;Tomatoes;4;9.86;34877;
3059;Pasta;1;3.28;34877;
3060;Sugar;1;1.32;39366;
3060;Milk;5;5.92;39366;
3060;Cereal;4;6.86;39366;
3060;Bananas;1;6.16;39366;
3061;Bananas;5;8.74;29927;
3061;Cereal;4;9.88;29927;
3061;Chicken;2;4.06;29927;
3061;Coffee;5;2.43;29927;
3061;Milk;3;5.85;29927;
3062;Tomatoes;3;7.57;91266;
3062;Bananas;5;1.77;91266;
3062;Eggs;2;5.07;91266;
3062;Oranges;1;7.79;91266;
3062;Potatoes;5;9.81;91266;
3062;Apples;5;8.35;91266;
3062;Butter;5;9.92;91266;
3063;Bananas;1;5.24;85786;
3063;Onions;3;8.07;85786;
3063;Oranges;3;5.51;85786;
3063;Apples;4;6.40;85786;
3063;Butter;1;4.64;85786;
3063;Potatoes;4;1.12;85786;
3063;Yogurt;1;4.89;85786;
3064;Oranges;4;3.42;72143;
3064;Bananas;1;7.70;72143;
3064;Cheese;4;9.39;72143;
3064;Bread;5;2.55;72143;
3064;Yogurt;4;9.93;72143;
3064;Chicken;3;3.51;72143;
3064;Apples;1;3.89;72143;
3065;Tomatoes;3;3.69;25046;
3065;Potatoes;1;9.49;25046;
3065;Onions;2;5.71;25046;
3065;Eggs;1;2.97;25046;
3065;Chicken;2;6.78;25046;
3066;Apples;5;9.69;77452;
3066;Oranges;3;2.85;77452;
3066;Bananas;3;9.03;77452;
3067;Milk;1;4.79;49913;
3067;Bananas;4;3.68;49913;
3067;Chicken;3;6.79;49913;
3067;Cereal;2;4.01;49913;
3067;Pasta;4;3.19;49913;
3067;Eggs;5;1.71;49913;
3067;Cheese;5;7.66;49913;
3067;Potatoes;3;3.34;49913;
3068;Tomatoes;1;6.17;34622;
3068;Potatoes;2;9.26;34622;
3068;Onions;1;5.04;34622;
3068;Chicken;5;3.29;34622;
3069;Pasta;2;8.17;91689;
3069;Cheese;3;1.97;91689;
3069;Tomatoes;2;3.34;91689;
3070;Potatoes;5;3.32;31957;
3070;Onions;4;5.88;31957;
3070;Tomatoes;1;7.52;31957;
3071;Juice;3;2.48;49923;
3071;Butter;1;1.97;49923;
3071;Potatoes;2;6.91;49923;
3071;Sugar;5;2.99;49923;
3071;Apples;2;5.51;49923;
3071;Bananas;3;5.66;49923;
3071;Eggs;5;2.44;49923;
3071;Oranges;3;4.68;49923;
3072;Bananas;5;9.85;90327;
3072;Cereal;3;6.64;90327;
3072;Tomatoes;1;6.62;90327;
3072;Bread;2;3.83;90327;
3072;Apples;5;1.04;90327;
3072;Milk;2;9.90;90327;
3072;Oranges;4;1.55;90327;
3073;Yogurt;5;5.16;38157;
3073;Bananas;2;2.27;38157;
3073;Apples;4;5.48;38157;
3074;Potatoes;4;6.45;33862;
3074;Cheese;5;8.82;33862;
3074;Tea;3;7.76;33862;
3074;Coffee;5;8.28;33862;
3074;Sugar;1;8.33;33862;
3075;Onions;1;7.27;98866;
3075;Tomatoes;3;1.59;98866;
3075;Potatoes;2;6.67;98866;
3076;Tea;5;4.25;87904;
3076;Apples;1;7.87;87904;
3076;Oranges;1;6.32;87904;
3076;Sugar;1;9.15;87904;
3076;Butter;5;2.06;87904;
3076;Coffee;3;2.18;87904;
3076;Onions;1;8.55;87904;
3076;Bread;5;3.33;87904;
3077;Milk;4;6.19;81567;
3077;Tomatoes;2;5.92;81567;
3077;Cheese;3;8.93;81567;
3077;Pasta;4;9.19;81567;
3077;Yogurt;2;6.31;81567;
3078;Pasta;2;6.25;64169;
3078;Coffee;2;6.60;64169;
3078;Onions;5;2.53;64169;
3078;Butter;2;1.22;64169;
3078;Bread;5;9.17;64169;
3078;Sugar;1;4.17;64169;
3078;Cheese;5;9.91;64169;
3079;Potatoes;2;9.55;79455;
3079;Tea;3;5.55;79455;
3079;Bread;5;3.00;79455;
3079;Chicken;4;7.64;79455;
3079;Pasta;5;9.43;79455;
3079;Butter;1;5.98;79455;
3079;Coffee;2;7.60;79455;
3079;Sugar;4;8.32;79455;
3080;Apples;2;3.90;25144;
3080;Bananas;5;4.73;25144;
3080;Oranges;4;7.38;25144;
3080;Yogurt;3;8.70;25144;
3080;Butter;4;3.01;25144;
3081;Bananas;4;7.16;16231;
3081;Oranges;2;3.77;16231;
3081;Potatoes;2;4.45;16231;
3081;Apples;5;3.49;16231;
3082;Bread;4;3.36;53709;
3082;Tea;3;6.70;53709;
3082;Coffee;3;1.57;53709;
3082;Pasta;5;6.67;53709;
3082;Sugar;5;2.73;53709;
3082;Apples;5;2.45;53709;
3083;Butter;2;7.04;94470;
3083;Coffee;2;2.68;94470;
3083;Bread;3;6.62;94470;
3083;Chicken;1;8.98;94470;
3083;Sugar;3;4.91;94470;
3084;Onions;2;2.55;48149;
3084;Tomatoes;1;7.54;48149;
3084;Cheese;1;2.42;48149;
3084;Pasta;4;3.36;48149;
3084;Apples;4;6.56;48149;
3085;Bananas;5;6.59;85409;
3085;Onions;2;8.47;85409;
3085;Cereal;3;4.51;85409;
3085;Yogurt;2;5.85;85409;
3085;Milk;4;7.86;85409;
3085;Chicken;1;3.92;85409;
3085;Cheese;3;2.03;85409;
3085;Oranges;4;4.36;85409;
3086;Sugar;4;5.20;84523;
3086;Coffee;5;6.06;84523;
3086;Tea;1;9.07;84523;
3087;Eggs;1;2.28;69440;
3087;Butter;2;8.62;69440;
3087;Potatoes;1;5.56;69440;
3087;Chicken;2;3.14;69440;
3087;Coffee;5;7.81;69440;
3087;Sugar;4;5.62;69440;
3087;Bread;3;8.02;69440;
3087;Juice;5;6.76;69440;
3088;Butter;5;7.63;18988;
3088;Apples;5;3.48;18988;
3088;Chicken;5;9.33;18988;
3088;Oranges;3;8.08;18988;
3088;Yogurt;3;5.82;18988;
3088;Bananas;5;4.30;18988;
3089;Milk;4;9.26;74668;
3089;Apples;1;2.85;74668;
3089;Oranges;2;6.81;74668;
3089;Yogurt;5;3.18;74668;
3089;Bananas;4;8.35;74668;
3090;Bananas;3;9.97;77035;
3090;Oranges;4;5.31;77035;
3090;Apples;1;5.92;77035;
3090;Cereal;2;6.83;77035;
3090;Bread;4;9.00;77035;
3090;Milk;3;2.98;77035;
3091;Bananas;5;4.35;29562;
3091;Cereal;2;8.27;29562;
3091;Apples;1;3.42;29562;
3091;Milk;3;1.44;29562;
3091;Oranges;1;5.34;29562;
3092;Cheese;2;7.38;99918;
3092;Tomatoes;3;7.50;99918;
3092;Pasta;3;4.90;99918;
3093;Tomatoes;2;9.17;78711;
3093;Yogurt;3;7.69;78711;
3093;Bananas;1;4.23;78711;
3093;Apples;1;2.20;78711;
3094;Juice;1;7.80;96085;
3094;Chicken;5;9.22;96085;
3094;Onions;1;5.85;96085;
3094;Potatoes;4;5.11;96085;
3094;Tomatoes;1;1.17;96085;
3095;Bananas;1;3.07;77236;
3095;Bread;2;9.68;77236;
3095;Oranges;1;7.87;77236;
3095;Eggs;1;9.57;77236;
3095;Butter;2;6.96;77236;
3095;Apples;5;7.98;77236;
3096;Bananas;5;7.46;94392;
3096;Juice;4;3.45;94392;
3096;Chicken;4;5.80;94392;
3096;Oranges;1;5.44;94392;
3096;Apples;1;2.57;94392;
3097;Yogurt;5;4.67;82357;
3097;Apples;2;3.63;82357;
3097;Bananas;3;5.92;82357;
3097;Cheese;5;8.33;82357;
3098;Milk;4;3.65;29050;
3098;Yogurt;1;9.09;29050;
3098;Eggs;2;7.17;29050;
3098;Bananas;5;7.76;29050;
3098;Cereal;4;3.74;29050;
3099;Juice;1;8.37;73533;
3099;Coffee;1;5.82;73533;
3099;Cheese;1;6.39;73533;
3099;Apples;4;4.21;73533;
3099;Butter;1;5.24;73533;
3099;Bananas;3;3.29;73533;
3099;Oranges;3;9.51;73533;
3099;Eggs;3;5.61;73533;
3100;Apples;2;5.85;30916;
3100;Yogurt;1;5.16;30916;
3100;Bananas;2;7.73;30916;
3101;Juice;5;4.67;97284;
3101;Cheese;4;1.88;97284;
3101;Coffee;3;5.26;97284;
3101;Pasta;5;4.47;97284;
3101;Cereal;2;4.52;97284;
3101;Bread;3;8.77;97284;
3101;Tea;1;4.70;97284;
3101;Tomatoes;5;3.73;97284;
3102;Sugar;2;9.53;19981;
3102;Cereal;3;1.30;19981;
3102;Bananas;5;7.33;19981;
3102;Tea;4;7.48;19981;
3102;Tomatoes;4;8.69;19981;
3102;Butter;2;1.00;19981;
3102;Milk;5;8.07;19981;
3102;Eggs;4;7.79;19981;
3103;Pasta;4;4.92;47042;
3103;Potatoes;3;6.36;47042;
3103;Chicken;2;1.28;47042;
3103;Tomatoes;3;4.03;47042;
3103;Juice;5;5.09;47042;
3103;Eggs;1;1.50;47042;
3103;Bananas;5;8.87;47042;
3103;Cheese;1;5.34;47042;
3104;Juice;3;2.80;44851;
3104;Coffee;5;2.33;44851;
3104;Tea;4;2.01;44851;
3104;Sugar;1;1.93;44851;
3105;Butter;5;9.25;25145;
3105;Sugar;5;2.40;25145;
3105;Coffee;2;6.51;25145;
3106;Onions;1;4.01;83308;
3106;Tomatoes;1;3.39;83308;
3106;Cheese;4;1.60;83308;
3106;Potatoes;1;6.02;83308;
3106;Chicken;2;4.49;83308;
3107;Chicken;4;7.08;98781;
3107;Tomatoes;4;5.55;98781;
3107;Potatoes;2;3.31;98781;
3107;Onions;2;7.31;98781;
3108;Juice;2;7.49;57630;
3108;Cereal;3;8.43;57630;
3108;Bread;2;6.10;57630;
3108;Apples;3;4.16;57630;
3108;Milk;1;7.45;57630;
3108;Potatoes;5;3.50;57630;
3108;Tea;4;5.93;57630;
3108;Bananas;2;2.10;57630;
3109;Bananas;4;9.84;51263;
3109;Milk;4;6.36;51263;
3109;Cereal;3;4.53;51263;
3110;Cereal;1;9.47;32970;
3110;Bananas;4;3.49;32970;
3110;Onions;2;3.45;32970;
3110;Bread;1;6.53;32970;
3110;Milk;3;4.58;32970;
3111;Tea;2;2.20;84758;
3111;Yogurt;2;3.35;84758;
3111;Bread;1;3.00;84758;
3111;Milk;4;1.17;84758;
3111;Oranges;2;9.93;84758;
3111;Cereal;4;7.12;84758;
3111;Bananas;2;6.60;84758;
3111;Chicken;2;5.85;84758;
3112;Onions;1;3.63;92872;
3112;Cereal;3;1.15;92872;
3112;Pasta;4;9.56;92872;
3112;Juice;4;9.74;92872;
3112;Butter;2;6.32;92872;
3112;Cheese;5;2.38;92872;
3112;Bananas;4;7.09;92872;
3112;Milk;1;3.03;92872;
3113;Chicken;5;7.12;87969;
3113;Cereal;3;7.80;87969;
3113;Apples;5;2.96;87969;
3113;Bread;2;5.12;87969;
3113;Sugar;3;6.63;87969;
3113;Butter;2;7.27;87969;
3113;Yogurt;2;4.28;87969;
3113;Coffee;4;3.50;87969;
3114;Cheese;3;2.05;75324;
3114;Pasta;1;6.87;75324;
3114;Tomatoes;3;6.05;75324;
3115;Milk;5;4.68;96321;
3115;Oranges;5;9.47;96321;
3115;Cereal;2;2.70;96321;
3115;Tea;1;4.10;96321;
3115;Sugar;4;3.65;96321;
3115;Coffee;2;2.10;96321;
3116;Tomatoes;1;4.98;11688;
3116;Potatoes;3;4.28;11688;
3116;Onions;5;6.20;11688;
3116;Chicken;4;4.34;11688;
3116;Pasta;3;1.26;11688;
3116;Yogurt;4;7.07;11688;
3116;Oranges;3;9.92;11688;
3116;Milk;1;6.00;11688;
3117;Chicken;1;4.18;13800;
3117;Tea;4;2.88;13800;
3117;Sugar;2;5.47;13800;
3117;Coffee;4;6.65;13800;
3118;Cheese;1;5.17;41960;
3118;Onions;1;4.20;41960;
3118;Tomatoes;4;9.10;41960;
3118;Apples;5;6.03;41960;
3118;Bananas;4;7.77;41960;
3118;Yogurt;1;7.02;41960;
3118;Chicken;2;5.51;41960;
3118;Coffee;2;9.46;41960;
3119;Bananas;3;2.96;85410;
3119;Cereal;2;4.02;85410;
3119;Milk;2;1.44;85410;
3120;Bananas;5;8.98;91785;
3120;Apples;4;4.55;91785;
3120;Yogurt;2;8.28;91785;
3120;Tomatoes;4;2.55;91785;
3121;Bread;2;1.85;98575;
3121;Coffee;5;9.26;98575;
3121;Sugar;2;8.61;98575;
3121;Butter;1;8.37;98575;
3122;Cereal;5;6.10;68705;
3122;Apples;3;5.60;68705;
3122;Coffee;5;7.50;68705;
3122;Milk;2;5.56;68705;
3122;Chicken;5;2.81;68705;
3122;Bananas;2;5.82;68705;
3122;Yogurt;2;2.02;68705;
3123;Chicken;1;2.85;78840;
3123;Onions;1;2.45;78840;
3123;Apples;5;4.36;78840;
3123;Butter;1;7.39;78840;
3123;Cheese;2;1.15;78840;
3123;Bananas;1;2.12;78840;
3123;Yogurt;5;6.49;78840;
3124;Potatoes;5;2.51;78073;
3124;Bread;5;5.71;78073;
3124;Yogurt;4;8.54;78073;
3124;Juice;4;4.39;78073;
3124;Cheese;2;6.02;78073;
3124;Cereal;3;2.66;78073;
3124;Apples;1;1.21;78073;
3124;Bananas;4;2.54;78073;
3125;Bananas;2;2.47;95430;
3125;Oranges;2;8.16;95430;
3125;Apples;2;1.10;95430;
3125;Yogurt;2;5.89;95430;
3126;Sugar;3;2.71;83913;
3126;Bread;3;4.69;83913;
3126;Coffee;2;5.45;83913;
3127;Sugar;5;5.52;86797;
3127;Eggs;3;3.43;86797;
3127;Yogurt;5;6.32;86797;
3127;Bananas;5;8.02;86797;
3127;Cheese;5;9.10;86797;
3127;Apples;3;1.99;86797;
3127;Tomatoes;5;3.45;86797;
3128;Sugar;3;1.99;92448;
3128;Oranges;3;1.45;92448;
3128;Coffee;4;7.18;92448;
3128;Tea;2;5.97;92448;
3129;Apples;4;8.26;25591;
3129;Tomatoes;1;7.66;25591;
3129;Bananas;4;5.85;25591;
3129;Oranges;2;3.64;25591;
3130;Bananas;2;9.81;18832;
3130;Cereal;5;3.54;18832;
3130;Milk;3;6.06;18832;
3131;Tomatoes;1;5.05;31996;
3131;Apples;1;2.55;31996;
3131;Onions;3;4.29;31996;
3131;Bananas;1;3.35;31996;
3131;Yogurt;5;4.25;31996;
3132;Milk;5;4.00;76274;
3132;Cereal;1;9.53;76274;
3132;Bananas;2;4.77;76274;
3133;Oranges;3;1.89;20324;
3133;Bananas;3;7.24;20324;
3133;Sugar;5;3.71;20324;
3133;Juice;2;8.05;20324;
3133;Pasta;3;4.97;20324;
3133;Coffee;4;1.15;20324;
3133;Apples;3;5.95;20324;
3133;Eggs;5;1.14;20324;
3134;Coffee;3;3.62;87389;
3134;Butter;1;9.97;87389;
3134;Bread;3;8.42;87389;
3134;Tea;1;1.64;87389;
3134;Sugar;4;2.83;87389;
3135;Potatoes;2;7.21;16624;
3135;Tomatoes;1;6.72;16624;
3135;Onions;4;1.52;16624;
3135;Pasta;2;3.67;16624;
3135;Chicken;4;7.61;16624;
3136;Cereal;5;5.85;61288;
3136;Bread;1;2.71;61288;
3136;Potatoes;3;5.00;61288;
3136;Sugar;3;2.11;61288;
3136;Milk;5;7.76;61288;
3136;Juice;4;7.90;61288;
3136;Butter;1;5.81;61288;
3136;Bananas;5;1.72;61288;
3137;Potatoes;1;1.37;38251;
3137;Tomatoes;3;6.95;38251;
3137;Onions;4;8.50;38251;
3137;Chicken;2;2.30;38251;
3138;Cheese;2;3.00;62916;
3138;Eggs;1;5.63;62916;
3138;Apples;2;6.16;62916;
3138;Tomatoes;4;2.94;62916;
3138;Potatoes;3;9.20;62916;
3138;Bananas;1;2.46;62916;
3138;Pasta;3;7.27;62916;
3139;Cheese;1;1.25;87745;
3139;Pasta;3;3.69;87745;
3139;Potatoes;1;8.53;87745;
3139;Bread;1;7.61;87745;
3139;Tomatoes;2;5.75;87745;
3139;Butter;2;8.14;87745;
3140;Butter;3;9.35;53221;
3140;Pasta;5;6.02;53221;
3140;Cereal;3;3.18;53221;
3140;Coffee;5;7.69;53221;
3140;Milk;3;5.54;53221;
3140;Tea;5;1.70;53221;
3140;Bananas;3;1.39;53221;
3140;Yogurt;3;1.61;53221;
3141;Milk;1;3.32;50481;
3141;Sugar;5;8.38;50481;
3141;Cereal;3;8.14;50481;
3141;Chicken;3;1.89;50481;
3141;Bananas;5;1.59;50481;
3142;Yogurt;4;4.41;71606;
3142;Coffee;3;2.60;71606;
3142;Sugar;3;6.74;71606;
3142;Potatoes;4;8.40;71606;
3142;Bread;3;4.81;71606;
3142;Bananas;5;6.76;71606;
3142;Apples;2;3.35;71606;
3143;Yogurt;4;8.24;74943;
3143;Apples;5;8.00;74943;
3143;Bananas;2;5.85;74943;
3144;Bread;5;8.29;69501;
3144;Butter;5;3.95;69501;
3144;Coffee;3;7.82;69501;
3145;Sugar;5;1.01;75560;
3145;Tea;5;2.10;75560;
3145;Onions;5;1.79;75560;
3145;Yogurt;5;6.20;75560;
3145;Butter;1;5.35;75560;
3145;Coffee;1;1.75;75560;
3146;Butter;1;1.45;24932;
3146;Bread;2;2.09;24932;
3146;Coffee;4;5.80;24932;
3146;Sugar;5;2.81;24932;
3147;Coffee;4;4.22;99227;
3147;Sugar;2;8.18;99227;
3147;Butter;2;4.12;99227;
3147;Bread;3;8.50;99227;
3147;Juice;3;3.24;99227;
3147;Eggs;3;1.14;99227;
3148;Bananas;4;6.00;69716;
3148;Bread;5;6.18;69716;
3148;Pasta;2;1.69;69716;
3148;Eggs;3;9.50;69716;
3148;Cheese;1;9.16;69716;
3148;Tomatoes;2;1.72;69716;
3148;Chicken;4;2.75;69716;
3149;Bread;2;1.21;88674;
3149;Coffee;4;3.06;88674;
3149;Cheese;5;5.65;88674;
3149;Sugar;4;8.93;88674;
3149;Milk;2;3.27;88674;
3149;Butter;5;6.59;88674;
3150;Onions;3;2.68;55899;
3150;Bananas;1;9.36;55899;
3150;Cereal;4;5.73;55899;
3150;Milk;3;2.33;55899;
3150;Oranges;1;4.30;55899;
3151;Butter;3;5.65;16602;
3151;Sugar;3;1.07;16602;
3151;Coffee;4;3.71;16602;
3151;Eggs;5;8.81;16602;
3151;Oranges;2;9.41;16602;
3151;Bread;4;1.15;16602;
3152;Sugar;3;7.65;95494;
3152;Coffee;4;1.04;95494;
3152;Bread;5;1.09;95494;
3152;Butter;3;2.70;95494;
3153;Bananas;4;8.02;34630;
3153;Cheese;4;3.28;34630;
3153;Potatoes;5;2.90;34630;
3153;Apples;5;8.40;34630;
3153;Yogurt;3;6.71;34630;
3154;Bread;5;2.19;74180;
3154;Tomatoes;1;5.72;74180;
3154;Bananas;1;5.27;74180;
3154;Cheese;5;1.28;74180;
3154;Pasta;2;7.68;74180;
3154;Yogurt;2;9.15;74180;
3154;Juice;5;4.27;74180;
3154;Apples;2;7.53;74180;
3155;Bananas;5;1.87;75674;
3155;Oranges;3;3.36;75674;
3155;Coffee;4;6.23;75674;
3155;Onions;4;3.79;75674;
3155;Apples;5;5.76;75674;
3155;Yogurt;4;8.82;75674;
3156;Apples;5;6.48;96839;
3156;Yogurt;1;7.52;96839;
3156;Butter;3;4.43;96839;
3156;Bananas;1;5.18;96839;
3156;Juice;1;7.53;96839;
3157;Cheese;2;2.09;25179;
3157;Chicken;4;8.96;25179;
3157;Onions;4;6.58;25179;
3157;Tomatoes;3;2.40;25179;
3157;Eggs;4;9.07;25179;
3157;Potatoes;5;3.32;25179;
3158;Tea;2;5.89;54077;
3158;Oranges;2;4.09;54077;
3158;Sugar;1;3.73;54077;
3158;Coffee;1;6.57;54077;
3159;Bananas;2;3.36;30604;
3159;Pasta;5;3.10;30604;
3159;Chicken;2;7.32;30604;
3159;Bread;1;7.66;30604;
3159;Onions;5;9.22;30604;
3159;Potatoes;2;1.90;30604;
3159;Coffee;3;1.34;30604;
3159;Tomatoes;3;7.90;30604;
3160;Butter;4;3.35;18281;
3160;Sugar;5;4.58;18281;
3160;Apples;2;1.80;18281;
3160;Bread;3;9.61;18281;
3160;Bananas;2;4.64;18281;
3160;Yogurt;4;1.18;18281;
3160;Coffee;2;8.94;18281;
3160;Oranges;5;1.61;18281;
3161;Onions;3;4.40;91819;
3161;Chicken;5;7.22;91819;
3161;Cheese;4;8.39;91819;
3161;Tomatoes;3;2.45;91819;
3161;Potatoes;5;1.45;91819;
3162;Pasta;2;8.80;56825;
3162;Tomatoes;3;9.59;56825;
3162;Cereal;3;8.49;56825;
3162;Cheese;3;2.75;56825;
3162;Sugar;1;6.46;56825;
3162;Potatoes;2;8.60;56825;
3163;Bananas;1;6.87;18503;
3163;Cereal;3;7.43;18503;
3163;Milk;2;8.71;18503;
3164;Oranges;4;3.13;57331;
3164;Apples;3;7.02;57331;
3164;Bananas;1;9.38;57331;
3165;Cereal;4;1.37;16129;
3165;Apples;2;6.35;16129;
3165;Juice;5;5.72;16129;
3165;Oranges;5;7.97;16129;
3165;Onions;4;5.39;16129;
3165;Bananas;4;6.28;16129;
3165;Pasta;1;3.64;16129;
3166;Apples;5;5.88;83971;
3166;Tomatoes;2;2.35;83971;
3166;Chicken;3;3.21;83971;
3166;Oranges;1;1.18;83971;
3166;Bananas;4;9.99;83971;
3167;Apples;1;8.80;89204;
3167;Butter;4;4.16;89204;
3167;Oranges;3;4.50;89204;
3167;Sugar;4;9.86;89204;
3167;Juice;3;1.18;89204;
3167;Bananas;4;1.45;89204;
3167;Chicken;4;3.57;89204;
3167;Yogurt;3;9.36;89204;
3168;Tea;1;4.62;27369;
3168;Onions;5;3.48;27369;
3168;Chicken;2;8.80;27369;
3168;Coffee;4;1.47;27369;
3168;Sugar;2;8.10;27369;
3168;Oranges;1;3.64;27369;
3168;Bread;1;4.88;27369;
3169;Coffee;5;8.48;86359;
3169;Bread;1;5.28;86359;
3169;Butter;3;8.07;86359;
3169;Sugar;1;6.97;86359;
3169;Tea;1;2.94;86359;
3169;Oranges;2;4.20;86359;
3170;Tea;2;6.42;14249;
3170;Coffee;4;4.50;14249;
3170;Sugar;3;6.02;14249;
3170;Eggs;5;8.81;14249;
3170;Cereal;4;5.02;14249;
3171;Tea;4;9.78;51251;
3171;Apples;1;9.94;51251;
3171;Coffee;5;6.43;51251;
3171;Potatoes;1;1.46;51251;
3171;Sugar;3;6.49;51251;
3171;Chicken;5;9.26;51251;
3172;Tea;1;1.66;11054;
3172;Coffee;1;9.92;11054;
3172;Onions;3;4.50;11054;
3172;Sugar;1;9.05;11054;
3173;Milk;5;2.07;65805;
3173;Cereal;4;7.91;65805;
3173;Bananas;5;4.07;65805;
3174;Oranges;1;2.17;39992;
3174;Bananas;5;9.02;39992;
3174;Apples;1;1.01;39992;
3174;Pasta;1;6.91;39992;
3175;Coffee;2;2.72;84460;
3175;Sugar;2;8.10;84460;
3175;Yogurt;3;8.04;84460;
3175;Oranges;3;8.83;84460;
3175;Cereal;4;5.97;84460;
3175;Tea;5;9.80;84460;
3175;Juice;3;8.57;84460;
3176;Tea;1;1.90;11944;
3176;Sugar;1;6.79;11944;
3176;Potatoes;5;8.37;11944;
3176;Onions;4;5.37;11944;
3176;Apples;1;3.02;11944;
3176;Oranges;5;4.21;11944;
3176;Bananas;1;8.32;11944;
3177;Onions;5;4.32;78510;
3177;Milk;4;3.37;78510;
3177;Bananas;5;2.80;78510;
3177;Cereal;1;7.06;78510;
3177;Oranges;3;1.92;78510;
3178;Onions;1;6.29;16908;
3178;Potatoes;1;6.71;16908;
3178;Cheese;1;8.87;16908;
3178;Tomatoes;3;2.74;16908;
3178;Coffee;3;7.87;16908;
3178;Milk;4;8.89;16908;
3178;Pasta;2;1.87;16908;
3179;Potatoes;5;6.44;41446;
3179;Chicken;5;9.54;41446;
3179;Bananas;2;6.41;41446;
3179;Apples;2;5.44;41446;
3179;Oranges;5;8.47;41446;
3179;Sugar;3;8.30;41446;
3179;Juice;5;1.89;41446;
3180;Yogurt;4;6.51;29189;
3180;Sugar;2;4.50;29189;
3180;Bananas;5;4.68;29189;
3180;Coffee;2;5.05;29189;
3180;Cereal;2;9.51;29189;
3180;Apples;5;3.42;29189;
3180;Eggs;5;1.28;29189;
3180;Tea;1;3.72;29189;
3181;Bread;4;1.82;93130;
3181;Butter;3;7.66;93130;
3181;Sugar;5;1.94;93130;
3182;Pasta;3;8.23;70718;
3182;Tomatoes;2;9.14;70718;
3182;Cheese;1;5.47;70718;
3183;Tomatoes;1;6.19;12266;
3183;Bananas;3;3.49;12266;
3183;Milk;3;2.94;12266;
3183;Eggs;1;9.00;12266;
3183;Cereal;5;5.29;12266;
3184;Onions;4;3.06;98245;
3184;Cereal;3;5.54;98245;
3184;Coffee;3;2.43;98245;
3184;Sugar;4;8.31;98245;
3184;Bread;4;9.23;98245;
3184;Tea;3;9.68;98245;
3185;Butter;3;2.67;15547;
3185;Cheese;4;5.85;15547;
3185;Cereal;5;2.47;15547;
3185;Bananas;3;2.47;15547;
3185;Milk;4;2.70;15547;
3186;Bananas;1;8.75;37822;
3186;Apples;2;4.83;37822;
3186;Yogurt;5;9.18;37822;
3187;Yogurt;2;3.15;30818;
3187;Bananas;3;2.53;30818;
3187;Apples;5;4.97;30818;
3188;Sugar;4;9.02;98429;
3188;Tea;3;7.45;98429;
3188;Coffee;5;8.34;98429;
3189;Cereal;3;8.07;35236;
3189;Oranges;5;3.74;35236;
3189;Apples;1;8.07;35236;
3189;Bananas;2;4.22;35236;
3189;Milk;4;8.71;35236;
3190;Cereal;1;8.22;89646;
3190;Milk;3;1.68;89646;
3190;Bananas;5;4.50;89646;
3190;Pasta;4;6.30;89646;
3190;Chicken;5;7.21;89646;
3190;Eggs;3;2.55;89646;
3191;Tea;5;9.22;28354;
3191;Eggs;2;4.04;28354;
3191;Oranges;3;4.95;28354;
3191;Sugar;1;2.22;28354;
3191;Chicken;3;2.38;28354;
3191;Onions;3;6.55;28354;
3191;Coffee;2;9.39;28354;
3191;Apples;4;5.24;28354;
3192;Chicken;3;4.54;21030;
3192;Tomatoes;1;8.59;21030;
3192;Potatoes;3;3.15;21030;
3192;Onions;2;6.09;21030;
3193;Cereal;2;7.13;93944;
3193;Coffee;2;5.89;93944;
3193;Onions;2;6.58;93944;
3193;Tea;5;9.17;93944;
3193;Apples;2;8.50;93944;
3193;Sugar;3;1.55;93944;
3193;Juice;1;6.88;93944;
3193;Potatoes;3;9.75;93944;
3194;Bananas;2;6.37;13394;
3194;Apples;2;9.39;13394;
3194;Milk;5;9.09;13394;
3194;Yogurt;3;4.68;13394;
3194;Tomatoes;4;3.54;13394;
3194;Cheese;1;5.67;13394;
3195;Tea;5;9.21;94259;
3195;Sugar;5;8.96;94259;
3195;Cheese;1;5.77;94259;
3195;Coffee;1;7.51;94259;
3195;Milk;3;1.63;94259;
3195;Bread;4;8.31;94259;
3195;Yogurt;5;5.60;94259;
3196;Bananas;4;5.30;22153;
3196;Cheese;3;4.82;22153;
3196;Yogurt;4;5.26;22153;
3196;Tea;2;8.44;22153;
3196;Milk;1;9.51;22153;
3196;Bread;1;8.14;22153;
3196;Cereal;1;2.40;22153;
3196;Sugar;1;7.13;22153;
3197;Apples;5;1.21;27006;
3197;Oranges;3;2.04;27006;
3197;Bananas;1;5.61;27006;
3198;Chicken;1;3.00;28628;
3198;Tomatoes;4;8.31;28628;
3198;Onions;5;9.44;28628;
3198;Potatoes;1;5.99;28628;
3199;Butter;1;4.57;19328;
3199;Cheese;1;7.13;19328;
3199;Milk;3;6.56;19328;
3199;Tomatoes;1;4.61;19328;
3199;Sugar;2;3.20;19328;
3199;Onions;2;1.99;19328;
3199;Pasta;1;8.00;19328;
3199;Apples;5;1.03;19328;
3200;Bananas;5;4.37;72526;
3200;Chicken;4;1.69;72526;
3200;Cereal;1;3.18;72526;
3200;Milk;5;9.61;72526;
3201;Sugar;4;4.87;26255;
3201;Pasta;3;6.45;26255;
3201;Eggs;2;2.88;26255;
3201;Cheese;2;4.09;26255;
3201;Tomatoes;2;6.74;26255;
3202;Apples;3;7.84;55777;
3202;Onions;2;1.74;55777;
3202;Butter;2;1.46;55777;
3202;Bananas;2;1.62;55777;
3202;Cereal;1;3.54;55777;
3202;Cheese;2;5.60;55777;
3202;Oranges;2;7.13;55777;
3202;Milk;4;2.77;55777;
3203;Cereal;3;5.48;25601;
3203;Bananas;3;7.46;25601;
3203;Milk;2;4.20;25601;
3204;Coffee;4;6.59;99979;
3204;Juice;4;0.99;99979;
3204;Bread;2;6.41;99979;
3204;Bananas;2;5.04;99979;
3204;Sugar;5;8.21;99979;
3204;Butter;2;6.27;99979;
3204;Tomatoes;1;5.45;99979;
3204;Milk;3;4.75;99979;
3205;Onions;1;7.24;26342;
3205;Juice;5;8.27;26342;
3205;Bananas;2;7.07;26342;
3205;Milk;5;1.89;26342;
3205;Cheese;3;6.51;26342;
3205;Tomatoes;3;4.90;26342;
3205;Pasta;3;3.47;26342;
3206;Tea;3;2.25;63725;
3206;Coffee;3;7.83;63725;
3206;Sugar;3;5.52;63725;
3207;Tea;2;4.70;80388;
3207;Coffee;3;5.53;80388;
3207;Sugar;3;9.23;80388;
3208;Chicken;4;9.33;35318;
3208;Coffee;5;9.07;35318;
3208;Bananas;2;5.23;35318;
3208;Pasta;3;6.48;35318;
3208;Butter;2;5.58;35318;
3208;Oranges;4;7.31;35318;
3208;Apples;2;3.80;35318;
3208;Tomatoes;1;9.34;35318;
3209;Bread;5;5.31;21327;
3209;Tomatoes;4;7.70;21327;
3209;Onions;1;9.17;21327;
3209;Milk;2;9.10;21327;
3209;Coffee;5;5.28;21327;
3209;Pasta;3;4.57;21327;
3209;Butter;3;2.43;21327;
3209;Sugar;1;9.25;21327;
3210;Chicken;5;4.47;37616;
3210;Bananas;5;9.52;37616;
3210;Apples;3;2.70;37616;
3210;Yogurt;4;4.53;37616;
3210;Milk;5;3.11;37616;
3210;Cereal;3;8.77;37616;
3210;Oranges;2;7.66;37616;
3211;Eggs;4;4.73;80452;
3211;Apples;5;4.15;80452;
3211;Bananas;1;2.16;80452;
3211;Oranges;4;6.73;80452;
3212;Yogurt;1;6.96;39814;
3212;Tea;5;5.83;39814;
3212;Apples;5;8.07;39814;
3212;Oranges;3;4.59;39814;
3212;Bananas;1;9.15;39814;
3212;Juice;5;5.91;39814;
3213;Tomatoes;2;9.81;57879;
3213;Cheese;3;7.50;57879;
3213;Sugar;3;8.57;57879;
3213;Potatoes;2;4.01;57879;
3213;Pasta;2;3.71;57879;
3213;Tea;1;9.91;57879;
3214;Sugar;3;4.90;23640;
3214;Coffee;3;7.89;23640;
3214;Pasta;2;1.45;23640;
3214;Cereal;3;7.99;23640;
3214;Butter;5;4.05;23640;
3214;Bread;4;9.58;23640;
3214;Yogurt;4;4.44;23640;
3215;Oranges;2;7.38;73071;
3215;Coffee;3;5.69;73071;
3215;Butter;3;9.08;73071;
3215;Apples;3;3.16;73071;
3215;Sugar;1;7.28;73071;
3215;Pasta;5;8.20;73071;
3215;Potatoes;2;6.10;73071;
3215;Bread;1;2.90;73071;
3216;Coffee;5;7.29;24098;
3216;Tea;4;8.89;24098;
3216;Cheese;1;6.63;24098;
3216;Sugar;3;9.72;24098;
3217;Coffee;4;4.46;77652;
3217;Butter;5;4.96;77652;
3217;Juice;3;3.85;77652;
3217;Sugar;2;5.03;77652;
3217;Bread;4;7.85;77652;
3217;Bananas;4;5.57;77652;
3218;Cheese;3;3.42;27244;
3218;Sugar;3;3.46;27244;
3218;Bread;2;7.35;27244;
3218;Yogurt;3;6.33;27244;
3218;Coffee;3;9.00;27244;
3218;Tomatoes;5;9.71;27244;
3218;Butter;5;7.63;27244;
3218;Tea;4;9.64;27244;
3219;Yogurt;2;5.11;80716;
3219;Butter;4;5.95;80716;
3219;Potatoes;5;5.51;80716;
3219;Bananas;5;4.80;80716;
3219;Oranges;4;9.54;80716;
3219;Apples;4;6.18;80716;
3219;Milk;1;1.19;80716;
3220;Butter;5;2.81;91258;
3220;Sugar;5;9.36;91258;
3220;Bread;3;6.07;91258;
3221;Bread;2;8.28;72874;
3221;Cheese;5;1.79;72874;
3221;Coffee;4;3.17;72874;
3221;Tea;4;3.38;72874;
3221;Potatoes;3;3.30;72874;
3221;Tomatoes;5;4.78;72874;
3221;Pasta;4;3.62;72874;
3221;Butter;4;1.91;72874;
3222;Sugar;3;3.71;45324;
3222;Coffee;1;7.10;45324;
3222;Butter;4;6.60;45324;
3222;Onions;2;9.67;45324;
3222;Bread;5;6.10;45324;
3222;Juice;5;6.17;45324;
3223;Pasta;4;3.48;94966;
3223;Potatoes;2;9.20;94966;
3223;Tomatoes;1;2.48;94966;
3223;Cereal;2;7.75;94966;
3223;Oranges;1;3.39;94966;
3223;Cheese;1;3.82;94966;
3223;Sugar;2;4.52;94966;
3224;Cheese;1;6.75;67401;
3224;Juice;4;8.18;67401;
3224;Butter;3;9.24;67401;
3224;Bread;5;1.57;67401;
3224;Tomatoes;5;3.88;67401;
3224;Potatoes;1;4.03;67401;
3224;Pasta;1;8.76;67401;
3224;Bananas;1;3.16;67401;
3225;Cheese;5;3.28;15282;
3225;Oranges;3;2.67;15282;
3225;Bananas;3;9.91;15282;
3225;Tomatoes;1;8.22;15282;
3225;Butter;5;1.62;15282;
3225;Pasta;2;2.40;15282;
3226;Bread;1;6.56;12651;
3226;Butter;5;9.29;12651;
3226;Sugar;4;2.38;12651;
3227;Milk;2;3.74;50674;
3227;Bananas;1;9.92;50674;
3227;Juice;3;6.05;50674;
3227;Butter;2;6.06;50674;
3227;Cereal;1;6.35;50674;
3228;Butter;5;3.16;60370;
3228;Tea;1;7.50;60370;
3228;Eggs;1;3.99;60370;
3228;Coffee;4;8.32;60370;
3228;Potatoes;3;4.24;60370;
3228;Sugar;5;5.45;60370;
3229;Onions;1;3.79;87093;
3229;Cereal;4;5.25;87093;
3229;Sugar;3;6.37;87093;
3229;Eggs;3;4.41;87093;
3229;Potatoes;4;4.29;87093;
3229;Coffee;3;3.35;87093;
3229;Bananas;4;4.41;87093;
3229;Tea;5;3.47;87093;
3230;Pasta;2;2.58;25624;
3230;Bananas;4;3.86;25624;
3230;Cheese;5;1.09;25624;
3230;Milk;1;7.79;25624;
3230;Apples;1;9.59;25624;
3230;Coffee;4;3.00;25624;
3230;Tomatoes;3;7.61;25624;
3231;Milk;2;5.41;43601;
3231;Bananas;1;4.71;43601;
3231;Apples;5;8.24;43601;
3231;Oranges;5;3.59;43601;
3232;Sugar;4;5.18;47163;
3232;Onions;4;9.68;47163;
3232;Chicken;1;6.30;47163;
3232;Oranges;5;2.89;47163;
3232;Pasta;2;5.50;47163;
3232;Tomatoes;5;9.30;47163;
3232;Potatoes;3;8.59;47163;
3232;Yogurt;4;9.30;47163;
3233;Coffee;1;5.41;88108;
3233;Sugar;1;7.88;88108;
3233;Bread;5;9.07;88108;
3233;Butter;3;8.66;88108;
3234;Yogurt;2;1.82;15255;
3234;Juice;1;9.63;15255;
3234;Apples;2;9.11;15255;
3234;Tomatoes;1;4.76;15255;
3234;Onions;1;9.16;15255;
3234;Cereal;4;2.22;15255;
3234;Bananas;3;8.06;15255;
3234;Oranges;5;6.84;15255;
3235;Yogurt;1;8.69;26107;
3235;Cereal;1;7.92;26107;
3235;Bananas;3;8.76;26107;
3235;Milk;4;4.39;26107;
3236;Apples;3;7.41;89713;
3236;Bananas;5;3.45;89713;
3236;Yogurt;2;6.25;89713;
3237;Tomatoes;3;3.09;22355;
3237;Cheese;3;9.60;22355;
3237;Sugar;5;3.92;22355;
3237;Pasta;2;0.99;22355;
3237;Bananas;2;6.92;22355;
3237;Eggs;5;1.03;22355;
3237;Oranges;3;9.12;22355;
3237;Apples;2;7.20;22355;
3238;Milk;3;6.09;40252;
3238;Bread;1;4.02;40252;
3238;Butter;5;6.96;40252;
3238;Sugar;2;3.36;40252;
3238;Coffee;1;6.64;40252;
3239;Tea;5;1.72;59225;
3239;Chicken;1;7.58;59225;
3239;Oranges;3;8.21;59225;
3239;Potatoes;3;6.83;59225;
3239;Butter;1;8.16;59225;
3239;Apples;5;5.00;59225;
3239;Juice;2;7.67;59225;
3239;Bananas;1;9.76;59225;
3240;Tomatoes;4;9.68;48984;
3240;Yogurt;4;8.98;48984;
3240;Bananas;3;4.19;48984;
3240;Apples;4;3.09;48984;
3240;Onions;4;8.74;48984;
3240;Chicken;3;1.54;48984;
3241;Juice;3;8.00;49722;
3241;Oranges;1;2.64;49722;
3241;Eggs;3;7.32;49722;
3241;Cheese;5;8.71;49722;
3241;Tomatoes;3;6.21;49722;
3241;Pasta;1;8.74;49722;
3241;Chicken;1;6.66;49722;
3242;Pasta;1;8.98;66705;
3242;Cheese;2;3.76;66705;
3242;Tomatoes;5;6.42;66705;
3243;Sugar;3;9.43;88143;
3243;Bread;3;4.11;88143;
3243;Coffee;5;7.91;88143;
3243;Butter;4;4.70;88143;
3244;Bananas;3;7.66;79883;
3244;Yogurt;3;3.91;79883;
3244;Bread;5;7.57;79883;
3244;Apples;4;1.43;79883;
3244;Onions;1;2.80;79883;
3244;Oranges;1;3.21;79883;
3244;Tea;4;8.33;79883;
3245;Juice;1;7.77;40791;
3245;Yogurt;4;2.78;40791;
3245;Bananas;3;3.55;40791;
3245;Apples;2;2.83;40791;
3246;Potatoes;2;3.91;49238;
3246;Onions;1;9.65;49238;
3246;Tomatoes;3;2.00;49238;
3247;Bread;3;6.00;57615;
3247;Butter;3;1.00;57615;
3247;Yogurt;5;6.61;57615;
3247;Sugar;3;3.61;57615;
3247;Coffee;3;2.53;57615;
3248;Tomatoes;3;4.14;46296;
3248;Pasta;5;3.93;46296;
3248;Bread;2;5.42;46296;
3248;Cheese;2;7.65;46296;
3249;Apples;4;3.49;80198;
3249;Oranges;1;9.94;80198;
3249;Bananas;4;8.02;80198;
3249;Cereal;1;1.30;80198;
3249;Chicken;3;5.20;80198;
3249;Coffee;1;9.01;80198;
3250;Milk;2;3.15;66721;
3250;Oranges;1;3.69;66721;
3250;Sugar;3;8.69;66721;
3250;Bananas;1;4.53;66721;
3250;Potatoes;4;6.85;66721;
3250;Cheese;4;6.79;66721;
3250;Juice;4;5.09;66721;
3250;Apples;1;6.45;66721;
3251;Bananas;2;3.97;19483;
3251;Potatoes;3;6.92;19483;
3251;Yogurt;4;4.03;19483;
3251;Oranges;3;4.23;19483;
3251;Apples;4;5.98;19483;
3251;Milk;5;9.36;19483;
3252;Tomatoes;4;7.88;75171;
3252;Sugar;2;6.73;75171;
3252;Pasta;3;9.17;75171;
3252;Cheese;2;4.58;75171;
3252;Onions;3;6.87;75171;
3252;Milk;3;2.20;75171;
3253;Cereal;4;2.19;60631;
3253;Eggs;3;9.89;60631;
3253;Bananas;3;6.43;60631;
3253;Milk;4;8.01;60631;
3253;Tomatoes;4;8.65;60631;
3253;Potatoes;4;4.18;60631;
3254;Apples;1;2.61;27302;
3254;Chicken;1;1.94;27302;
3254;Oranges;2;7.36;27302;
3254;Bananas;4;5.35;27302;
3254;Yogurt;4;2.53;27302;
3255;Bananas;1;8.05;89568;
3255;Bread;1;6.93;89568;
3255;Pasta;3;9.16;89568;
3255;Cereal;3;1.35;89568;
3255;Apples;1;2.40;89568;
3255;Cheese;3;1.90;89568;
3255;Oranges;3;7.30;89568;
3256;Sugar;4;1.75;62344;
3256;Tea;1;7.08;62344;
3256;Cheese;5;1.18;62344;
3256;Coffee;4;2.21;62344;
3257;Onions;4;3.86;29481;
3257;Yogurt;4;3.38;29481;
3257;Bread;4;4.70;29481;
3257;Butter;1;8.85;29481;
3257;Apples;4;6.50;29481;
3257;Milk;5;7.07;29481;
3257;Sugar;3;7.90;29481;
3257;Coffee;4;6.74;29481;
3258;Sugar;2;5.27;12191;
3258;Coffee;5;6.44;12191;
3258;Tea;2;2.06;12191;
3258;Yogurt;2;7.35;12191;
3259;Apples;4;5.95;79535;
3259;Oranges;5;2.89;79535;
3259;Bananas;2;1.42;79535;
3259;Potatoes;1;8.16;79535;
3260;Yogurt;3;8.98;37888;
3260;Bananas;5;8.17;37888;
3260;Bread;2;9.32;37888;
3260;Onions;3;3.18;37888;
3260;Milk;4;8.68;37888;
3260;Coffee;3;5.70;37888;
3260;Cereal;5;3.85;37888;
3261;Oranges;4;6.30;22434;
3261;Apples;1;5.05;22434;
3261;Bananas;5;8.64;22434;
3262;Oranges;1;1.68;27369;
3262;Milk;2;1.19;27369;
3262;Tea;3;3.63;27369;
3262;Coffee;5;6.36;27369;
3262;Tomatoes;3;6.53;27369;
3262;Potatoes;1;5.60;27369;
3262;Sugar;2;7.59;27369;
3262;Apples;3;2.92;27369;
3263;Cheese;4;4.54;31017;
3263;Pasta;2;1.03;31017;
3263;Tomatoes;3;3.09;31017;
3264;Yogurt;5;3.45;82803;
3264;Butter;1;2.65;82803;
3264;Cereal;4;5.65;82803;
3264;Onions;5;6.77;82803;
3264;Bananas;1;1.33;82803;
3264;Tea;3;7.58;82803;
3264;Apples;5;1.27;82803;
3264;Chicken;5;4.11;82803;
3265;Sugar;1;5.06;97421;
3265;Onions;5;8.73;97421;
3265;Coffee;5;6.80;97421;
3265;Oranges;4;1.27;97421;
3265;Tea;2;3.00;97421;
3265;Cheese;1;7.08;97421;
3265;Bananas;1;9.09;97421;
3265;Butter;2;6.96;97421;
3266;Bananas;4;4.89;37963;
3266;Oranges;2;4.56;37963;
3266;Apples;2;3.39;37963;
3266;Pasta;3;4.39;37963;
3267;Coffee;4;7.67;61244;
3267;Cheese;2;3.71;61244;
3267;Butter;2;9.06;61244;
3267;Bread;4;3.49;61244;
3267;Potatoes;4;1.74;61244;
3267;Chicken;3;9.28;61244;
3267;Pasta;3;8.75;61244;
3267;Sugar;2;6.81;61244;
3268;Butter;2;5.53;81788;
3268;Bananas;2;3.45;81788;
3268;Milk;5;6.00;81788;
3268;Cheese;4;8.82;81788;
3268;Cereal;4;1.50;81788;
3269;Cereal;5;1.90;77995;
3269;Chicken;1;3.62;77995;
3269;Milk;4;7.41;77995;
3269;Juice;5;8.26;77995;
3269;Bananas;5;6.55;77995;
3269;Butter;2;7.24;77995;
3269;Bread;1;6.35;77995;
3269;Cheese;4;9.62;77995;
3270;Coffee;1;7.93;62516;
3270;Butter;1;4.84;62516;
3270;Cereal;5;3.97;62516;
3270;Cheese;5;2.77;62516;
3270;Sugar;5;4.63;62516;
3270;Bread;3;6.94;62516;
3271;Apples;1;6.92;31406;
3271;Coffee;5;4.34;31406;
3271;Butter;3;1.27;31406;
3271;Tea;2;1.78;31406;
3271;Sugar;3;4.33;31406;
3272;Coffee;5;8.49;46871;
3272;Yogurt;4;4.11;46871;
3272;Sugar;5;1.50;46871;
3272;Tea;5;8.28;46871;
3272;Cereal;4;5.53;46871;
3272;Bananas;1;7.23;46871;
3273;Pasta;4;3.74;10018;
3273;Butter;2;1.69;10018;
3273;Bananas;5;2.40;10018;
3273;Tomatoes;1;1.27;10018;
3273;Cereal;4;2.21;10018;
3273;Milk;4;7.15;10018;
3274;Onions;4;6.98;67288;
3274;Milk;2;4.56;67288;
3274;Cereal;3;6.47;67288;
3274;Bananas;4;7.02;67288;
3275;Oranges;2;9.79;68046;
3275;Tomatoes;3;1.17;68046;
3275;Potatoes;5;6.76;68046;
3275;Butter;3;2.77;68046;
3275;Eggs;3;2.11;68046;
3275;Onions;5;5.38;68046;
3275;Chicken;4;2.85;68046;
3276;Milk;4;4.03;18080;
3276;Bananas;2;5.81;18080;
3276;Apples;4;3.62;18080;
3276;Oranges;5;6.68;18080;
3277;Pasta;2;2.07;70785;
3277;Tomatoes;2;3.28;70785;
3277;Cheese;5;4.69;70785;
3278;Sugar;3;7.40;22885;
3278;Tea;4;3.05;22885;
3278;Cereal;3;4.30;22885;
3278;Coffee;1;9.96;22885;
3278;Eggs;2;7.54;22885;
3278;Oranges;2;9.76;22885;
3279;Butter;1;7.33;57858;
3279;Bread;4;3.44;57858;
3279;Cheese;5;6.57;57858;
3279;Bananas;3;7.87;57858;
3279;Apples;3;7.59;57858;
3279;Yogurt;1;2.33;57858;
3280;Bananas;5;1.22;33085;
3280;Butter;1;7.07;33085;
3280;Cereal;1;3.11;33085;
3280;Cheese;4;9.24;33085;
3280;Milk;2;6.89;33085;
3281;Tea;4;2.41;95340;
3281;Sugar;4;7.25;95340;
3281;Coffee;1;3.62;95340;
3282;Coffee;4;3.42;11781;
3282;Potatoes;4;6.79;11781;
3282;Chicken;2;9.27;11781;
3282;Onions;3;1.57;11781;
3282;Tomatoes;3;3.46;11781;
3283;Oranges;5;2.65;51178;
3283;Chicken;5;2.67;51178;
3283;Eggs;2;7.15;51178;
3283;Bread;1;6.47;51178;
3283;Tomatoes;3;4.33;51178;
3283;Potatoes;5;1.96;51178;
3283;Onions;3;3.50;51178;
3283;Milk;1;9.68;51178;
3284;Tomatoes;2;5.86;48365;
3284;Cheese;2;6.12;48365;
3284;Onions;3;5.96;48365;
3284;Pasta;2;5.05;48365;
3284;Butter;1;5.38;48365;
3285;Bananas;2;5.21;23472;
3285;Milk;1;2.57;23472;
3285;Bread;1;1.16;23472;
3285;Apples;3;1.96;23472;
3285;Coffee;2;1.77;23472;
3285;Potatoes;1;6.08;23472;
3285;Yogurt;5;5.48;23472;
3286;Apples;3;6.46;46034;
3286;Yogurt;2;1.48;46034;
3286;Cheese;4;7.35;46034;
3286;Juice;2;9.68;46034;
3286;Chicken;2;2.06;46034;
3286;Bananas;4;9.11;46034;
3287;Eggs;2;6.15;11502;
3287;Cereal;5;3.40;11502;
3287;Bananas;4;7.29;11502;
3287;Milk;2;7.52;11502;
3287;Juice;2;6.58;11502;
3287;Bread;5;2.68;11502;
3288;Oranges;4;6.57;39524;
3288;Apples;2;6.71;39524;
3288;Tea;3;5.59;39524;
3288;Bananas;4;9.48;39524;
3289;Juice;4;5.66;62194;
3289;Tea;4;3.09;62194;
3289;Apples;4;9.04;62194;
3289;Bananas;5;4.87;62194;
3289;Chicken;5;7.38;62194;
3289;Yogurt;1;5.15;62194;
3289;Potatoes;5;7.32;62194;
3290;Milk;1;4.79;17873;
3290;Cereal;5;3.84;17873;
3290;Bananas;5;1.66;17873;
3291;Bananas;5;7.97;74345;
3291;Apples;4;9.00;74345;
3291;Cheese;2;7.06;74345;
3291;Tomatoes;2;2.81;74345;
3291;Onions;2;7.10;74345;
3291;Yogurt;5;7.45;74345;
3292;Milk;1;5.53;52633;
3292;Bananas;1;5.83;52633;
3292;Cereal;3;9.12;52633;
3292;Eggs;5;4.52;52633;
3293;Butter;1;9.99;62470;
3293;Cereal;1;2.22;62470;
3293;Onions;5;5.81;62470;
3293;Yogurt;2;1.30;62470;
3293;Milk;2;6.58;62470;
3293;Bananas;4;7.42;62470;
3293;Eggs;5;4.08;62470;
3294;Oranges;1;1.15;86829;
3294;Apples;2;9.01;86829;
3294;Eggs;2;9.41;86829;
3294;Potatoes;1;9.47;86829;
3294;Tomatoes;5;3.49;86829;
3294;Onions;4;4.24;86829;
3294;Bananas;2;4.85;86829;
3294;Juice;2;8.30;86829;
3295;Potatoes;4;4.70;82794;
3295;Chicken;5;8.78;82794;
3295;Tomatoes;4;7.84;82794;
3295;Onions;5;7.48;82794;
3296;Onions;2;2.96;63334;
3296;Chicken;2;3.24;63334;
3296;Tea;4;8.78;63334;
3296;Potatoes;4;3.08;63334;
3296;Bananas;1;4.62;63334;
3296;Apples;2;4.10;63334;
3296;Coffee;4;8.32;63334;
3296;Tomatoes;3;5.52;63334;
3297;Yogurt;3;4.65;93394;
3297;Sugar;4;4.32;93394;
3297;Bananas;2;1.80;93394;
3297;Apples;3;3.79;93394;
3297;Cheese;3;3.86;93394;
3297;Butter;1;9.54;93394;
3298;Onions;4;1.78;21667;
3298;Tomatoes;2;6.65;21667;
3298;Sugar;3;8.54;21667;
3298;Oranges;3;2.60;21667;
3298;Potatoes;4;3.27;21667;
3298;Chicken;2;1.35;21667;
3299;Apples;5;4.63;96128;
3299;Bananas;2;5.24;96128;
3299;Yogurt;1;4.21;96128;
3299;Oranges;5;8.42;96128;
3299;Chicken;5;4.17;96128;
3300;Milk;1;7.33;41653;
3300;Sugar;5;9.26;41653;
3300;Apples;1;8.55;41653;
3300;Eggs;2;5.47;41653;
3300;Bananas;4;6.17;41653;
3300;Yogurt;2;3.22;41653;
3300;Chicken;3;9.46;41653;
3301;Apples;4;2.63;34370;
3301;Pasta;4;1.01;34370;
3301;Tomatoes;2;3.22;34370;
3301;Cheese;1;4.79;34370;
3301;Eggs;3;4.49;34370;
3302;Juice;1;9.45;46563;
3302;Coffee;1;2.51;46563;
3302;Oranges;4;6.23;46563;
3302;Tea;3;4.77;46563;
3302;Sugar;5;3.97;46563;
3303;Oranges;5;4.27;93292;
3303;Sugar;4;6.13;93292;
3303;Yogurt;2;7.26;93292;
3303;Juice;5;1.00;93292;
3303;Apples;3;4.61;93292;
3303;Tomatoes;5;2.18;93292;
3303;Eggs;2;9.57;93292;
3303;Bananas;5;5.49;93292;
3304;Oranges;4;5.50;92388;
3304;Tomatoes;3;3.60;92388;
3304;Bananas;5;3.34;92388;
3304;Cereal;5;6.66;92388;
3304;Apples;3;9.78;92388;
3304;Milk;4;2.85;92388;
3305;Bananas;2;2.01;85087;
3305;Yogurt;5;8.95;85087;
3305;Oranges;5;6.66;85087;
3305;Chicken;5;8.05;85087;
3305;Apples;4;8.32;85087;
3306;Chicken;4;2.12;83750;
3306;Bread;1;2.41;83750;
3306;Tomatoes;4;6.97;83750;
3306;Onions;2;2.45;83750;
3306;Potatoes;5;8.21;83750;
3307;Cheese;5;7.26;51520;
3307;Tea;4;5.61;51520;
3307;Cereal;5;7.20;51520;
3307;Bananas;5;6.52;51520;
3307;Milk;4;2.81;51520;
3307;Tomatoes;3;3.65;51520;
3308;Pasta;1;6.24;20426;
3308;Cheese;2;6.35;20426;
3308;Juice;3;6.62;20426;
3308;Onions;3;1.47;20426;
3308;Butter;5;4.07;20426;
3308;Sugar;3;2.57;20426;
3308;Tomatoes;3;3.43;20426;
3309;Bread;2;6.63;91836;
3309;Sugar;1;1.24;91836;
3309;Coffee;4;9.01;91836;
3309;Chicken;2;3.91;91836;
3309;Oranges;4;9.09;91836;
3309;Juice;3;4.31;91836;
3309;Tomatoes;1;2.12;91836;
3309;Butter;1;4.41;91836;
3310;Butter;5;4.59;59597;
3310;Sugar;1;6.40;59597;
3310;Coffee;3;1.02;59597;
3311;Potatoes;1;6.17;81628;
3311;Tomatoes;5;7.70;81628;
3311;Chicken;2;9.51;81628;
3311;Onions;5;9.52;81628;
3312;Chicken;3;3.73;77267;
3312;Potatoes;2;4.79;77267;
3312;Onions;3;6.68;77267;
3312;Tomatoes;3;6.53;77267;
3313;Potatoes;2;6.04;31552;
3313;Chicken;5;3.29;31552;
3313;Tomatoes;3;9.82;31552;
3313;Onions;1;8.63;31552;
3314;Bananas;4;1.36;67456;
3314;Milk;3;2.01;67456;
3314;Cereal;2;8.04;67456;
3315;Chicken;2;5.57;57731;
3315;Onions;4;4.69;57731;
3315;Tomatoes;2;4.19;57731;
3315;Yogurt;2;8.92;57731;
3315;Apples;1;1.52;57731;
3315;Potatoes;1;3.07;57731;
3316;Cheese;2;1.10;80993;
3316;Oranges;3;5.01;80993;
3316;Tomatoes;4;9.35;80993;
3316;Pasta;1;5.93;80993;
3316;Apples;2;7.62;80993;
3316;Bananas;4;5.30;80993;
3317;Eggs;5;4.05;10327;
3317;Apples;1;3.46;10327;
3317;Potatoes;4;6.32;10327;
3317;Bananas;4;2.56;10327;
3317;Oranges;1;2.14;10327;
3318;Coffee;4;8.18;56954;
3318;Bread;3;3.14;56954;
3318;Chicken;3;4.76;56954;
3318;Potatoes;4;5.52;56954;
3318;Yogurt;2;8.71;56954;
3318;Tomatoes;2;6.28;56954;
3318;Onions;5;4.64;56954;
3319;Bananas;4;4.55;18145;
3319;Apples;5;8.15;18145;
3319;Cheese;1;5.67;18145;
3319;Oranges;1;5.00;18145;
3319;Eggs;5;3.61;18145;
3319;Cereal;3;7.14;18145;
3319;Bread;4;4.27;18145;
3320;Potatoes;1;9.87;99498;
3320;Yogurt;4;4.20;99498;
3320;Chicken;5;5.12;99498;
3320;Cheese;2;1.50;99498;
3320;Tomatoes;2;1.09;99498;
3320;Cereal;2;1.53;99498;
3320;Onions;4;9.16;99498;
3321;Oranges;4;4.38;69293;
3321;Bread;3;1.92;69293;
3321;Butter;4;2.55;69293;
3321;Onions;3;4.30;69293;
3321;Sugar;1;8.25;69293;
3321;Coffee;4;5.28;69293;
3321;Bananas;1;3.67;69293;
3322;Chicken;3;7.98;19198;
3322;Oranges;3;4.83;19198;
3322;Potatoes;4;2.74;19198;
3322;Cereal;3;6.28;19198;
3322;Apples;4;3.54;19198;
3322;Bananas;5;3.31;19198;
3322;Bread;2;1.75;19198;
3323;Potatoes;5;2.69;33278;
3323;Butter;1;1.78;33278;
3323;Chicken;5;5.32;33278;
3323;Onions;5;6.51;33278;
3323;Cereal;3;5.63;33278;
3323;Tomatoes;3;5.53;33278;
3323;Tea;5;8.95;33278;
3324;Apples;5;1.83;53367;
3324;Oranges;3;6.15;53367;
3324;Bread;5;5.26;53367;
3324;Juice;5;2.72;53367;
3324;Bananas;2;9.18;53367;
3325;Apples;4;2.63;53450;
3325;Bananas;4;6.07;53450;
3325;Oranges;5;7.67;53450;
3326;Milk;3;8.25;52524;
3326;Cereal;2;2.89;52524;
3326;Bananas;3;5.75;52524;
3326;Butter;2;8.69;52524;
3326;Cheese;2;6.50;52524;
3327;Cheese;4;1.93;34944;
3327;Pasta;3;9.52;34944;
3327;Milk;1;1.11;34944;
3327;Butter;4;7.02;34944;
3327;Tomatoes;5;5.80;34944;
3327;Coffee;5;7.51;34944;
3327;Potatoes;4;9.88;34944;
3328;Bread;1;1.56;48068;
3328;Coffee;1;1.81;48068;
3328;Sugar;5;4.11;48068;
3329;Cheese;4;7.40;18120;
3329;Bananas;3;6.79;18120;
3329;Pasta;1;7.06;18120;
3329;Tomatoes;4;8.98;18120;
3329;Bread;2;2.23;18120;
3330;Onions;4;6.75;55951;
3330;Potatoes;4;6.99;55951;
3330;Chicken;1;1.74;55951;
3330;Tomatoes;5;7.87;55951;
3331;Apples;3;5.61;57414;
3331;Yogurt;3;3.38;57414;
3331;Juice;4;9.24;57414;
3331;Bananas;4;9.88;57414;
3332;Potatoes;3;4.37;90517;
3332;Sugar;5;1.33;90517;
3332;Tea;5;4.66;90517;
3332;Coffee;4;9.95;90517;
3332;Apples;1;5.58;90517;
3333;Bananas;3;7.93;49096;
3333;Yogurt;4;7.99;49096;
3333;Apples;2;5.84;49096;
3334;Yogurt;2;1.80;21826;
3334;Apples;4;4.67;21826;
3334;Bananas;1;6.19;21826;
3335;Coffee;2;2.41;79086;
3335;Sugar;3;1.13;79086;
3335;Tea;5;9.54;79086;
3336;Tomatoes;4;8.88;32431;
3336;Juice;1;1.10;32431;
3336;Onions;3;9.06;32431;
3336;Sugar;2;5.28;32431;
3336;Pasta;5;4.18;32431;
3336;Cheese;4;7.92;32431;
3336;Bread;5;3.19;32431;
3337;Sugar;3;9.35;41726;
3337;Pasta;3;4.37;41726;
3337;Chicken;4;2.00;41726;
3337;Tomatoes;1;3.95;41726;
3337;Coffee;3;4.33;41726;
3337;Potatoes;1;8.43;41726;
3337;Butter;4;6.38;41726;
3337;Bread;5;6.12;41726;
3338;Tea;3;2.64;17747;
3338;Eggs;2;5.78;17747;
3338;Sugar;1;8.81;17747;
3338;Coffee;5;8.29;17747;
3338;Cheese;3;7.13;17747;
3338;Butter;3;2.74;17747;
3338;Chicken;5;8.68;17747;
3338;Milk;1;9.06;17747;
3339;Onions;1;4.07;54592;
3339;Cheese;5;9.92;54592;
3339;Sugar;1;4.27;54592;
3339;Potatoes;5;6.71;54592;
3339;Chicken;5;9.98;54592;
3339;Butter;1;4.57;54592;
3339;Tomatoes;2;3.05;54592;
3340;Cereal;2;2.38;42316;
3340;Milk;2;8.95;42316;
3340;Bananas;2;9.71;42316;
3341;Tomatoes;2;1.26;72884;
3341;Chicken;5;2.45;72884;
3341;Onions;4;5.63;72884;
3341;Potatoes;5;5.94;72884;
3342;Oranges;2;1.00;48551;
3342;Onions;4;7.77;48551;
3342;Pasta;4;6.04;48551;
3342;Cheese;2;9.01;48551;
3342;Butter;5;5.40;48551;
3342;Sugar;4;5.59;48551;
3342;Tomatoes;3;1.96;48551;
3342;Tea;5;5.56;48551;
3343;Potatoes;1;2.77;63057;
3343;Onions;2;1.46;63057;
3343;Apples;1;3.82;63057;
3343;Chicken;2;1.48;63057;
3343;Coffee;1;6.56;63057;
3343;Tomatoes;4;4.33;63057;
3344;Chicken;5;9.08;13222;
3344;Sugar;3;5.47;13222;
3344;Cereal;5;2.20;13222;
3344;Milk;3;1.36;13222;
3344;Bananas;4;9.81;13222;
3345;Tomatoes;5;6.31;69413;
3345;Yogurt;2;8.74;69413;
3345;Cheese;2;4.65;69413;
3345;Butter;4;7.25;69413;
3345;Pasta;5;9.63;69413;
3345;Potatoes;4;6.27;69413;
3346;Apples;1;4.41;56397;
3346;Cheese;4;3.86;56397;
3346;Bananas;2;9.15;56397;
3346;Yogurt;1;8.39;56397;
3347;Sugar;1;9.84;18991;
3347;Butter;1;5.97;18991;
3347;Bread;3;8.99;18991;
3347;Coffee;3;9.20;18991;
3348;Milk;1;3.38;95533;
3348;Cereal;1;2.90;95533;
3348;Bananas;2;2.04;95533;
3349;Tomatoes;3;2.03;87972;
3349;Cheese;5;5.74;87972;
3349;Bananas;2;8.32;87972;
3349;Coffee;3;6.03;87972;
3349;Pasta;5;7.19;87972;
3350;Bananas;1;7.36;30668;
3350;Apples;3;1.64;30668;
3350;Yogurt;4;4.59;30668;
3351;Chicken;1;2.40;36290;
3351;Cheese;2;7.92;36290;
3351;Tomatoes;2;5.62;36290;
3351;Pasta;2;3.90;36290;
3351;Oranges;4;1.86;36290;
3351;Tea;2;6.97;36290;
3351;Butter;5;2.08;36290;
3352;Onions;5;3.74;30078;
3352;Coffee;5;9.69;30078;
3352;Butter;4;5.77;30078;
3352;Bread;4;9.58;30078;
3352;Sugar;2;1.67;30078;
3353;Sugar;3;6.10;20970;
3353;Butter;1;8.70;20970;
3353;Coffee;4;9.91;20970;
3353;Tomatoes;3;8.20;20970;
3353;Cereal;3;2.88;20970;
3353;Cheese;2;9.18;20970;
3353;Bread;1;1.78;20970;
3354;Butter;5;3.50;94905;
3354;Coffee;3;7.18;94905;
3354;Sugar;3;7.58;94905;
3355;Coffee;3;6.10;91473;
3355;Tea;2;5.00;91473;
3355;Bread;2;8.87;91473;
3355;Cheese;2;1.86;91473;
3355;Sugar;4;9.00;91473;
3355;Butter;1;2.97;91473;
3355;Yogurt;2;4.84;91473;
3355;Apples;3;9.93;91473;
3356;Sugar;1;5.59;26039;
3356;Yogurt;2;1.74;26039;
3356;Tea;5;9.76;26039;
3356;Coffee;4;6.53;26039;
3356;Tomatoes;5;8.33;26039;
3357;Sugar;5;4.22;36698;
3357;Butter;3;4.57;36698;
3357;Bananas;3;9.62;36698;
3357;Milk;3;2.85;36698;
3357;Coffee;4;1.88;36698;
3357;Bread;1;2.87;36698;
3358;Milk;4;9.32;14967;
3358;Cereal;2;9.82;14967;
3358;Bananas;5;1.99;14967;
3359;Eggs;3;2.19;99064;
3359;Bananas;2;6.41;99064;
3359;Cereal;5;8.04;99064;
3359;Milk;2;7.62;99064;
3360;Tomatoes;4;7.55;87737;
3360;Cheese;4;1.60;87737;
3360;Pasta;1;7.53;87737;
3361;Butter;1;7.06;81945;
3361;Oranges;2;4.66;81945;
3361;Sugar;2;5.76;81945;
3361;Coffee;3;5.65;81945;
3361;Pasta;4;2.40;81945;
3361;Bread;5;4.53;81945;
3361;Milk;2;2.74;81945;
3362;Butter;5;3.99;72223;
3362;Chicken;3;7.90;72223;
3362;Oranges;4;4.36;72223;
3362;Cereal;3;9.43;72223;
3362;Bananas;4;1.63;72223;
3362;Yogurt;5;6.70;72223;
3362;Tomatoes;3;8.29;72223;
3362;Apples;1;1.86;72223;
3363;Chicken;4;9.58;79941;
3363;Tomatoes;3;8.16;79941;
3363;Onions;2;2.87;79941;
3363;Potatoes;5;6.39;79941;
3363;Milk;5;5.86;79941;
3364;Tomatoes;1;8.39;75473;
3364;Cheese;5;6.67;75473;
3364;Bananas;4;1.81;75473;
3364;Pasta;4;5.58;75473;
3365;Bananas;1;2.64;39353;
3365;Chicken;2;4.42;39353;
3365;Potatoes;4;7.77;39353;
3365;Onions;4;7.90;39353;
3365;Sugar;3;3.78;39353;
3365;Cheese;4;5.43;39353;
3365;Milk;5;6.60;39353;
3365;Tomatoes;2;6.08;39353;
3366;Apples;3;1.28;12158;
3366;Bananas;3;5.75;12158;
3366;Juice;3;8.08;12158;
3366;Cereal;2;2.88;12158;
3366;Chicken;1;7.33;12158;
3366;Onions;2;5.65;12158;
3366;Yogurt;5;3.73;12158;
3366;Pasta;4;3.04;12158;
3367;Tea;3;6.78;18723;
3367;Coffee;4;2.96;18723;
3367;Yogurt;1;3.80;18723;
3367;Sugar;2;3.05;18723;
3367;Onions;2;2.64;18723;
3367;Potatoes;5;1.79;18723;
3368;Bananas;1;8.92;23529;
3368;Oranges;4;5.22;23529;
3368;Apples;1;3.38;23529;
3369;Yogurt;2;7.70;11614;
3369;Bread;4;9.57;11614;
3369;Sugar;2;1.53;11614;
3369;Apples;1;7.43;11614;
3369;Bananas;2;7.06;11614;
3369;Milk;5;5.58;11614;
3370;Tomatoes;5;2.96;22847;
3370;Cheese;3;4.26;22847;
3370;Onions;4;7.08;22847;
3370;Chicken;3;2.01;22847;
3370;Pasta;5;9.18;22847;
3370;Potatoes;2;1.80;22847;
3370;Cereal;1;4.45;22847;
3370;Butter;5;6.97;22847;
3371;Butter;1;2.74;34507;
3371;Coffee;1;3.52;34507;
3371;Tomatoes;2;6.71;34507;
3371;Pasta;5;9.24;34507;
3371;Apples;1;8.15;34507;
3371;Cheese;3;8.47;34507;
3371;Milk;3;4.77;34507;
3372;Chicken;4;2.22;40700;
3372;Tea;5;2.16;40700;
3372;Bread;5;2.61;40700;
3372;Oranges;4;8.89;40700;
3372;Apples;2;2.08;40700;
3372;Bananas;4;2.92;40700;
3372;Eggs;3;4.93;40700;
3373;Cheese;2;1.92;73127;
3373;Tea;5;7.31;73127;
3373;Coffee;5;3.73;73127;
3373;Milk;5;2.89;73127;
3373;Sugar;4;7.17;73127;
3373;Tomatoes;4;3.18;73127;
3373;Apples;2;1.23;73127;
3373;Yogurt;5;9.08;73127;
3374;Bananas;5;5.35;28805;
3374;Coffee;3;8.71;28805;
3374;Apples;5;4.81;28805;
3374;Yogurt;3;7.65;28805;
3374;Chicken;3;6.96;28805;
3375;Chicken;2;5.50;49239;
3375;Milk;3;2.79;49239;
3375;Tomatoes;1;9.55;49239;
3375;Onions;3;2.28;49239;
3375;Potatoes;5;5.92;49239;
3376;Bananas;2;7.69;75525;
3376;Cheese;4;8.25;75525;
3376;Yogurt;5;1.05;75525;
3376;Sugar;2;9.41;75525;
3376;Apples;3;2.00;75525;
3376;Chicken;3;4.38;75525;
3377;Tomatoes;3;8.84;98966;
3377;Sugar;5;7.82;98966;
3377;Oranges;5;7.88;98966;
3377;Cheese;4;8.57;98966;
3377;Milk;2;8.50;98966;
3377;Chicken;4;8.57;98966;
3377;Bananas;4;2.62;98966;
3377;Cereal;2;8.50;98966;
3378;Pasta;1;9.19;96341;
3378;Yogurt;2;4.44;96341;
3378;Apples;4;1.65;96341;
3378;Bananas;5;2.29;96341;
3378;Bread;1;5.72;96341;
3378;Oranges;5;8.97;96341;
3379;Tomatoes;1;3.88;92345;
3379;Apples;4;2.56;92345;
3379;Bananas;1;6.92;92345;
3379;Oranges;1;2.97;92345;
3379;Juice;1;4.49;92345;
3380;Cereal;2;3.76;65896;
3380;Sugar;5;9.16;65896;
3380;Chicken;5;9.79;65896;
3380;Coffee;5;2.56;65896;
3380;Bread;4;8.12;65896;
3380;Butter;3;1.02;65896;
3381;Milk;4;2.61;19541;
3381;Apples;3;3.90;19541;
3381;Bananas;5;4.48;19541;
3381;Pasta;1;9.30;19541;
3381;Juice;3;2.70;19541;
3381;Yogurt;5;3.28;19541;
3382;Chicken;5;7.07;14022;
3382;Butter;4;9.00;14022;
3382;Apples;4;2.52;14022;
3382;Cheese;4;6.15;14022;
3382;Bananas;5;6.29;14022;
3382;Yogurt;2;9.29;14022;
3382;Oranges;1;2.69;14022;
3382;Eggs;5;5.45;14022;
3383;Cereal;4;3.15;77800;
3383;Butter;4;6.33;77800;
3383;Bread;2;8.40;77800;
3383;Apples;3;9.39;77800;
3383;Tomatoes;2;7.71;77800;
3383;Bananas;4;7.58;77800;
3383;Juice;2;6.39;77800;
3383;Milk;2;5.15;77800;
3384;Bread;1;7.83;91893;
3384;Oranges;4;8.27;91893;
3384;Yogurt;3;4.71;91893;
3384;Eggs;5;3.18;91893;
3384;Tea;3;2.06;91893;
3384;Coffee;4;7.85;91893;
3384;Sugar;4;1.42;91893;
3385;Coffee;3;5.11;27500;
3385;Bread;5;6.53;27500;
3385;Potatoes;4;9.19;27500;
3385;Butter;3;7.60;27500;
3385;Sugar;1;7.82;27500;
3386;Sugar;1;6.66;45480;
3386;Butter;1;7.67;45480;
3386;Oranges;3;5.78;45480;
3386;Bread;3;9.71;45480;
3386;Coffee;5;5.72;45480;
3387;Cheese;1;8.81;97306;
3387;Milk;1;1.65;97306;
3387;Oranges;4;7.39;97306;
3387;Apples;2;5.69;97306;
3387;Bananas;1;8.05;97306;
3388;Sugar;4;3.09;85640;
3388;Potatoes;2;3.49;85640;
3388;Coffee;3;1.18;85640;
3388;Chicken;3;5.66;85640;
3388;Eggs;4;3.36;85640;
3388;Butter;1;8.93;85640;
3388;Bread;3;4.86;85640;
3389;Butter;1;4.05;63394;
3389;Cereal;5;6.57;63394;
3389;Bananas;4;1.28;63394;
3389;Yogurt;5;2.43;63394;
3389;Milk;3;8.53;63394;
3390;Oranges;4;8.73;44324;
3390;Apples;4;7.97;44324;
3390;Bananas;4;6.08;44324;
3391;Tomatoes;2;5.62;81053;
3391;Cheese;3;1.32;81053;
3391;Bananas;2;2.21;81053;
3391;Pasta;3;2.43;81053;
3391;Yogurt;2;8.61;81053;
3392;Pasta;3;9.09;88230;
3392;Bananas;1;3.96;88230;
3392;Apples;2;5.49;88230;
3392;Cheese;5;3.50;88230;
3392;Tomatoes;4;1.21;88230;
3392;Chicken;3;9.09;88230;
3393;Bananas;1;2.33;70132;
3393;Sugar;5;2.78;70132;
3393;Oranges;4;1.88;70132;
3393;Bread;2;3.96;70132;
3393;Apples;5;8.08;70132;
3393;Cereal;3;2.53;70132;
3394;Apples;5;9.03;49390;
3394;Yogurt;1;7.72;49390;
3394;Bread;5;9.33;49390;
3394;Oranges;3;2.75;49390;
3394;Pasta;4;1.95;49390;
3394;Bananas;5;8.20;49390;
3395;Cereal;5;9.76;28148;
3395;Bread;4;3.17;28148;
3395;Tomatoes;2;3.55;28148;
3395;Milk;3;3.47;28148;
3395;Bananas;2;8.77;28148;
3396;Apples;3;4.05;36560;
3396;Bananas;1;3.70;36560;
3396;Onions;5;2.23;36560;
3396;Cereal;5;8.94;36560;
3396;Chicken;3;2.72;36560;
3396;Eggs;5;9.30;36560;
3396;Yogurt;1;9.55;36560;
3397;Sugar;3;1.26;75933;
3397;Juice;4;4.06;75933;
3397;Coffee;4;8.59;75933;
3397;Pasta;3;6.53;75933;
3397;Butter;3;9.00;75933;
3397;Cheese;3;5.70;75933;
3397;Tomatoes;3;2.28;75933;
3397;Tea;4;7.93;75933;
3398;Bananas;2;2.73;32230;
3398;Tomatoes;4;3.04;32230;
3398;Butter;1;6.10;32230;
3398;Pasta;1;6.77;32230;
3398;Yogurt;2;9.84;32230;
3398;Apples;4;7.75;32230;
3399;Chicken;2;7.74;41360;
3399;Tomatoes;1;4.24;41360;
3399;Oranges;5;6.07;41360;
3399;Juice;3;7.27;41360;
3399;Pasta;1;2.83;41360;
3399;Onions;3;5.60;41360;
3399;Milk;5;5.86;41360;
3399;Potatoes;2;5.09;41360;
3400;Chicken;4;7.59;39812;
3400;Tomatoes;3;2.10;39812;
3400;Onions;1;3.40;39812;
3400;Potatoes;4;9.56;39812;
3401;Pasta;2;7.37;72751;
3401;Cheese;4;7.90;72751;
3401;Tomatoes;1;6.02;72751;
3402;Tea;1;8.52;30982;
3402;Juice;1;3.35;30982;
3402;Potatoes;3;6.39;30982;
3402;Tomatoes;3;8.55;30982;
3402;Chicken;4;1.56;30982;
3402;Onions;4;6.57;30982;
3403;Tomatoes;4;4.48;58460;
3403;Cheese;5;5.07;58460;
3403;Pasta;4;3.48;58460;
3403;Onions;5;5.72;58460;
3404;Eggs;3;6.43;12888;
3404;Coffee;4;7.79;12888;
3404;Sugar;3;7.56;12888;
3404;Milk;1;9.12;12888;
3404;Tea;1;3.71;12888;
3404;Cereal;5;8.00;12888;
3405;Tomatoes;2;4.78;31989;
3405;Pasta;5;9.12;31989;
3405;Chicken;4;7.92;31989;
3405;Oranges;5;3.33;31989;
3405;Cheese;1;2.56;31989;
3405;Butter;2;7.41;31989;
3405;Eggs;5;2.82;31989;
3406;Bananas;5;2.41;40430;
3406;Juice;4;4.78;40430;
3406;Apples;1;8.47;40430;
3406;Oranges;1;7.41;40430;
3406;Onions;5;8.20;40430;
3407;Pasta;2;6.77;84569;
3407;Tomatoes;1;8.71;84569;
3407;Cheese;2;4.30;84569;
3407;Bananas;4;9.52;84569;
3408;Coffee;4;6.84;51341;
3408;Pasta;1;2.49;51341;
3408;Tomatoes;5;4.01;51341;
3408;Cheese;1;1.12;51341;
3408;Potatoes;4;8.97;51341;
3408;Milk;4;1.70;51341;
3408;Juice;4;5.28;51341;
3408;Eggs;1;9.67;51341;
3409;Apples;1;6.91;52853;
3409;Chicken;5;2.43;52853;
3409;Sugar;5;6.63;52853;
3409;Bananas;1;3.62;52853;
3409;Juice;3;9.80;52853;
3409;Oranges;2;7.23;52853;
3410;Onions;1;7.55;40811;
3410;Chicken;2;8.57;40811;
3410;Juice;2;1.34;40811;
3410;Potatoes;2;8.12;40811;
3410;Cereal;2;3.08;40811;
3410;Sugar;1;8.18;40811;
3410;Bread;3;1.09;40811;
3410;Tomatoes;1;8.07;40811;
3411;Yogurt;3;3.81;37582;
3411;Apples;3;4.73;37582;
3411;Bananas;3;1.21;37582;
3412;Oranges;3;1.62;28222;
3412;Apples;4;6.01;28222;
3412;Bananas;3;6.41;28222;
3412;Juice;1;1.16;28222;
3413;Potatoes;5;6.99;85972;
3413;Tomatoes;3;9.67;85972;
3413;Chicken;3;6.04;85972;
3413;Onions;3;5.94;85972;
3414;Coffee;5;4.37;41110;
3414;Oranges;5;6.97;41110;
3414;Sugar;1;5.54;41110;
3414;Cheese;4;8.89;41110;
3414;Bread;2;6.51;41110;
3414;Eggs;4;6.45;41110;
3414;Butter;5;4.97;41110;
3415;Bananas;5;7.33;44834;
3415;Apples;5;9.30;44834;
3415;Oranges;2;4.24;44834;
3416;Onions;3;6.58;49053;
3416;Potatoes;3;4.94;49053;
3416;Chicken;4;3.73;49053;
3416;Bread;3;1.19;49053;
3416;Tomatoes;4;4.60;49053;
3416;Eggs;5;1.40;49053;
3416;Milk;4;1.94;49053;
3416;Juice;1;3.79;49053;
3417;Oranges;5;3.19;22008;
3417;Apples;5;5.72;22008;
3417;Milk;3;3.56;22008;
3417;Bananas;3;7.62;22008;
3417;Butter;2;8.60;22008;
3418;Apples;2;4.80;67644;
3418;Bananas;3;1.81;67644;
3418;Oranges;1;3.53;67644;
3419;Coffee;1;2.62;98147;
3419;Apples;1;9.68;98147;
3419;Bread;1;2.98;98147;
3419;Juice;1;2.39;98147;
3419;Butter;2;1.59;98147;
3419;Cereal;5;1.06;98147;
3419;Sugar;4;3.71;98147;
3420;Tomatoes;2;8.49;13193;
3420;Chicken;1;3.46;13193;
3420;Bread;3;6.39;13193;
3420;Sugar;4;6.87;13193;
3420;Butter;3;5.10;13193;
3420;Cheese;3;9.64;13193;
3420;Pasta;2;4.56;13193;
3420;Coffee;1;3.70;13193;
3421;Coffee;3;1.73;11122;
3421;Tea;4;2.79;11122;
3421;Sugar;1;9.82;11122;
3422;Coffee;1;9.84;73473;
3422;Milk;1;6.84;73473;
3422;Chicken;1;9.62;73473;
3422;Juice;2;4.15;73473;
3422;Sugar;5;4.03;73473;
3422;Bread;4;3.40;73473;
3422;Butter;5;5.25;73473;
3422;Potatoes;2;5.27;73473;
3423;Onions;1;3.29;18727;
3423;Chicken;4;6.91;18727;
3423;Tomatoes;4;1.40;18727;
3423;Potatoes;1;7.26;18727;
3423;Yogurt;1;6.56;18727;
3423;Cheese;5;8.61;18727;
3423;Juice;1;3.59;18727;
3423;Pasta;2;9.71;18727;
3424;Coffee;1;7.26;33062;
3424;Sugar;3;2.93;33062;
3424;Onions;2;3.40;33062;
3424;Butter;1;9.44;33062;
3424;Bread;1;9.32;33062;
3425;Coffee;1;3.33;34575;
3425;Bananas;4;3.19;34575;
3425;Apples;5;6.88;34575;
3425;Milk;4;8.92;34575;
3425;Yogurt;3;4.85;34575;
3425;Juice;3;7.19;34575;
3425;Bread;4;9.52;34575;
3425;Oranges;3;6.99;34575;
3426;Milk;4;7.39;98373;
3426;Cereal;2;1.73;98373;
3426;Bananas;5;8.97;98373;
3426;Yogurt;5;9.66;98373;
3427;Bread;3;3.12;65917;
3427;Butter;4;3.83;65917;
3427;Sugar;2;8.84;65917;
3428;Milk;4;7.86;72524;
3428;Coffee;2;2.98;72524;
3428;Sugar;3;5.02;72524;
3428;Tea;2;1.47;72524;
3429;Juice;1;3.84;64351;
3429;Bananas;4;6.03;64351;
3429;Pasta;2;7.27;64351;
3429;Bread;5;7.80;64351;
3429;Tomatoes;2;2.91;64351;
3429;Cheese;3;6.08;64351;
3430;Bread;5;9.40;48644;
3430;Bananas;1;6.32;48644;
3430;Coffee;2;7.71;48644;
3430;Sugar;3;6.12;48644;
3430;Butter;5;9.13;48644;
3431;Apples;3;5.00;75814;
3431;Bananas;2;5.09;75814;
3431;Yogurt;5;6.69;75814;
3432;Pasta;1;8.35;75151;
3432;Cheese;1;3.97;75151;
3432;Tomatoes;3;4.04;75151;
3433;Chicken;1;9.17;38191;
3433;Cheese;1;7.87;38191;
3433;Pasta;2;8.04;38191;
3433;Juice;5;6.56;38191;
3433;Tea;4;5.56;38191;
3433;Apples;4;1.47;38191;
3433;Sugar;1;9.29;38191;
3433;Tomatoes;3;4.85;38191;
3434;Potatoes;2;1.28;29247;
3434;Sugar;3;4.75;29247;
3434;Onions;1;7.56;29247;
3434;Apples;1;1.47;29247;
3434;Bananas;3;1.97;29247;
3434;Coffee;3;7.12;29247;
3434;Oranges;4;2.95;29247;
3434;Butter;1;2.36;29247;
3435;Juice;5;5.50;57640;
3435;Cheese;1;6.80;57640;
3435;Tomatoes;2;5.53;57640;
3435;Pasta;2;3.29;57640;
3436;Potatoes;2;3.54;60684;
3436;Chicken;1;2.41;60684;
3436;Tomatoes;1;9.38;60684;
3436;Onions;2;2.72;60684;
3437;Pasta;2;7.32;77306;
3437;Bread;1;5.85;77306;
3437;Tomatoes;3;8.30;77306;
3437;Milk;5;2.29;77306;
3437;Coffee;5;2.90;77306;
3437;Chicken;5;5.48;77306;
3437;Potatoes;5;5.96;77306;
3437;Cheese;4;6.86;77306;
3438;Tea;3;3.76;34655;
3438;Chicken;4;3.12;34655;
3438;Eggs;4;1.38;34655;
3438;Potatoes;1;8.83;34655;
3438;Cheese;3;9.34;34655;
3438;Pasta;1;4.54;34655;
3438;Tomatoes;1;6.89;34655;
3438;Butter;5;8.65;34655;
3439;Onions;5;9.23;50051;
3439;Potatoes;2;1.89;50051;
3439;Tomatoes;2;6.17;50051;
3439;Chicken;3;2.70;50051;
3440;Tomatoes;1;4.81;89092;
3440;Onions;5;2.63;89092;
3440;Chicken;1;7.08;89092;
3440;Oranges;4;4.40;89092;
3440;Potatoes;5;9.61;89092;
3441;Bread;2;7.31;57060;
3441;Butter;3;4.01;57060;
3441;Juice;5;8.27;57060;
3441;Coffee;2;2.65;57060;
3441;Sugar;1;8.80;57060;
3442;Apples;2;7.35;36540;
3442;Chicken;1;5.14;36540;
3442;Tomatoes;3;6.88;36540;
3442;Pasta;2;2.55;36540;
3442;Sugar;5;5.82;36540;
3442;Bananas;5;6.44;36540;
3442;Oranges;2;6.70;36540;
3442;Juice;2;7.29;36540;
3443;Chicken;1;5.13;60028;
3443;Tomatoes;2;6.63;60028;
3443;Potatoes;2;4.33;60028;
3444;Bread;2;7.60;12647;
3444;Yogurt;5;9.15;12647;
3444;Oranges;4;1.76;12647;
3444;Cheese;2;7.46;12647;
3444;Apples;2;1.03;12647;
3444;Bananas;4;3.82;12647;
3444;Chicken;1;3.67;12647;
3445;Tea;3;7.41;35889;
3445;Eggs;5;5.72;35889;
3445;Sugar;3;2.08;35889;
3445;Apples;2;5.77;35889;
3445;Coffee;3;4.39;35889;
3446;Bananas;1;5.17;82660;
3446;Tea;2;3.52;82660;
3446;Yogurt;4;9.97;82660;
3446;Sugar;3;5.99;82660;
3446;Pasta;5;3.74;82660;
3446;Tomatoes;2;7.73;82660;
3446;Coffee;4;4.98;82660;
3446;Apples;3;4.27;82660;
3447;Chicken;4;2.35;59180;
3447;Tomatoes;2;3.85;59180;
3447;Onions;3;7.62;59180;
3447;Potatoes;2;3.25;59180;
3448;Pasta;5;3.01;49552;
3448;Tomatoes;4;5.58;49552;
3448;Juice;2;5.44;49552;
3448;Cheese;2;1.82;49552;
3449;Pasta;2;2.73;16976;
3449;Tomatoes;2;7.82;16976;
3449;Cheese;2;9.70;16976;
3450;Butter;4;4.18;96736;
3450;Cheese;1;2.49;96736;
3450;Bananas;1;1.90;96736;
3450;Sugar;1;9.08;96736;
3450;Coffee;1;2.17;96736;
3450;Bread;1;7.33;96736;
3450;Pasta;4;3.49;96736;
3450;Potatoes;5;1.95;96736;
3451;Tea;2;1.45;50480;
3451;Cereal;4;5.19;50480;
3451;Butter;3;1.64;50480;
3451;Oranges;1;7.17;50480;
3451;Cheese;2;2.52;50480;
3451;Tomatoes;5;5.26;50480;
3451;Apples;1;6.60;50480;
3451;Pasta;3;2.04;50480;
3452;Apples;2;9.01;97870;
3452;Coffee;5;2.72;97870;
3452;Oranges;3;4.32;97870;
3452;Sugar;1;6.97;97870;
3452;Tea;5;9.88;97870;
3453;Tomatoes;5;7.27;96238;
3453;Cheese;3;4.87;96238;
3453;Pasta;2;6.90;96238;
3453;Juice;4;6.73;96238;
3453;Sugar;2;7.74;96238;
3454;Bread;3;2.10;91091;
3454;Sugar;3;9.61;91091;
3454;Butter;4;7.97;91091;
3454;Potatoes;2;7.87;91091;
3454;Coffee;3;3.87;91091;
3455;Coffee;2;3.17;68040;
3455;Bananas;4;5.24;68040;
3455;Oranges;3;7.69;68040;
3455;Apples;2;3.19;68040;
3455;Sugar;2;9.76;68040;
3455;Eggs;4;1.61;68040;
3456;Onions;1;1.46;83697;
3456;Chicken;4;1.13;83697;
3456;Tomatoes;1;2.99;83697;
3457;Bread;3;4.64;29189;
3457;Onions;1;1.70;29189;
3457;Cheese;4;2.52;29189;
3457;Cereal;4;1.37;29189;
3457;Milk;5;6.51;29189;
3457;Bananas;2;6.44;29189;
3458;Coffee;1;4.31;49264;
3458;Cheese;5;5.92;49264;
3458;Bread;1;2.35;49264;
3458;Oranges;3;9.28;49264;
3458;Butter;2;2.11;49264;
3458;Sugar;5;4.99;49264;
3458;Tea;5;9.30;49264;
3459;Butter;4;4.00;29751;
3459;Bread;2;7.17;29751;
3459;Sugar;4;4.04;29751;
3459;Potatoes;5;7.92;29751;
3459;Chicken;3;8.51;29751;
3459;Coffee;4;6.54;29751;
3460;Juice;4;2.54;21620;
3460;Cheese;5;1.84;21620;
3460;Milk;4;3.00;21620;
3460;Pasta;5;3.66;21620;
3460;Oranges;2;9.80;21620;
3460;Sugar;2;8.89;21620;
3460;Tomatoes;5;6.07;21620;
3461;Chicken;5;7.58;33209;
3461;Onions;5;3.45;33209;
3461;Tomatoes;1;2.07;33209;
3461;Coffee;4;2.80;33209;
3461;Potatoes;5;3.50;33209;
3462;Potatoes;3;8.92;21381;
3462;Onions;1;2.34;21381;
3462;Eggs;3;2.50;21381;
3462;Tomatoes;1;1.46;21381;
3462;Coffee;5;4.13;21381;
3462;Chicken;5;4.44;21381;
3463;Apples;2;4.36;91421;
3463;Bananas;1;8.96;91421;
3463;Tea;5;6.35;91421;
3463;Oranges;5;1.78;91421;
3464;Tea;1;4.61;64763;
3464;Sugar;3;6.12;64763;
3464;Coffee;4;6.64;64763;
3465;Chicken;3;3.75;76322;
3465;Yogurt;4;2.45;76322;
3465;Tomatoes;5;8.68;76322;
3465;Onions;2;8.57;76322;
3465;Potatoes;5;3.70;76322;
3465;Oranges;5;6.01;76322;
3466;Butter;2;5.50;31104;
3466;Bananas;4;2.53;31104;
3466;Tea;3;2.15;31104;
3466;Coffee;5;7.36;31104;
3466;Sugar;1;9.18;31104;
3466;Pasta;1;4.33;31104;
3466;Potatoes;4;7.22;31104;
3466;Onions;3;3.79;31104;
3467;Bananas;4;4.90;21408;
3467;Tomatoes;1;3.91;21408;
3467;Cheese;4;7.09;21408;
3467;Pasta;2;9.38;21408;
3468;Cheese;3;2.44;53138;
3468;Yogurt;2;3.61;53138;
3468;Apples;3;2.37;53138;
3468;Potatoes;5;3.90;53138;
3468;Milk;3;9.62;53138;
3468;Tea;4;7.20;53138;
3468;Bananas;2;1.67;53138;
3469;Potatoes;4;4.05;82768;
3469;Butter;1;2.45;82768;
3469;Juice;4;9.37;82768;
3469;Eggs;4;9.97;82768;
3469;Bread;1;1.69;82768;
3469;Coffee;3;5.06;82768;
3469;Sugar;2;5.23;82768;
3470;Tomatoes;2;9.17;32548;
3470;Cheese;2;5.62;32548;
3470;Tea;5;8.91;32548;
3470;Milk;1;5.00;32548;
3470;Oranges;3;2.04;32548;
3470;Cereal;4;6.95;32548;
3470;Bananas;3;3.27;32548;
3470;Apples;2;7.20;32548;
3471;Pasta;2;1.41;20741;
3471;Tomatoes;4;2.96;20741;
3471;Cheese;2;5.69;20741;
3472;Tomatoes;5;5.21;36430;
3472;Potatoes;3;4.39;36430;
3472;Onions;3;3.24;36430;
3472;Chicken;5;9.15;36430;
3472;Oranges;5;8.92;36430;
3472;Apples;5;1.11;36430;
3473;Sugar;2;2.81;55614;
3473;Coffee;1;5.45;55614;
3473;Tea;1;2.50;55614;
3474;Bananas;4;8.40;52244;
3474;Apples;5;4.38;52244;
3474;Potatoes;5;8.11;52244;
3474;Oranges;2;6.27;52244;
3475;Onions;3;6.70;58101;
3475;Tea;2;8.71;58101;
3475;Juice;4;3.96;58101;
3475;Sugar;1;9.20;58101;
3475;Cereal;3;5.31;58101;
3475;Coffee;5;1.91;58101;
3476;Butter;2;1.33;62015;
3476;Coffee;5;7.65;62015;
3476;Cheese;5;9.81;62015;
3476;Sugar;5;7.89;62015;
3476;Tea;5;7.99;62015;
3477;Tea;3;5.46;60028;
3477;Butter;2;5.94;60028;
3477;Coffee;1;9.12;60028;
3477;Bananas;4;6.20;60028;
3477;Yogurt;5;2.63;60028;
3477;Sugar;1;7.04;60028;
3477;Apples;5;9.03;60028;
3478;Tea;3;8.79;35880;
3478;Bread;2;7.68;35880;
3478;Oranges;4;9.51;35880;
3478;Bananas;5;9.50;35880;
3478;Juice;3;9.95;35880;
3478;Apples;1;5.18;35880;
3479;Sugar;4;5.07;65898;
3479;Apples;1;5.33;65898;
3479;Tea;4;1.48;65898;
3479;Coffee;5;4.26;65898;
3480;Pasta;2;4.43;98244;
3480;Sugar;1;4.66;98244;
3480;Butter;5;2.53;98244;
3480;Coffee;3;2.20;98244;
3480;Bread;2;5.96;98244;
3481;Tomatoes;1;3.99;60672;
3481;Pasta;5;5.64;60672;
3481;Juice;3;4.66;60672;
3481;Oranges;4;2.50;60672;
3481;Milk;4;9.43;60672;
3481;Bananas;1;6.26;60672;
3481;Cereal;3;9.83;60672;
3481;Bread;4;1.61;60672;
3482;Cheese;3;3.10;97498;
3482;Tomatoes;4;3.10;97498;
3482;Pasta;2;1.96;97498;
3483;Butter;1;8.57;63006;
3483;Oranges;3;3.35;63006;
3483;Bananas;4;6.04;63006;
3483;Juice;5;2.97;63006;
3483;Cereal;1;8.52;63006;
3483;Tea;3;5.06;63006;
3483;Apples;4;1.80;63006;
3483;Bread;5;9.00;63006;
3484;Tomatoes;1;5.17;42647;
3484;Coffee;5;1.09;42647;
3484;Potatoes;2;3.69;42647;
3484;Pasta;2;6.09;42647;
3484;Milk;1;6.62;42647;
3484;Onions;5;8.87;42647;
3484;Chicken;5;4.62;42647;
3485;Coffee;5;4.08;61613;
3485;Sugar;1;2.82;61613;
3485;Bread;2;1.88;61613;
3485;Apples;5;8.55;61613;
3485;Butter;3;1.18;61613;
3486;Yogurt;3;8.87;87961;
3486;Tea;5;3.48;87961;
3486;Tomatoes;3;9.53;87961;
3486;Sugar;2;2.82;87961;
3486;Coffee;4;7.89;87961;
3487;Sugar;5;5.57;22051;
3487;Tomatoes;2;2.36;22051;
3487;Tea;3;3.18;22051;
3487;Coffee;2;4.08;22051;
3488;Pasta;2;7.25;27896;
3488;Sugar;5;7.77;27896;
3488;Coffee;1;8.67;27896;
3488;Apples;2;5.82;27896;
3488;Tea;3;1.26;27896;
3489;Bread;4;5.41;37807;
3489;Apples;4;8.45;37807;
3489;Yogurt;4;9.28;37807;
3489;Sugar;4;6.52;37807;
3489;Tea;3;6.94;37807;
3489;Coffee;5;6.12;37807;
3489;Bananas;3;5.55;37807;
3490;Tomatoes;2;3.38;56147;
3490;Pasta;1;8.29;56147;
3490;Butter;3;1.80;56147;
3490;Eggs;3;4.14;56147;
3490;Cheese;1;6.55;56147;
3490;Coffee;3;6.50;56147;
3491;Milk;5;8.44;48040;
3491;Bananas;1;1.11;48040;
3491;Onions;3;4.18;48040;
3491;Tea;3;5.66;48040;
3491;Cereal;4;9.25;48040;
3492;Cereal;1;4.15;88853;
3492;Onions;5;3.04;88853;
3492;Milk;2;2.44;88853;
3492;Bananas;4;4.11;88853;
3492;Coffee;3;3.94;88853;
3492;Potatoes;1;9.05;88853;
3493;Yogurt;5;2.16;14190;
3493;Apples;1;9.12;14190;
3493;Bananas;3;5.96;14190;
3493;Oranges;2;6.82;14190;
3494;Cheese;3;9.42;25616;
3494;Tomatoes;1;3.28;25616;
3494;Pasta;5;6.75;25616;
3495;Tomatoes;5;4.09;76576;
3495;Milk;2;3.62;76576;
3495;Bread;2;4.38;76576;
3495;Chicken;2;4.94;76576;
3495;Coffee;4;4.62;76576;
3495;Butter;3;9.80;76576;
3495;Sugar;3;7.53;76576;
3495;Tea;3;5.34;76576;
3496;Cereal;2;4.19;61229;
3496;Oranges;3;5.47;61229;
3496;Juice;1;5.44;61229;
3496;Tea;1;1.83;61229;
3496;Coffee;5;2.75;61229;
3496;Sugar;2;5.50;61229;
3497;Bananas;5;7.47;39489;
3497;Cereal;1;7.99;39489;
3497;Onions;2;2.74;39489;
3497;Potatoes;2;9.46;39489;
3497;Milk;3;7.28;39489;
3497;Eggs;1;2.04;39489;
3498;Cereal;5;5.68;53741;
3498;Yogurt;1;4.22;53741;
3498;Bananas;1;3.05;53741;
3498;Oranges;4;8.17;53741;
3498;Milk;1;8.04;53741;
3498;Apples;1;9.59;53741;
3498;Tomatoes;5;3.07;53741;
3499;Apples;3;4.48;70078;
3499;Yogurt;3;2.26;70078;
3499;Bananas;5;9.15;70078;
3500;Butter;2;9.58;18627;
3500;Apples;1;4.26;18627;
3500;Bananas;1;1.80;18627;
3500;Yogurt;3;3.87;18627;
3501;Bananas;3;8.98;28298;
3501;Oranges;3;3.74;28298;
3501;Tomatoes;5;4.14;28298;
3501;Milk;3;4.03;28298;
3501;Sugar;1;6.50;28298;
3501;Apples;5;4.27;28298;
3501;Pasta;1;4.36;28298;
3502;Onions;5;4.35;21311;
3502;Sugar;5;8.96;21311;
3502;Coffee;4;2.67;21311;
3502;Bread;4;1.11;21311;
3502;Chicken;3;1.62;21311;
3502;Butter;4;5.06;21311;
3503;Cereal;3;6.27;26264;
3503;Milk;3;9.19;26264;
3503;Bananas;2;2.53;26264;
3504;Sugar;4;2.14;58800;
3504;Oranges;2;3.91;58800;
3504;Apples;2;1.93;58800;
3504;Tea;1;3.36;58800;
3504;Bananas;4;6.89;58800;
3505;Chicken;5;5.32;43988;
3505;Potatoes;4;5.87;43988;
3505;Coffee;1;4.44;43988;
3505;Tea;2;7.10;43988;
3505;Sugar;5;6.10;43988;
3505;Eggs;1;1.75;43988;
3505;Oranges;2;8.21;43988;
3506;Coffee;5;5.62;16148;
3506;Sugar;2;1.22;16148;
3506;Tea;1;6.48;16148;
3507;Sugar;3;2.30;42154;
3507;Chicken;1;5.59;42154;
3507;Butter;2;4.66;42154;
3507;Coffee;4;3.50;42154;
3507;Bread;5;2.72;42154;
3508;Cereal;4;6.79;34823;
3508;Apples;5;6.17;34823;
3508;Tea;2;1.99;34823;
3508;Oranges;5;1.86;34823;
3508;Bananas;3;1.76;34823;
3508;Tomatoes;1;6.84;34823;
3508;Milk;3;8.22;34823;
3509;Bananas;1;5.79;29791;
3509;Cereal;2;7.03;29791;
3509;Pasta;5;5.73;29791;
3509;Yogurt;2;1.69;29791;
3509;Milk;4;8.79;29791;
3509;Oranges;5;5.10;29791;
3509;Butter;5;1.08;29791;
3510;Apples;2;8.74;63668;
3510;Yogurt;5;6.18;63668;
3510;Bananas;2;5.71;63668;
3510;Potatoes;5;5.42;63668;
3511;Coffee;1;2.68;13097;
3511;Bread;2;7.88;13097;
3511;Yogurt;3;1.51;13097;
3511;Milk;4;2.59;13097;
3511;Sugar;1;1.43;13097;
3511;Butter;1;4.48;13097;
3511;Potatoes;1;7.83;13097;
3512;Onions;5;6.13;56960;
3512;Chicken;4;5.53;56960;
3512;Tomatoes;4;8.60;56960;
3512;Potatoes;1;9.07;56960;
3513;Cereal;4;3.67;83727;
3513;Milk;4;1.91;83727;
3513;Bananas;1;4.16;83727;
3514;Juice;2;2.63;26787;
3514;Yogurt;1;2.26;26787;
3514;Apples;1;7.46;26787;
3514;Bananas;1;9.59;26787;
3515;Oranges;3;7.72;80959;
3515;Sugar;2;7.68;80959;
3515;Milk;1;4.79;80959;
3515;Butter;4;2.91;80959;
3515;Coffee;3;6.11;80959;
3515;Tea;5;1.01;80959;
3516;Tomatoes;1;6.92;62625;
3516;Bananas;3;5.71;62625;
3516;Coffee;2;6.83;62625;
3516;Pasta;3;3.85;62625;
3516;Onions;1;2.43;62625;
3516;Chicken;2;5.32;62625;
3516;Potatoes;4;6.13;62625;
3516;Yogurt;4;6.45;62625;
3517;Milk;4;3.22;82766;
3517;Bananas;2;2.89;82766;
3517;Yogurt;1;7.73;82766;
3517;Cereal;2;8.30;82766;
3517;Cheese;2;7.73;82766;
3517;Oranges;3;2.45;82766;
3517;Apples;1;9.49;82766;
3518;Butter;1;1.67;37478;
3518;Potatoes;1;1.40;37478;
3518;Milk;1;8.54;37478;
3518;Juice;4;3.00;37478;
3518;Pasta;2;4.27;37478;
3518;Sugar;3;7.32;37478;
3518;Coffee;3;8.12;37478;
3518;Bread;5;1.41;37478;
3519;Onions;2;9.64;28553;
3519;Juice;3;2.01;28553;
3519;Tomatoes;1;3.45;28553;
3519;Chicken;5;3.12;28553;
3519;Apples;5;8.37;28553;
3519;Potatoes;5;8.06;28553;
3520;Bananas;1;3.92;41164;
3520;Juice;4;7.96;41164;
3520;Oranges;3;5.21;41164;
3520;Eggs;2;3.25;41164;
3520;Apples;3;8.81;41164;
3521;Bananas;1;7.78;59018;
3521;Yogurt;5;8.56;59018;
3521;Apples;5;8.60;59018;
3522;Tomatoes;1;3.90;86687;
3522;Chicken;4;2.30;86687;
3522;Potatoes;2;2.10;86687;
3522;Onions;5;1.29;86687;
3522;Butter;4;1.62;86687;
3523;Sugar;1;1.90;22867;
3523;Pasta;4;8.16;22867;
3523;Tomatoes;5;1.72;22867;
3523;Yogurt;2;5.00;22867;
3523;Eggs;3;8.36;22867;
3523;Bananas;5;4.03;22867;
3523;Cheese;2;5.44;22867;
3523;Chicken;1;1.98;22867;
3524;Cereal;1;3.01;19886;
3524;Milk;1;6.28;19886;
3524;Potatoes;3;5.78;19886;
3524;Cheese;4;5.54;19886;
3524;Sugar;5;1.20;19886;
3524;Coffee;3;7.12;19886;
3524;Bananas;5;8.29;19886;
3524;Tomatoes;1;5.14;19886;
3525;Apples;3;2.59;71784;
3525;Chicken;3;2.62;71784;
3525;Oranges;2;3.51;71784;
3525;Bananas;1;6.95;71784;
3525;Coffee;4;9.19;71784;
3525;Juice;5;9.23;71784;
3525;Pasta;2;8.47;71784;
3526;Sugar;5;6.19;12897;
3526;Coffee;1;4.99;12897;
3526;Tea;3;9.12;12897;
3527;Oranges;5;5.06;69816;
3527;Bread;1;4.54;69816;
3527;Sugar;4;8.46;69816;
3527;Cereal;5;9.96;69816;
3527;Juice;4;5.66;69816;
3527;Butter;2;8.43;69816;
3527;Coffee;2;2.14;69816;
3527;Eggs;5;4.34;69816;
3528;Sugar;3;9.74;39532;
3528;Coffee;3;7.33;39532;
3528;Bread;5;8.33;39532;
3529;Tomatoes;3;9.57;40365;
3529;Onions;4;3.93;40365;
3529;Potatoes;2;3.84;40365;
3529;Bread;5;7.85;40365;
3529;Chicken;5;1.70;40365;
3530;Coffee;3;6.67;41905;
3530;Bananas;1;2.63;41905;
3530;Oranges;2;3.01;41905;
3530;Eggs;4;8.77;41905;
3530;Apples;2;1.51;41905;
3531;Pasta;1;9.13;50343;
3531;Eggs;5;2.70;50343;
3531;Potatoes;2;9.10;50343;
3531;Onions;4;8.60;50343;
3531;Tomatoes;1;9.69;50343;
3531;Cheese;1;3.94;50343;
3532;Cheese;3;5.50;25129;
3532;Butter;2;5.14;25129;
3532;Pasta;4;7.74;25129;
3532;Tomatoes;4;5.83;25129;
3533;Coffee;4;7.35;93569;
3533;Tea;4;7.36;93569;
3533;Sugar;1;5.35;93569;
3534;Apples;1;4.22;89345;
3534;Tomatoes;4;8.28;89345;
3534;Oranges;3;7.74;89345;
3534;Yogurt;4;8.42;89345;
3534;Coffee;3;8.57;89345;
3534;Bananas;2;9.19;89345;
3534;Potatoes;3;1.19;89345;
3535;Eggs;2;4.80;76435;
3535;Sugar;2;9.52;76435;
3535;Coffee;1;1.23;76435;
3535;Oranges;1;8.89;76435;
3535;Milk;1;1.87;76435;
3535;Tomatoes;1;9.71;76435;
3535;Bread;3;5.68;76435;
3535;Butter;3;9.88;76435;
3536;Bananas;4;5.56;41770;
3536;Oranges;4;8.62;41770;
3536;Butter;4;6.38;41770;
3536;Tea;3;6.86;41770;
3536;Apples;2;9.89;41770;
3537;Onions;5;5.38;99412;
3537;Chicken;4;8.86;99412;
3537;Tomatoes;4;9.18;99412;
3537;Potatoes;4;7.35;99412;
3538;Bananas;3;6.54;69084;
3538;Oranges;1;6.83;69084;
3538;Apples;1;7.07;69084;
3538;Tomatoes;3;8.69;69084;
3538;Yogurt;1;8.07;69084;
3539;Oranges;2;4.51;27944;
3539;Apples;2;2.08;27944;
3539;Coffee;5;5.84;27944;
3539;Bananas;5;3.16;27944;
3539;Juice;2;8.84;27944;
3540;Tomatoes;2;9.09;41644;
3540;Potatoes;1;3.97;41644;
3540;Chicken;3;7.44;41644;
3540;Onions;4;7.33;41644;
3541;Eggs;4;4.08;66049;
3541;Tea;5;3.99;66049;
3541;Tomatoes;1;6.95;66049;
3541;Pasta;2;6.04;66049;
3541;Cheese;5;7.13;66049;
3542;Bread;4;1.01;94678;
3542;Milk;1;6.56;94678;
3542;Cereal;3;3.92;94678;
3542;Onions;3;5.16;94678;
3542;Oranges;5;5.36;94678;
3542;Bananas;3;7.80;94678;
3542;Eggs;1;2.53;94678;
3543;Coffee;3;5.27;62100;
3543;Apples;3;9.17;62100;
3543;Pasta;4;7.87;62100;
3543;Cheese;5;9.36;62100;
3543;Butter;1;2.30;62100;
3543;Bread;2;2.49;62100;
3543;Bananas;5;1.19;62100;
3543;Tomatoes;4;6.85;62100;
3544;Cheese;4;4.47;37948;
3544;Juice;5;5.94;37948;
3544;Chicken;5;7.91;37948;
3544;Tomatoes;3;3.02;37948;
3544;Bread;3;7.99;37948;
3544;Yogurt;1;6.77;37948;
3544;Pasta;3;6.09;37948;
3544;Onions;1;8.42;37948;
3545;Coffee;1;7.14;20327;
3545;Bread;2;1.27;20327;
3545;Butter;4;4.96;20327;
3546;Yogurt;2;1.78;70771;
3546;Cheese;3;7.18;70771;
3546;Onions;5;1.55;70771;
3546;Tomatoes;3;7.29;70771;
3546;Pasta;4;7.86;70771;
3547;Tomatoes;5;8.00;95564;
3547;Oranges;1;5.92;95564;
3547;Apples;3;3.04;95564;
3547;Juice;4;4.83;95564;
3547;Bananas;2;1.68;95564;
3547;Cereal;1;1.94;95564;
3548;Chicken;5;9.76;33980;
3548;Bananas;1;4.04;33980;
3548;Cereal;3;1.11;33980;
3548;Milk;5;5.10;33980;
3548;Bread;4;8.70;33980;
3549;Coffee;1;8.63;19362;
3549;Juice;3;6.27;19362;
3549;Butter;3;4.14;19362;
3549;Bread;3;1.09;19362;
3549;Sugar;2;1.36;19362;
3550;Coffee;5;4.50;29093;
3550;Butter;4;1.76;29093;
3550;Sugar;5;8.55;29093;
3550;Bread;3;6.21;29093;
3551;Cheese;4;5.81;26672;
3551;Cereal;1;9.32;26672;
3551;Eggs;3;5.67;26672;
3551;Potatoes;2;5.01;26672;
3551;Tomatoes;2;7.47;26672;
3551;Pasta;5;6.81;26672;
3551;Butter;5;6.13;26672;
3552;Tomatoes;5;6.50;75695;
3552;Onions;2;6.73;75695;
3552;Chicken;4;5.28;75695;
3553;Butter;5;8.03;99311;
3553;Tea;1;6.60;99311;
3553;Chicken;3;7.58;99311;
3553;Potatoes;2;4.00;99311;
3553;Apples;4;4.78;99311;
3553;Oranges;2;6.31;99311;
3553;Bananas;3;1.20;99311;
3553;Eggs;2;1.94;99311;
3554;Oranges;5;5.58;69581;
3554;Apples;3;5.35;69581;
3554;Yogurt;1;6.03;69581;
3554;Butter;2;2.75;69581;
3554;Bananas;2;9.13;69581;
3555;Chicken;5;9.26;47910;
3555;Potatoes;5;2.61;47910;
3555;Onions;2;7.36;47910;
3555;Tomatoes;4;8.19;47910;
3555;Juice;4;8.39;47910;
3556;Apples;2;3.76;75357;
3556;Yogurt;1;2.88;75357;
3556;Bananas;4;9.76;75357;
3557;Chicken;3;2.58;14696;
3557;Juice;3;5.35;14696;
3557;Yogurt;4;5.54;14696;
3557;Pasta;1;4.15;14696;
3557;Eggs;1;2.38;14696;
3557;Apples;3;1.14;14696;
3557;Sugar;1;8.92;14696;
3557;Bananas;3;8.57;14696;
3558;Potatoes;5;7.72;81469;
3558;Pasta;2;2.57;81469;
3558;Cheese;5;2.15;81469;
3558;Yogurt;1;6.18;81469;
3558;Milk;2;6.25;81469;
3558;Coffee;5;5.33;81469;
3558;Tomatoes;5;9.60;81469;
3559;Sugar;5;9.71;27690;
3559;Coffee;1;3.64;27690;
3559;Tea;1;4.36;27690;
3559;Butter;2;3.88;27690;
3560;Apples;5;8.50;80186;
3560;Oranges;5;3.25;80186;
3560;Bananas;1;3.88;80186;
3561;Bread;3;8.06;75649;
3561;Bananas;3;4.19;75649;
3561;Cereal;2;2.37;75649;
3561;Milk;4;5.66;75649;
3562;Sugar;1;3.45;43803;
3562;Oranges;1;3.49;43803;
3562;Milk;2;4.03;43803;
3562;Bananas;5;3.93;43803;
3562;Coffee;2;5.46;43803;
3562;Cereal;1;3.34;43803;
3563;Apples;5;7.17;19557;
3563;Tea;3;3.00;19557;
3563;Coffee;4;4.58;19557;
3563;Potatoes;4;6.52;19557;
3563;Pasta;4;9.76;19557;
3563;Sugar;4;7.91;19557;
3563;Juice;3;2.30;19557;
3563;Yogurt;1;6.93;19557;
3564;Apples;5;7.23;15613;
3564;Oranges;2;8.49;15613;
3564;Bananas;4;5.20;15613;
3564;Bread;2;1.12;15613;
3564;Juice;1;3.92;15613;
3564;Tea;2;7.51;15613;
3564;Yogurt;3;6.82;15613;
3565;Apples;4;2.34;23675;
3565;Cheese;2;5.35;23675;
3565;Eggs;1;3.11;23675;
3565;Chicken;1;5.55;23675;
3565;Bananas;1;5.86;23675;
3565;Oranges;3;3.54;23675;
3566;Bananas;4;9.56;22304;
3566;Cereal;2;8.37;22304;
3566;Tea;5;4.08;22304;
3566;Milk;3;3.05;22304;
3567;Apples;5;4.95;93395;
3567;Eggs;4;2.50;93395;
3567;Pasta;4;6.77;93395;
3567;Tomatoes;3;4.49;93395;
3567;Tea;3;8.70;93395;
3567;Cheese;2;7.25;93395;
3567;Yogurt;3;3.65;93395;
3567;Bananas;5;4.92;93395;
3568;Coffee;4;9.96;79415;
3568;Sugar;3;7.87;79415;
3568;Oranges;2;7.69;79415;
3568;Onions;1;5.22;79415;
3568;Pasta;2;5.20;79415;
3568;Tea;2;4.18;79415;
3568;Potatoes;1;8.96;79415;
3569;Potatoes;2;7.23;34470;
3569;Chicken;1;2.21;34470;
3569;Tomatoes;4;8.40;34470;
3570;Apples;1;4.73;70631;
3570;Potatoes;1;2.13;70631;
3570;Sugar;2;8.50;70631;
3570;Coffee;3;4.62;70631;
3570;Tea;4;8.26;70631;
3570;Chicken;2;6.68;70631;
3571;Pasta;5;6.41;44849;
3571;Apples;2;6.70;44849;
3571;Cheese;2;1.42;44849;
3571;Tomatoes;4;7.04;44849;
3572;Coffee;5;9.05;65220;
3572;Bread;2;5.43;65220;
3572;Sugar;2;1.18;65220;
3573;Tomatoes;3;3.32;56878;
3573;Pasta;5;6.19;56878;
3573;Chicken;5;4.29;56878;
3573;Tea;4;3.28;56878;
3573;Cheese;2;5.66;56878;
3573;Eggs;3;8.95;56878;
3573;Bananas;5;2.13;56878;
3573;Oranges;3;7.04;56878;
3574;Pasta;1;5.13;76141;
3574;Cheese;3;9.76;76141;
3574;Tomatoes;1;8.66;76141;
3575;Cereal;2;5.52;53130;
3575;Chicken;1;2.94;53130;
3575;Apples;1;7.18;53130;
3575;Tea;1;4.90;53130;
3575;Bananas;3;1.69;53130;
3575;Sugar;2;5.76;53130;
3575;Oranges;2;1.85;53130;
3576;Oranges;4;3.13;32862;
3576;Juice;1;4.44;32862;
3576;Milk;5;6.35;32862;
3576;Bananas;2;6.04;32862;
3576;Apples;2;4.84;32862;
3577;Pasta;4;2.05;68095;
3577;Bread;2;5.87;68095;
3577;Cheese;1;5.17;68095;
3577;Tomatoes;2;9.87;68095;
3577;Oranges;3;8.06;68095;
3577;Chicken;5;4.72;68095;
3578;Milk;2;3.14;45332;
3578;Bananas;1;7.69;45332;
3578;Cereal;2;5.20;45332;
3579;Apples;1;8.56;11390;
3579;Bananas;5;2.57;11390;
3579;Yogurt;3;2.27;11390;
3580;Tomatoes;3;5.51;14006;
3580;Chicken;4;1.02;14006;
3580;Onions;1;1.58;14006;
3580;Potatoes;5;4.52;14006;
3581;Tea;2;3.56;82661;
3581;Sugar;4;4.60;82661;
3581;Bread;1;2.23;82661;
3581;Coffee;5;5.91;82661;
3581;Eggs;5;1.40;82661;
3582;Butter;3;9.76;23858;
3582;Sugar;5;9.01;23858;
3582;Bread;1;9.31;23858;
3582;Coffee;2;1.05;23858;
3583;Yogurt;4;7.72;15289;
3583;Apples;2;8.87;15289;
3583;Bread;2;2.54;15289;
3583;Cheese;4;5.27;15289;
3583;Bananas;4;4.43;15289;
3583;Oranges;2;2.61;15289;
3584;Bread;1;3.28;16163;
3584;Sugar;1;4.47;16163;
3584;Butter;5;8.48;16163;
3585;Bread;4;6.26;10905;
3585;Sugar;5;8.82;10905;
3585;Apples;4;2.32;10905;
3585;Tea;5;5.79;10905;
3585;Chicken;5;8.14;10905;
3585;Yogurt;3;2.81;10905;
3585;Tomatoes;3;2.71;10905;
3585;Bananas;4;9.85;10905;
3586;Tomatoes;3;9.93;13780;
3586;Potatoes;4;3.87;13780;
3586;Chicken;5;9.90;13780;
3587;Bread;4;9.57;83363;
3587;Cheese;5;8.41;83363;
3587;Potatoes;2;5.23;83363;
3587;Tomatoes;1;2.04;83363;
3587;Oranges;1;6.86;83363;
3587;Pasta;2;1.11;83363;
3587;Milk;2;6.81;83363;
3588;Bananas;2;7.16;37691;
3588;Oranges;2;7.95;37691;
3588;Apples;2;3.96;37691;
3589;Bananas;1;9.60;11558;
3589;Yogurt;4;5.43;11558;
3589;Coffee;5;3.23;11558;
3589;Apples;4;4.37;11558;
3589;Tomatoes;4;9.85;11558;
3590;Sugar;2;3.42;56944;
3590;Coffee;5;4.16;56944;
3590;Butter;1;1.01;56944;
3590;Bread;2;6.58;56944;
3591;Potatoes;2;2.49;14522;
3591;Cheese;5;4.83;14522;
3591;Tea;1;1.38;14522;
3591;Chicken;2;3.08;14522;
3591;Tomatoes;2;4.37;14522;
3591;Coffee;1;3.89;14522;
3591;Yogurt;4;5.60;14522;
3591;Onions;5;3.26;14522;
3592;Chicken;3;5.13;12610;
3592;Potatoes;3;3.23;12610;
3592;Onions;3;2.75;12610;
3592;Tomatoes;5;4.17;12610;
3593;Potatoes;4;1.75;21422;
3593;Tea;1;6.07;21422;
3593;Coffee;3;2.67;21422;
3593;Sugar;3;5.24;21422;
3594;Bananas;3;1.00;84036;
3594;Milk;1;8.00;84036;
3594;Butter;5;1.34;84036;
3594;Sugar;1;5.08;84036;
3594;Onions;1;9.96;84036;
3594;Bread;4;6.53;84036;
3594;Coffee;5;6.17;84036;
3594;Yogurt;4;5.58;84036;
3595;Bananas;4;9.97;51365;
3595;Cereal;2;9.81;51365;
3595;Milk;4;2.98;51365;
3596;Cheese;2;8.40;83541;
3596;Cereal;3;3.08;83541;
3596;Potatoes;2;1.26;83541;
3596;Bananas;3;1.55;83541;
3596;Pasta;5;3.27;83541;
3596;Milk;1;5.82;83541;
3597;Onions;4;9.25;41264;
3597;Milk;3;8.29;41264;
3597;Tea;5;3.75;41264;
3597;Cereal;1;3.12;41264;
3597;Eggs;5;5.00;41264;
3597;Bread;4;6.57;41264;
3597;Bananas;3;8.15;41264;
3597;Juice;3;8.42;41264;
3598;Butter;2;1.10;95677;
3598;Apples;1;2.46;95677;
3598;Yogurt;3;4.59;95677;
3598;Bananas;5;4.90;95677;
3599;Bread;5;1.99;57988;
3599;Eggs;2;7.08;57988;
3599;Tea;1;8.87;57988;
3599;Sugar;4;8.94;57988;
3599;Coffee;4;1.94;57988;
3599;Butter;1;9.16;57988;
3600;Yogurt;4;6.11;80361;
3600;Bananas;4;6.52;80361;
3600;Apples;4;4.92;80361;
3600;Onions;1;3.93;80361;
3601;Coffee;2;7.35;60762;
3601;Sugar;3;1.33;60762;
3601;Milk;3;3.98;60762;
3601;Tea;3;2.39;60762;
3601;Eggs;5;6.34;60762;
3601;Potatoes;4;6.95;60762;
3601;Bread;1;7.11;60762;
3602;Yogurt;3;4.02;26578;
3602;Juice;4;4.24;26578;
3602;Coffee;1;8.26;26578;
3602;Tea;4;5.59;26578;
3602;Tomatoes;3;5.99;26578;
3602;Sugar;1;1.87;26578;
3602;Apples;1;5.99;26578;
3602;Bananas;5;4.00;26578;
3603;Oranges;2;2.07;59176;
3603;Bananas;2;5.55;59176;
3603;Cereal;4;1.70;59176;
3603;Sugar;2;9.94;59176;
3603;Apples;4;2.38;59176;
3604;Tea;5;5.32;24804;
3604;Coffee;3;3.50;24804;
3604;Sugar;2;8.53;24804;
3605;Pasta;4;8.99;24924;
3605;Tomatoes;3;1.99;24924;
3605;Cheese;5;9.99;24924;
3606;Sugar;1;5.02;75936;
3606;Cereal;5;1.39;75936;
3606;Bananas;5;6.05;75936;
3606;Juice;2;6.53;75936;
3606;Onions;3;2.93;75936;
3606;Coffee;5;2.53;75936;
3606;Milk;4;1.15;75936;
3607;Apples;5;6.95;69940;
3607;Oranges;3;6.36;69940;
3607;Bananas;1;2.87;69940;
3607;Tea;4;8.32;69940;
3608;Bananas;2;4.96;73120;
3608;Cereal;2;1.26;73120;
3608;Milk;2;6.78;73120;
3608;Juice;3;1.00;73120;
3608;Yogurt;1;4.55;73120;
3608;Bread;4;4.49;73120;
3608;Potatoes;5;6.34;73120;
3608;Pasta;1;8.68;73120;
3609;Bananas;2;2.38;48026;
3609;Tomatoes;5;7.35;48026;
3609;Milk;2;3.45;48026;
3609;Yogurt;1;6.72;48026;
3609;Cheese;2;2.08;48026;
3609;Pasta;3;5.68;48026;
3609;Cereal;1;9.32;48026;
3609;Bread;1;1.77;48026;
3610;Milk;5;9.35;45930;
3610;Chicken;5;7.96;45930;
3610;Yogurt;5;6.92;45930;
3610;Cereal;5;1.20;45930;
3610;Bananas;5;4.75;45930;
3611;Tomatoes;2;7.86;33331;
3611;Pasta;5;3.69;33331;
3611;Juice;5;3.90;33331;
3611;Onions;1;6.26;33331;
3611;Cheese;4;7.49;33331;
3612;Tea;3;6.12;22589;
3612;Sugar;3;9.17;22589;
3612;Cheese;1;4.34;22589;
3612;Coffee;2;1.88;22589;
3612;Butter;1;1.65;22589;
3612;Bread;3;1.93;22589;
3613;Milk;3;6.05;55652;
3613;Bread;5;2.44;55652;
3613;Oranges;3;9.50;55652;
3613;Cereal;1;7.38;55652;
3613;Bananas;1;8.03;55652;
3614;Butter;3;7.92;22036;
3614;Cheese;5;5.59;22036;
3614;Sugar;4;6.44;22036;
3614;Coffee;4;5.46;22036;
3614;Tea;3;9.35;22036;
3614;Potatoes;4;9.43;22036;
3614;Milk;2;7.42;22036;
3615;Tomatoes;1;3.33;79636;
3615;Pasta;1;2.12;79636;
3615;Cheese;4;2.10;79636;
3616;Onions;5;9.17;36177;
3616;Potatoes;3;5.99;36177;
3616;Chicken;2;4.60;36177;
3616;Tomatoes;5;8.32;36177;
3617;Milk;1;3.45;89211;
3617;Cereal;5;7.31;89211;
3617;Bananas;1;8.43;89211;
3618;Potatoes;2;4.32;66398;
3618;Chicken;4;1.85;66398;
3618;Tomatoes;1;7.64;66398;
3618;Onions;4;3.89;66398;
3619;Cereal;1;4.33;90039;
3619;Tomatoes;2;1.61;90039;
3619;Cheese;5;7.62;90039;
3619;Yogurt;3;2.34;90039;
3619;Pasta;1;4.43;90039;
3619;Butter;3;8.98;90039;
3620;Sugar;2;5.94;41276;
3620;Onions;3;5.18;41276;
3620;Tea;1;1.10;41276;
3620;Coffee;3;6.49;41276;
3621;Tomatoes;3;3.24;41623;
3621;Chicken;2;7.35;41623;
3621;Yogurt;5;6.65;41623;
3621;Bananas;2;2.06;41623;
3621;Apples;4;8.00;41623;
3622;Chicken;5;4.26;41142;
3622;Onions;5;9.48;41142;
3622;Potatoes;1;9.48;41142;
3622;Oranges;4;5.07;41142;
3622;Tomatoes;2;9.82;41142;
3623;Apples;5;7.82;39810;
3623;Bananas;1;5.24;39810;
3623;Pasta;4;5.02;39810;
3623;Coffee;3;9.40;39810;
3623;Juice;5;7.69;39810;
3623;Oranges;4;7.02;39810;
3623;Cereal;2;4.53;39810;
3624;Chicken;1;8.92;93499;
3624;Potatoes;5;2.64;93499;
3624;Cereal;3;8.84;93499;
3624;Bananas;4;8.88;93499;
3624;Yogurt;3;2.65;93499;
3624;Milk;3;3.78;93499;
3624;Pasta;3;2.35;93499;
3625;Chicken;1;3.09;28218;
3625;Sugar;4;7.19;28218;
3625;Bread;4;2.88;28218;
3625;Butter;1;5.43;28218;
3625;Coffee;2;5.24;28218;
3626;Milk;5;1.44;10449;
3626;Cereal;1;7.11;10449;
3626;Bananas;5;1.07;10449;
3626;Sugar;5;6.74;10449;
3626;Bread;1;3.56;10449;
3626;Coffee;2;8.54;10449;
3627;Juice;5;8.32;31407;
3627;Tomatoes;1;5.10;31407;
3627;Potatoes;4;2.92;31407;
3627;Chicken;1;4.22;31407;
3627;Yogurt;3;7.17;31407;
3627;Onions;2;1.68;31407;
3627;Coffee;5;9.65;31407;
3628;Potatoes;4;6.27;70845;
3628;Bananas;5;7.45;70845;
3628;Pasta;3;7.28;70845;
3628;Juice;1;6.63;70845;
3628;Cereal;4;4.27;70845;
3628;Coffee;3;6.59;70845;
3628;Milk;5;1.67;70845;
3629;Bananas;5;8.40;66706;
3629;Apples;3;6.62;66706;
3629;Yogurt;2;4.20;66706;
3630;Sugar;4;6.93;84229;
3630;Milk;3;5.58;84229;
3630;Coffee;4;3.81;84229;
3630;Juice;3;2.90;84229;
3630;Butter;5;8.95;84229;
3630;Bread;5;7.09;84229;
3630;Cereal;4;5.09;84229;
3631;Bananas;2;5.12;31865;
3631;Yogurt;4;4.26;31865;
3631;Coffee;2;6.37;31865;
3631;Sugar;2;2.22;31865;
3631;Onions;2;2.57;31865;
3631;Eggs;1;5.71;31865;
3631;Apples;3;2.72;31865;
3632;Oranges;4;9.18;83225;
3632;Bananas;1;5.06;83225;
3632;Chicken;1;1.52;83225;
3632;Potatoes;3;6.49;83225;
3632;Yogurt;4;7.69;83225;
3632;Tea;1;4.53;83225;
3632;Cheese;1;1.66;83225;
3632;Apples;5;2.07;83225;
3633;Apples;2;8.88;94623;
3633;Bananas;4;1.17;94623;
3633;Milk;2;5.74;94623;
3633;Yogurt;2;6.54;94623;
3633;Bread;1;2.08;94623;
3634;Pasta;5;5.00;92766;
3634;Cheese;3;7.64;92766;
3634;Bananas;2;1.04;92766;
3634;Bread;4;8.00;92766;
3634;Tomatoes;1;3.62;92766;
3634;Chicken;1;9.00;92766;
3635;Apples;1;3.85;92867;
3635;Yogurt;1;2.85;92867;
3635;Bananas;1;8.57;92867;
3636;Tea;5;3.51;28328;
3636;Bananas;2;6.74;28328;
3636;Sugar;4;8.64;28328;
3636;Juice;4;2.01;28328;
3636;Cereal;5;7.17;28328;
3636;Coffee;4;4.54;28328;
3637;Tomatoes;5;5.83;74130;
3637;Potatoes;2;9.97;74130;
3637;Chicken;4;5.21;74130;
3637;Cereal;4;3.11;74130;
3637;Onions;2;7.20;74130;
3637;Juice;3;7.43;74130;
3638;Milk;5;2.55;12511;
3638;Bananas;1;3.82;12511;
3638;Yogurt;4;3.30;12511;
3638;Cereal;1;8.74;12511;
3639;Tea;5;8.33;81032;
3639;Juice;4;1.89;81032;
3639;Coffee;3;7.46;81032;
3639;Sugar;5;2.33;81032;
3639;Onions;1;3.79;81032;
3640;Tea;1;9.15;18970;
3640;Butter;1;1.05;18970;
3640;Sugar;3;7.08;18970;
3640;Cheese;2;2.51;18970;
3640;Bread;2;3.58;18970;
3640;Coffee;3;8.72;18970;
3640;Chicken;1;7.04;18970;
3641;Butter;4;8.83;96437;
3641;Chicken;4;8.89;96437;
3641;Coffee;1;4.77;96437;
3641;Tea;2;2.14;96437;
3641;Pasta;5;3.20;96437;
3641;Cheese;2;4.82;96437;
3641;Sugar;4;3.03;96437;
3642;Eggs;5;3.22;12420;
3642;Oranges;3;3.48;12420;
3642;Cheese;5;9.35;12420;
3642;Bananas;1;6.13;12420;
3642;Yogurt;3;9.76;12420;
3642;Tea;4;6.83;12420;
3642;Potatoes;2;5.57;12420;
3642;Apples;5;1.92;12420;
3643;Bread;2;5.36;76876;
3643;Cheese;5;1.50;76876;
3643;Onions;2;2.99;76876;
3643;Pasta;5;4.79;76876;
3643;Tomatoes;4;2.61;76876;
3644;Oranges;3;5.53;64823;
3644;Coffee;3;3.53;64823;
3644;Milk;1;4.49;64823;
3644;Bread;5;9.88;64823;
3644;Butter;2;7.42;64823;
3644;Sugar;3;8.78;64823;
3644;Apples;5;7.47;64823;
3644;Potatoes;4;1.30;64823;
3645;Sugar;4;1.12;36002;
3645;Pasta;5;4.94;36002;
3645;Tomatoes;3;8.19;36002;
3645;Cheese;5;2.08;36002;
3645;Coffee;3;1.41;36002;
3645;Bananas;2;2.23;36002;
3646;Cheese;3;9.30;68417;
3646;Chicken;4;6.67;68417;
3646;Coffee;5;5.83;68417;
3646;Milk;5;9.97;68417;
3646;Eggs;3;1.84;68417;
3646;Sugar;3;3.73;68417;
3646;Apples;5;1.35;68417;
3646;Tea;2;1.46;68417;
3647;Pasta;1;9.16;69031;
3647;Milk;4;8.27;69031;
3647;Apples;1;4.21;69031;
3647;Cereal;2;5.63;69031;
3647;Chicken;3;5.24;69031;
3647;Bananas;4;4.15;69031;
3647;Potatoes;2;7.18;69031;
3648;Bananas;5;5.28;57162;
3648;Apples;2;2.78;57162;
3648;Coffee;1;4.00;57162;
3648;Yogurt;2;9.52;57162;
3649;Coffee;1;3.13;44945;
3649;Bread;3;3.78;44945;
3649;Sugar;5;8.72;44945;
3649;Juice;2;7.01;44945;
3649;Tea;1;8.75;44945;
3649;Chicken;3;1.97;44945;
3649;Butter;3;9.36;44945;
3649;Eggs;5;8.03;44945;
3650;Butter;4;3.91;98988;
3650;Bread;5;6.13;98988;
3650;Tea;1;2.25;98988;
3650;Eggs;3;6.49;98988;
3650;Oranges;2;2.07;98988;
3650;Sugar;3;5.24;98988;
3650;Coffee;5;4.73;98988;
3651;Cereal;3;6.43;84341;
3651;Milk;4;1.13;84341;
3651;Bananas;2;1.69;84341;
3652;Yogurt;5;9.95;52114;
3652;Oranges;2;9.87;52114;
3652;Milk;1;1.89;52114;
3652;Pasta;1;8.58;52114;
3652;Butter;3;3.93;52114;
3652;Apples;1;7.90;52114;
3652;Bananas;3;7.38;52114;
3653;Potatoes;2;6.43;75898;
3653;Tomatoes;1;1.54;75898;
3653;Eggs;3;4.35;75898;
3653;Apples;5;1.03;75898;
3653;Onions;5;4.57;75898;
3653;Chicken;4;1.93;75898;
3654;Bread;4;2.17;67981;
3654;Coffee;2;7.61;67981;
3654;Butter;4;1.22;67981;
3654;Bananas;1;4.46;67981;
3654;Sugar;3;3.22;67981;
3655;Coffee;5;7.38;69813;
3655;Tea;3;8.01;69813;
3655;Juice;5;4.69;69813;
3655;Onions;1;1.02;69813;
3655;Sugar;1;1.13;69813;
3655;Apples;4;8.00;69813;
3655;Bread;3;8.10;69813;
3655;Milk;3;7.73;69813;
3656;Bread;4;1.79;93564;
3656;Bananas;4;1.82;93564;
3656;Coffee;2;1.12;93564;
3656;Apples;5;6.72;93564;
3656;Oranges;3;3.66;93564;
3657;Bananas;2;1.53;42702;
3657;Sugar;5;3.47;42702;
3657;Apples;2;6.61;42702;
3657;Cereal;2;8.89;42702;
3657;Oranges;3;6.93;42702;
3657;Yogurt;4;2.93;42702;
3657;Coffee;3;2.02;42702;
3657;Potatoes;5;5.43;42702;
3658;Tomatoes;5;7.93;85318;
3658;Onions;1;9.03;85318;
3658;Apples;3;5.13;85318;
3658;Chicken;2;9.10;85318;
3658;Potatoes;4;9.06;85318;
3658;Oranges;5;3.07;85318;
3659;Oranges;2;2.07;21450;
3659;Milk;1;1.60;21450;
3659;Eggs;1;1.02;21450;
3659;Apples;5;5.49;21450;
3659;Bananas;2;7.93;21450;
3660;Bananas;5;1.18;30682;
3660;Cereal;5;5.69;30682;
3660;Milk;1;2.67;30682;
3660;Eggs;3;4.35;30682;
3660;Cheese;1;5.93;30682;
3661;Cheese;4;9.76;10653;
3661;Onions;4;3.37;10653;
3661;Milk;5;9.13;10653;
3661;Potatoes;5;6.85;10653;
3661;Coffee;2;2.73;10653;
3661;Bananas;2;2.97;10653;
3661;Cereal;2;1.86;10653;
3661;Bread;2;9.79;10653;
3662;Tea;4;3.62;92784;
3662;Potatoes;2;2.47;92784;
3662;Tomatoes;3;4.02;92784;
3662;Chicken;2;6.30;92784;
3662;Oranges;5;1.52;92784;
3662;Onions;3;9.09;92784;
3662;Yogurt;5;7.08;92784;
3663;Bananas;5;7.73;99882;
3663;Juice;1;4.16;99882;
3663;Yogurt;4;6.20;99882;
3663;Tomatoes;4;7.52;99882;
3663;Apples;4;1.59;99882;
3663;Cereal;3;7.23;99882;
3663;Tea;3;7.50;99882;
3663;Pasta;3;6.21;99882;
3664;Cheese;1;2.60;35802;
3664;Coffee;4;8.37;35802;
3664;Bread;3;6.00;35802;
3664;Yogurt;1;4.78;35802;
3664;Sugar;3;7.01;35802;
3664;Bananas;5;9.87;35802;
3664;Tea;2;9.59;35802;
3665;Bananas;1;2.68;84783;
3665;Juice;1;3.49;84783;
3665;Milk;2;2.82;84783;
3665;Butter;2;6.52;84783;
3665;Cereal;3;9.60;84783;
3665;Tomatoes;5;6.13;84783;
3665;Yogurt;4;1.48;84783;
3666;Tea;4;7.40;81613;
3666;Coffee;1;3.44;81613;
3666;Butter;1;5.44;81613;
3666;Sugar;4;3.86;81613;
3666;Bread;5;6.84;81613;
3666;Chicken;1;9.85;81613;
3667;Tea;5;5.80;68365;
3667;Milk;2;3.55;68365;
3667;Onions;4;2.30;68365;
3667;Butter;3;2.48;68365;
3667;Apples;2;5.99;68365;
3667;Bananas;2;6.89;68365;
3667;Oranges;4;1.75;68365;
3668;Cheese;1;1.76;46593;
3668;Pasta;4;4.85;46593;
3668;Tea;3;6.66;46593;
3668;Apples;5;7.75;46593;
3668;Tomatoes;2;9.70;46593;
3668;Onions;3;2.89;46593;
3669;Tomatoes;5;8.10;71127;
3669;Potatoes;1;5.20;71127;
3669;Cereal;5;1.08;71127;
3669;Pasta;3;6.15;71127;
3669;Cheese;1;7.47;71127;
3669;Bananas;4;9.23;71127;
3670;Tomatoes;5;3.42;39332;
3670;Bread;2;2.74;39332;
3670;Yogurt;5;9.63;39332;
3670;Cheese;1;2.93;39332;
3670;Tea;1;7.49;39332;
3670;Pasta;2;7.86;39332;
3671;Tomatoes;5;2.64;88742;
3671;Cereal;3;4.06;88742;
3671;Pasta;1;5.94;88742;
3671;Bread;1;8.91;88742;
3671;Cheese;4;5.73;88742;
3671;Potatoes;2;4.87;88742;
3672;Apples;1;2.75;24283;
3672;Coffee;4;9.51;24283;
3672;Cheese;5;8.32;24283;
3672;Eggs;1;3.41;24283;
3672;Yogurt;2;3.10;24283;
3672;Juice;1;3.11;24283;
3672;Butter;2;2.25;24283;
3672;Bananas;3;1.69;24283;
3673;Apples;4;4.43;53106;
3673;Cheese;5;4.98;53106;
3673;Pasta;1;3.89;53106;
3673;Yogurt;4;2.99;53106;
3673;Bananas;2;3.11;53106;
3673;Oranges;4;2.12;53106;
3674;Sugar;5;7.48;22305;
3674;Tea;2;9.49;22305;
3674;Pasta;4;7.30;22305;
3674;Coffee;5;8.77;22305;
3674;Apples;1;1.33;22305;
3675;Bananas;2;6.29;66401;
3675;Bread;5;4.14;66401;
3675;Cereal;5;3.97;66401;
3675;Milk;3;3.90;66401;
3676;Coffee;3;2.01;82238;
3676;Apples;5;2.04;82238;
3676;Bananas;5;3.86;82238;
3676;Oranges;5;7.43;82238;
3677;Oranges;1;2.18;65503;
3677;Butter;1;2.04;65503;
3677;Juice;4;9.86;65503;
3677;Tomatoes;4;3.39;65503;
3677;Onions;5;8.54;65503;
3677;Pasta;1;6.28;65503;
3677;Cheese;5;1.61;65503;
3678;Juice;1;1.10;26998;
3678;Cheese;5;2.95;26998;
3678;Tea;5;6.26;26998;
3678;Potatoes;5;1.85;26998;
3678;Cereal;1;4.28;26998;
3678;Milk;5;4.39;26998;
3678;Apples;1;3.25;26998;
3678;Bananas;1;7.88;26998;
3679;Bananas;4;2.60;26874;
3679;Apples;2;5.32;26874;
3679;Oranges;3;7.45;26874;
3680;Bread;4;2.93;37679;
3680;Onions;2;1.39;37679;
3680;Tomatoes;5;3.13;37679;
3680;Chicken;5;8.75;37679;
3680;Bananas;1;9.81;37679;
3680;Pasta;5;8.48;37679;
3680;Potatoes;3;1.90;37679;
3681;Apples;2;5.18;36779;
3681;Yogurt;4;1.37;36779;
3681;Butter;3;3.50;36779;
3681;Bananas;2;5.11;36779;
3681;Eggs;3;7.29;36779;
3681;Coffee;4;1.38;36779;
3682;Pasta;1;4.23;47719;
3682;Tomatoes;1;3.99;47719;
3682;Cheese;3;2.63;47719;
3682;Cereal;2;3.26;47719;
3683;Tea;5;5.53;75375;
3683;Cereal;5;8.37;75375;
3683;Sugar;1;9.37;75375;
3683;Coffee;3;5.89;75375;
3683;Tomatoes;3;1.09;75375;
3684;Coffee;1;1.75;17788;
3684;Sugar;2;7.31;17788;
3684;Tea;4;8.48;17788;
3685;Yogurt;4;6.79;36816;
3685;Bread;2;1.29;36816;
3685;Pasta;3;1.54;36816;
3685;Apples;5;9.68;36816;
3685;Bananas;3;3.63;36816;
3686;Yogurt;4;5.61;60942;
3686;Bananas;3;2.67;60942;
3686;Apples;5;2.12;60942;
3687;Pasta;3;3.90;23582;
3687;Butter;4;5.02;23582;
3687;Onions;2;8.80;23582;
3687;Cheese;1;5.57;23582;
3687;Tomatoes;4;3.14;23582;
3687;Coffee;3;2.48;23582;
3687;Sugar;3;6.60;23582;
3688;Sugar;4;7.69;37615;
3688;Butter;2;9.80;37615;
3688;Coffee;5;3.26;37615;
3688;Bread;3;5.25;37615;
3689;Apples;1;6.28;54900;
3689;Bread;4;2.22;54900;
3689;Cheese;1;1.46;54900;
3689;Butter;4;1.30;54900;
3689;Sugar;5;8.82;54900;
3689;Coffee;2;5.39;54900;
3690;Chicken;5;4.84;87767;
3690;Tomatoes;4;8.69;87767;
3690;Onions;5;8.66;87767;
3690;Potatoes;3;9.34;87767;
3691;Bananas;5;3.09;12800;
3691;Yogurt;4;4.92;12800;
3691;Apples;1;6.26;12800;
3692;Juice;2;7.43;52082;
3692;Coffee;3;5.50;52082;
3692;Milk;1;1.35;52082;
3692;Butter;2;4.51;52082;
3692;Sugar;4;9.01;52082;
3692;Cheese;4;1.59;52082;
3692;Bread;1;3.52;52082;
3693;Yogurt;4;3.17;35970;
3693;Bananas;4;5.28;35970;
3693;Apples;2;6.73;35970;
3694;Apples;2;9.84;52076;
3694;Oranges;3;3.71;52076;
3694;Bananas;3;4.96;52076;
3695;Sugar;5;4.04;42018;
3695;Butter;1;2.28;42018;
3695;Bread;2;3.29;42018;
3695;Pasta;3;9.23;42018;
3695;Onions;2;3.29;42018;
3695;Coffee;1;2.92;42018;
3695;Oranges;3;6.26;42018;
3695;Tea;3;6.49;42018;
3696;Oranges;5;3.88;51014;
3696;Cereal;1;1.25;51014;
3696;Bananas;3;3.35;51014;
3696;Pasta;4;6.00;51014;
3696;Apples;5;2.70;51014;
3696;Milk;2;2.09;51014;
3696;Butter;5;1.70;51014;
3696;Tea;1;2.34;51014;
3697;Tomatoes;4;8.93;82742;
3697;Cheese;5;8.04;82742;
3697;Onions;1;5.43;82742;
3697;Milk;1;2.62;82742;
3697;Pasta;4;9.29;82742;
3697;Potatoes;2;7.33;82742;
3697;Yogurt;4;8.53;82742;
3697;Coffee;3;3.74;82742;
3698;Tomatoes;2;2.43;67280;
3698;Pasta;4;1.53;67280;
3698;Chicken;5;9.65;67280;
3698;Cheese;3;9.85;67280;
3699;Tomatoes;1;8.21;27269;
3699;Potatoes;1;3.21;27269;
3699;Chicken;4;2.41;27269;
3700;Milk;2;4.83;60580;
3700;Cereal;5;6.58;60580;
3700;Bread;3;9.22;60580;
3700;Coffee;5;7.79;60580;
3700;Butter;1;7.10;60580;
3700;Sugar;5;8.23;60580;
3701;Pasta;1;2.06;28717;
3701;Eggs;2;8.34;28717;
3701;Cereal;4;5.59;28717;
3701;Tomatoes;2;9.08;28717;
3701;Cheese;4;3.36;28717;
3702;Sugar;1;1.87;69051;
3702;Tea;1;1.50;69051;
3702;Coffee;1;7.88;69051;
3702;Potatoes;3;3.02;69051;
3702;Chicken;4;6.77;69051;
3702;Bread;1;3.99;69051;
3702;Cereal;5;5.29;69051;
3703;Cheese;4;4.58;62568;
3703;Tomatoes;1;2.62;62568;
3703;Milk;4;4.84;62568;
3703;Onions;4;2.33;62568;
3703;Chicken;3;8.77;62568;
3703;Potatoes;1;5.64;62568;
3703;Apples;4;7.92;62568;
3704;Chicken;2;4.52;33407;
3704;Tomatoes;5;7.88;33407;
3704;Sugar;1;9.62;33407;
3704;Milk;3;6.94;33407;
3704;Tea;4;4.55;33407;
3704;Coffee;5;8.43;33407;
3705;Bread;3;7.33;97900;
3705;Milk;3;5.17;97900;
3705;Oranges;3;8.45;97900;
3705;Cereal;4;6.89;97900;
3705;Bananas;5;6.32;97900;
3705;Eggs;4;3.69;97900;
3705;Sugar;4;2.52;97900;
3706;Milk;3;5.33;50202;
3706;Bananas;1;7.85;50202;
3706;Cereal;4;1.75;50202;
3707;Onions;4;7.83;12287;
3707;Tomatoes;3;9.51;12287;
3707;Chicken;5;5.69;12287;
3707;Potatoes;2;6.38;12287;
3708;Tea;2;1.30;38748;
3708;Chicken;3;3.21;38748;
3708;Potatoes;2;3.09;38748;
3708;Tomatoes;4;7.65;38748;
3708;Eggs;4;2.27;38748;
3708;Onions;3;3.53;38748;
3708;Pasta;4;1.48;38748;
3708;Sugar;1;5.88;38748;
3709;Coffee;3;3.98;97497;
3709;Butter;1;8.05;97497;
3709;Sugar;2;4.14;97497;
3709;Cereal;5;4.70;97497;
3709;Tea;2;3.68;97497;
3710;Cereal;5;4.32;35929;
3710;Milk;1;8.96;35929;
3710;Bananas;1;6.56;35929;
3711;Pasta;5;2.71;29813;
3711;Cheese;3;2.84;29813;
3711;Bread;5;9.86;29813;
3711;Tomatoes;1;7.28;29813;
3711;Butter;4;7.66;29813;
3712;Potatoes;4;4.98;24074;
3712;Apples;2;5.81;24074;
3712;Onions;4;1.78;24074;
3712;Yogurt;2;5.03;24074;
3712;Bananas;1;8.57;24074;
3712;Cheese;1;2.24;24074;
3712;Oranges;3;5.19;24074;
3713;Pasta;2;1.46;76412;
3713;Milk;3;9.31;76412;
3713;Potatoes;4;6.56;76412;
3713;Oranges;5;4.80;76412;
3713;Cereal;5;5.00;76412;
3713;Bananas;1;6.23;76412;
3714;Butter;5;9.63;41203;
3714;Bananas;2;3.17;41203;
3714;Apples;4;7.20;41203;
3714;Oranges;2;2.23;41203;
3714;Pasta;5;6.66;41203;
3715;Coffee;2;6.47;72083;
3715;Sugar;4;8.29;72083;
3715;Tea;3;8.20;72083;
3716;Bananas;4;1.09;19360;
3716;Milk;4;8.90;19360;
3716;Cereal;4;3.87;19360;
3716;Cheese;5;8.11;19360;
3716;Tomatoes;5;5.68;19360;
3716;Juice;1;8.94;19360;
3716;Potatoes;5;7.86;19360;
3717;Eggs;3;3.62;34786;
3717;Bread;1;9.28;34786;
3717;Bananas;4;6.25;34786;
3717;Pasta;4;1.12;34786;
3717;Milk;3;7.85;34786;
3717;Onions;1;4.85;34786;
3717;Cereal;1;9.11;34786;
3717;Chicken;3;4.56;34786;
3718;Butter;4;7.61;49677;
3718;Apples;4;3.18;49677;
3718;Bananas;4;7.48;49677;
3718;Milk;4;2.25;49677;
3718;Oranges;2;4.15;49677;
3718;Eggs;3;9.12;49677;
3718;Tea;4;3.37;49677;
3719;Cheese;5;2.07;86022;
3719;Sugar;4;3.38;86022;
3719;Chicken;2;9.16;86022;
3719;Coffee;2;5.74;86022;
3719;Cereal;2;3.09;86022;
3719;Tea;5;3.02;86022;
3719;Eggs;3;4.95;86022;
3719;Pasta;2;2.72;86022;
3720;Tomatoes;3;5.94;53770;
3720;Sugar;3;2.64;53770;
3720;Cheese;1;6.44;53770;
3720;Pasta;1;6.49;53770;
3721;Pasta;5;6.22;55306;
3721;Cheese;5;7.01;55306;
3721;Tomatoes;4;4.28;55306;
3721;Onions;3;2.11;55306;
3721;Oranges;5;6.50;55306;
3722;Onions;1;4.86;13391;
3722;Tea;5;4.18;13391;
3722;Sugar;2;1.92;13391;
3722;Yogurt;2;9.90;13391;
3722;Coffee;4;4.92;13391;
3723;Bananas;2;9.46;47982;
3723;Milk;5;4.34;47982;
3723;Cereal;5;6.82;47982;
3724;Cheese;4;2.29;27114;
3724;Apples;4;2.35;27114;
3724;Bananas;3;3.00;27114;
3724;Tomatoes;5;6.64;27114;
3724;Yogurt;4;9.95;27114;
3724;Potatoes;1;8.74;27114;
3725;Pasta;4;1.29;38339;
3725;Tomatoes;4;2.29;38339;
3725;Sugar;5;7.84;38339;
3725;Cheese;1;8.53;38339;
3726;Cheese;2;2.26;42082;
3726;Pasta;3;8.60;42082;
3726;Tomatoes;3;4.37;42082;
3727;Cereal;1;9.90;18165;
3727;Sugar;5;9.76;18165;
3727;Eggs;2;5.82;18165;
3727;Milk;1;8.94;18165;
3727;Bananas;3;4.08;18165;
3728;Milk;3;3.99;50892;
3728;Tomatoes;1;3.75;50892;
3728;Cheese;1;7.09;50892;
3728;Pasta;2;4.03;50892;
3729;Bananas;5;7.00;78183;
3729;Butter;1;6.74;78183;
3729;Milk;1;2.89;78183;
3729;Cereal;2;5.52;78183;
3729;Bread;3;8.06;78183;
3729;Sugar;1;4.30;78183;
3729;Oranges;1;1.75;78183;
3730;Coffee;4;3.24;93326;
3730;Chicken;2;4.43;93326;
3730;Juice;5;4.54;93326;
3730;Tea;2;7.38;93326;
3730;Sugar;2;3.94;93326;
3730;Tomatoes;1;3.49;93326;
3730;Bananas;1;6.72;93326;
3730;Onions;5;6.15;93326;
3731;Chicken;5;1.61;32254;
3731;Tomatoes;5;7.75;32254;
3731;Onions;2;1.89;32254;
3732;Juice;3;3.60;60275;
3732;Butter;4;7.37;60275;
3732;Milk;3;6.98;60275;
3732;Cheese;5;5.48;60275;
3732;Apples;3;3.23;60275;
3732;Bananas;5;8.25;60275;
3732;Cereal;5;1.33;60275;
3733;Apples;5;8.27;79924;
3733;Oranges;2;6.77;79924;
3733;Cereal;5;3.11;79924;
3733;Bananas;5;6.94;79924;
3734;Tea;1;3.71;55266;
3734;Tomatoes;2;4.55;55266;
3734;Pasta;1;2.39;55266;
3734;Chicken;5;5.62;55266;
3734;Cheese;4;8.62;55266;
3735;Juice;3;4.96;43256;
3735;Bananas;3;9.50;43256;
3735;Cereal;4;3.58;43256;
3735;Milk;1;2.42;43256;
3735;Apples;3;3.96;43256;
3736;Bananas;5;9.42;48199;
3736;Yogurt;4;5.09;48199;
3736;Tea;3;2.82;48199;
3736;Cheese;5;1.73;48199;
3736;Apples;5;4.37;48199;
3736;Pasta;4;1.53;48199;
3736;Oranges;5;8.70;48199;
3737;Juice;4;8.73;83482;
3737;Eggs;5;8.13;83482;
3737;Oranges;3;4.83;83482;
3737;Sugar;3;5.46;83482;
3737;Cereal;2;9.73;83482;
3737;Tea;5;1.74;83482;
3737;Onions;1;9.81;83482;
3737;Coffee;5;2.90;83482;
3738;Butter;4;7.07;32521;
3738;Bananas;3;3.15;32521;
3738;Sugar;3;8.62;32521;
3738;Pasta;3;4.55;32521;
3738;Tomatoes;1;8.59;32521;
3738;Tea;5;5.10;32521;
3738;Coffee;2;6.86;32521;
3739;Bananas;4;5.99;68509;
3739;Apples;4;9.18;68509;
3739;Oranges;1;2.61;68509;
3739;Sugar;2;4.06;68509;
3740;Sugar;3;2.96;91768;
3740;Tea;3;6.12;91768;
3740;Coffee;1;3.85;91768;
3740;Onions;3;3.75;91768;
3741;Tea;4;2.86;64822;
3741;Oranges;1;2.99;64822;
3741;Bread;2;4.32;64822;
3741;Eggs;4;2.93;64822;
3741;Bananas;5;1.59;64822;
3741;Apples;1;1.49;64822;
3742;Potatoes;3;1.93;49407;
3742;Onions;2;1.90;49407;
3742;Pasta;3;3.68;49407;
3742;Cheese;5;7.35;49407;
3742;Tomatoes;1;2.69;49407;
3743;Sugar;5;1.53;10029;
3743;Cheese;4;5.46;10029;
3743;Juice;1;4.34;10029;
3743;Tea;1;5.98;10029;
3743;Chicken;3;5.15;10029;
3743;Onions;4;8.47;10029;
3743;Potatoes;2;8.53;10029;
3743;Tomatoes;2;8.59;10029;
3744;Coffee;2;6.12;98251;
3744;Bread;1;9.44;98251;
3744;Sugar;4;5.78;98251;
3745;Apples;3;5.02;97645;
3745;Bananas;3;6.94;97645;
3745;Tomatoes;3;5.74;97645;
3745;Cheese;2;9.40;97645;
3745;Pasta;2;9.09;97645;
3746;Potatoes;2;9.76;68043;
3746;Pasta;3;5.64;68043;
3746;Bread;1;1.08;68043;
3746;Tomatoes;3;5.07;68043;
3746;Cheese;5;4.57;68043;
3746;Juice;5;4.38;68043;
3746;Coffee;3;1.64;68043;
3747;Chicken;5;1.59;28994;
3747;Pasta;1;1.09;28994;
3747;Milk;1;4.36;28994;
3747;Bananas;1;3.71;28994;
3747;Cheese;2;2.31;28994;
3747;Cereal;5;6.74;28994;
3748;Butter;2;4.82;60817;
3748;Apples;5;9.30;60817;
3748;Bread;2;5.43;60817;
3748;Sugar;5;7.07;60817;
3748;Coffee;4;7.48;60817;
3748;Chicken;2;9.28;60817;
3748;Oranges;5;6.45;60817;
3749;Apples;5;7.83;31955;
3749;Cereal;4;5.63;31955;
3749;Oranges;3;8.10;31955;
3749;Bananas;3;9.94;31955;
3749;Yogurt;2;2.48;31955;
3749;Chicken;5;7.36;31955;
3750;Onions;2;8.26;40296;
3750;Butter;2;5.00;40296;
3750;Eggs;5;6.30;40296;
3750;Sugar;2;6.25;40296;
3750;Bread;5;3.78;40296;
3750;Coffee;2;5.46;40296;
3751;Tomatoes;2;1.74;94565;
3751;Onions;1;8.43;94565;
3751;Chicken;4;6.10;94565;
3752;Potatoes;1;8.86;52460;
3752;Apples;2;5.54;52460;
3752;Onions;2;8.49;52460;
3752;Butter;4;4.38;52460;
3752;Tomatoes;2;5.04;52460;
3752;Chicken;3;8.28;52460;
3753;Chicken;5;1.68;98818;
3753;Tomatoes;4;3.12;98818;
3753;Potatoes;5;6.66;98818;
3753;Onions;3;4.56;98818;
3753;Apples;2;1.56;98818;
3754;Chicken;1;8.66;64691;
3754;Juice;2;2.73;64691;
3754;Tomatoes;2;4.30;64691;
3754;Potatoes;1;8.13;64691;
3754;Onions;2;1.89;64691;
3754;Coffee;3;5.68;64691;
3755;Cereal;4;2.57;96078;
3755;Tea;1;2.56;96078;
3755;Yogurt;2;8.50;96078;
3755;Potatoes;3;3.81;96078;
3755;Apples;5;9.71;96078;
3755;Butter;5;9.68;96078;
3755;Juice;3;4.92;96078;
3755;Bananas;4;4.06;96078;
3756;Chicken;3;2.07;20059;
3756;Milk;1;6.45;20059;
3756;Potatoes;5;9.24;20059;
3756;Onions;2;4.25;20059;
3756;Tomatoes;1;1.29;20059;
3756;Bananas;3;8.91;20059;
3756;Butter;1;2.15;20059;
3757;Yogurt;5;8.22;23367;
3757;Chicken;2;8.07;23367;
3757;Onions;2;7.48;23367;
3757;Bread;1;4.10;23367;
3757;Tomatoes;2;5.51;23367;
3757;Potatoes;4;7.23;23367;
3757;Coffee;1;3.07;23367;
3757;Milk;4;4.03;23367;
3758;Tea;4;8.51;44490;
3758;Sugar;2;3.40;44490;
3758;Coffee;2;8.68;44490;
3759;Bananas;3;5.72;24172;
3759;Oranges;2;9.46;24172;
3759;Apples;3;8.38;24172;
3760;Bread;4;5.49;89888;
3760;Sugar;5;1.45;89888;
3760;Butter;2;5.73;89888;
3760;Coffee;1;4.09;89888;
3761;Butter;2;7.88;30710;
3761;Bread;3;6.94;30710;
3761;Coffee;4;9.89;30710;
3762;Sugar;3;1.28;16356;
3762;Coffee;5;5.02;16356;
3762;Tea;1;7.37;16356;
3763;Bananas;1;5.99;42757;
3763;Apples;2;1.84;42757;
3763;Oranges;4;1.41;42757;
3764;Potatoes;5;9.99;87572;
3764;Apples;1;7.19;87572;
3764;Pasta;5;2.57;87572;
3764;Eggs;3;5.21;87572;
3764;Juice;1;8.46;87572;
3764;Cheese;2;4.29;87572;
3764;Tomatoes;2;4.73;87572;
3764;Chicken;3;2.34;87572;
3765;Pasta;2;5.39;61762;
3765;Coffee;4;2.36;61762;
3765;Cheese;3;7.21;61762;
3765;Tomatoes;4;6.82;61762;
3765;Butter;1;2.29;61762;
3765;Apples;4;4.48;61762;
3765;Onions;3;9.63;61762;
3766;Chicken;2;2.39;70418;
3766;Bananas;3;2.69;70418;
3766;Tomatoes;1;3.40;70418;
3766;Milk;2;5.31;70418;
3766;Apples;5;9.53;70418;
3766;Cereal;4;6.59;70418;
3766;Cheese;3;7.51;70418;
3766;Sugar;5;6.62;70418;
3767;Oranges;4;6.47;24163;
3767;Bananas;2;2.34;24163;
3767;Apples;2;4.74;24163;
3768;Juice;2;5.92;23665;
3768;Tea;5;3.66;23665;
3768;Coffee;4;6.00;23665;
3768;Potatoes;1;8.19;23665;
3768;Sugar;3;3.53;23665;
3769;Tea;2;8.20;92901;
3769;Yogurt;1;3.45;92901;
3769;Onions;1;4.00;92901;
3769;Cereal;5;4.53;92901;
3769;Milk;1;3.98;92901;
3769;Apples;5;8.95;92901;
3769;Bananas;1;5.90;92901;
3770;Bananas;2;3.96;79218;
3770;Chicken;5;9.40;79218;
3770;Sugar;3;4.06;79218;
3770;Cereal;3;4.27;79218;
3770;Milk;3;9.35;79218;
3771;Milk;3;8.94;64140;
3771;Cereal;5;4.08;64140;
3771;Bananas;2;2.72;64140;
3772;Sugar;5;9.33;99204;
3772;Bananas;3;7.47;99204;
3772;Coffee;3;5.02;99204;
3772;Tea;2;2.09;99204;
3772;Yogurt;2;6.81;99204;
3772;Eggs;5;3.56;99204;
3773;Tomatoes;5;6.86;44287;
3773;Yogurt;3;2.47;44287;
3773;Chicken;1;5.64;44287;
3773;Cereal;4;4.12;44287;
3773;Bananas;4;7.07;44287;
3773;Apples;1;3.63;44287;
3773;Tea;5;3.08;44287;
3773;Juice;3;3.09;44287;
3774;Apples;4;3.79;94432;
3774;Tomatoes;3;8.84;94432;
3774;Milk;2;5.39;94432;
3774;Sugar;2;6.76;94432;
3774;Coffee;3;1.38;94432;
3774;Tea;2;9.38;94432;
3775;Onions;2;7.10;55202;
3775;Potatoes;3;1.60;55202;
3775;Chicken;2;3.79;55202;
3775;Tomatoes;1;9.08;55202;
3775;Apples;3;3.16;55202;
3776;Onions;1;9.50;25931;
3776;Cheese;4;5.53;25931;
3776;Chicken;1;9.31;25931;
3776;Tomatoes;4;7.67;25931;
3776;Apples;4;4.49;25931;
3776;Yogurt;1;8.37;25931;
3776;Bananas;4;2.38;25931;
3776;Pasta;2;9.73;25931;
3777;Chicken;5;6.45;32322;
3777;Tomatoes;1;1.61;32322;
3777;Coffee;3;2.02;32322;
3777;Potatoes;5;2.26;32322;
3777;Onions;3;6.59;32322;
3778;Pasta;3;2.09;78591;
3778;Bananas;1;3.55;78591;
3778;Cereal;1;6.02;78591;
3778;Yogurt;1;5.15;78591;
3778;Apples;1;7.08;78591;
3778;Butter;3;6.42;78591;
3778;Cheese;3;4.58;78591;
3779;Apples;5;1.71;25956;
3779;Potatoes;3;1.74;25956;
3779;Oranges;5;1.42;25956;
3779;Bananas;3;3.74;25956;
3779;Sugar;1;9.96;25956;
3779;Eggs;3;6.03;25956;
3780;Tomatoes;5;5.18;81343;
3780;Bread;1;1.76;81343;
3780;Onions;2;9.30;81343;
3780;Potatoes;2;4.27;81343;
3780;Chicken;2;9.71;81343;
3781;Tea;5;7.14;29876;
3781;Yogurt;2;8.96;29876;
3781;Juice;1;6.29;29876;
3781;Potatoes;4;2.17;29876;
3781;Butter;1;9.76;29876;
3781;Cereal;1;8.49;29876;
3781;Apples;1;6.94;29876;
3781;Bananas;2;3.40;29876;
3782;Onions;2;9.85;17649;
3782;Bread;5;9.63;17649;
3782;Chicken;2;1.13;17649;
3782;Potatoes;5;6.19;17649;
3782;Apples;3;4.75;17649;
3782;Tomatoes;2;5.00;17649;
3782;Tea;5;9.90;17649;
3783;Onions;1;6.12;67576;
3783;Chicken;5;7.26;67576;
3783;Tomatoes;4;2.09;67576;
3784;Sugar;2;4.51;79399;
3784;Bananas;2;1.31;79399;
3784;Coffee;2;8.50;79399;
3784;Cheese;5;3.81;79399;
3784;Tea;2;1.58;79399;
3785;Chicken;3;4.99;14499;
3785;Milk;2;5.53;14499;
3785;Potatoes;3;1.96;14499;
3785;Cereal;2;5.99;14499;
3785;Apples;2;7.39;14499;
3785;Sugar;4;9.94;14499;
3785;Bananas;3;8.79;14499;
3786;Cereal;2;3.49;80625;
3786;Bananas;4;8.29;80625;
3786;Juice;5;4.13;80625;
3786;Tea;5;4.31;80625;
3786;Milk;2;8.10;80625;
3786;Yogurt;2;3.06;80625;
3787;Sugar;5;2.66;79197;
3787;Coffee;5;6.01;79197;
3787;Tea;2;9.24;79197;
3787;Pasta;1;5.01;79197;
3787;Butter;3;8.15;79197;
3788;Oranges;1;2.71;71157;
3788;Bananas;5;8.27;71157;
3788;Sugar;1;7.19;71157;
3788;Juice;1;7.29;71157;
3788;Tomatoes;1;3.05;71157;
3788;Butter;2;4.03;71157;
3788;Apples;5;4.14;71157;
3788;Cheese;5;4.10;71157;
3789;Pasta;3;3.73;47586;
3789;Tomatoes;3;4.79;47586;
3789;Cheese;1;9.79;47586;
3790;Bananas;3;3.41;78432;
3790;Butter;3;8.90;78432;
3790;Coffee;2;6.00;78432;
3790;Yogurt;1;1.25;78432;
3790;Potatoes;5;3.87;78432;
3790;Sugar;2;2.44;78432;
3790;Bread;3;4.80;78432;
3791;Cereal;2;2.58;52516;
3791;Bananas;3;6.05;52516;
3791;Milk;5;7.34;52516;
3792;Sugar;4;9.31;82791;
3792;Coffee;3;1.12;82791;
3792;Butter;5;5.71;82791;
3792;Bread;4;2.46;82791;
3793;Chicken;2;1.19;30517;
3793;Cheese;5;7.93;30517;
3793;Oranges;5;1.63;30517;
3793;Sugar;2;6.18;30517;
3793;Tea;5;3.11;30517;
3793;Apples;2;8.33;30517;
3793;Bananas;3;1.78;30517;
3794;Yogurt;2;1.66;22642;
3794;Juice;3;4.42;22642;
3794;Pasta;3;7.76;22642;
3794;Coffee;4;2.62;22642;
3794;Milk;2;9.47;22642;
3794;Bananas;4;1.73;22642;
3794;Chicken;1;1.02;22642;
3794;Apples;5;2.25;22642;
3795;Bread;5;8.09;74790;
3795;Juice;1;1.37;74790;
3795;Pasta;3;9.49;74790;
3795;Butter;3;4.75;74790;
3795;Coffee;3;8.83;74790;
3795;Sugar;3;8.50;74790;
3796;Cereal;1;1.06;96938;
3796;Onions;2;8.74;96938;
3796;Bananas;1;7.69;96938;
3796;Potatoes;4;1.25;96938;
3796;Tomatoes;3;6.26;96938;
3796;Butter;5;1.48;96938;
3796;Sugar;2;4.66;96938;
3796;Chicken;2;3.92;96938;
3797;Butter;2;3.22;94500;
3797;Tomatoes;3;5.03;94500;
3797;Bread;4;5.48;94500;
3797;Sugar;2;4.38;94500;
3797;Yogurt;5;1.00;94500;
3797;Coffee;4;6.33;94500;
3798;Bananas;2;8.02;47915;
3798;Milk;2;5.34;47915;
3798;Cereal;4;3.46;47915;
3799;Cereal;3;3.05;33499;
3799;Bananas;3;9.12;33499;
3799;Bread;4;2.26;33499;
3799;Milk;5;1.78;33499;
3800;Chicken;5;3.02;21871;
3800;Tea;4;3.73;21871;
3800;Sugar;5;1.11;21871;
3800;Onions;3;3.57;21871;
3800;Tomatoes;4;3.74;21871;
3800;Cheese;2;5.21;21871;
3800;Potatoes;1;5.53;21871;
3801;Tomatoes;3;4.33;28981;
3801;Butter;2;4.49;28981;
3801;Coffee;5;8.24;28981;
3801;Cheese;1;2.26;28981;
3801;Yogurt;1;3.16;28981;
3801;Pasta;5;5.76;28981;
3801;Sugar;2;8.41;28981;
3802;Tea;5;8.93;31080;
3802;Coffee;5;7.14;31080;
3802;Potatoes;1;4.40;31080;
3802;Onions;1;5.22;31080;
3802;Sugar;1;2.86;31080;
3802;Bread;3;4.62;31080;
3802;Butter;3;6.58;31080;
3803;Potatoes;1;8.75;88882;
3803;Yogurt;4;3.70;88882;
3803;Bananas;4;5.15;88882;
3803;Cereal;1;2.93;88882;
3803;Apples;2;7.03;88882;
3803;Onions;1;6.66;88882;
3804;Onions;4;8.26;43054;
3804;Chicken;2;9.86;43054;
3804;Sugar;5;1.79;43054;
3804;Eggs;5;8.80;43054;
3804;Bread;3;7.39;43054;
3804;Tea;5;7.39;43054;
3804;Milk;1;6.51;43054;
3804;Coffee;3;8.67;43054;
3805;Bread;3;7.13;17189;
3805;Tomatoes;4;1.04;17189;
3805;Butter;1;3.53;17189;
3805;Coffee;1;7.71;17189;
3805;Sugar;5;7.03;17189;
3806;Potatoes;3;2.15;68643;
3806;Tomatoes;4;4.36;68643;
3806;Chicken;2;2.53;68643;
3806;Onions;5;2.04;68643;
3807;Pasta;1;1.76;49919;
3807;Tomatoes;5;3.07;49919;
3807;Apples;1;5.02;49919;
3807;Cheese;3;3.54;49919;
3807;Milk;1;9.96;49919;
3807;Oranges;3;2.98;49919;
3808;Coffee;5;3.94;17739;
3808;Cereal;2;3.24;17739;
3808;Bananas;4;9.67;17739;
3808;Milk;1;4.16;17739;
3809;Oranges;4;3.98;11716;
3809;Bananas;2;1.38;11716;
3809;Coffee;2;8.64;11716;
3809;Juice;1;2.42;11716;
3809;Tomatoes;5;5.18;11716;
3809;Apples;5;8.01;11716;
3809;Eggs;4;8.34;11716;
3810;Butter;5;9.18;72180;
3810;Sugar;1;3.15;72180;
3810;Coffee;2;2.57;72180;
3810;Yogurt;4;5.67;72180;
3810;Juice;2;7.87;72180;
3810;Tea;1;1.10;72180;
3810;Tomatoes;4;3.80;72180;
3811;Potatoes;1;3.37;77601;
3811;Tomatoes;1;7.41;77601;
3811;Coffee;3;5.48;77601;
3811;Cheese;2;5.34;77601;
3811;Chicken;5;9.79;77601;
3811;Onions;5;3.47;77601;
3811;Bread;1;1.68;77601;
3812;Pasta;4;2.10;41940;
3812;Apples;5;3.02;41940;
3812;Yogurt;5;2.72;41940;
3812;Bananas;2;9.89;41940;
3813;Tea;4;8.47;30777;
3813;Coffee;3;2.30;30777;
3813;Juice;2;5.27;30777;
3813;Oranges;5;3.02;30777;
3813;Milk;5;3.97;30777;
3813;Sugar;2;8.54;30777;
3814;Coffee;2;5.33;36878;
3814;Tea;1;8.75;36878;
3814;Sugar;4;8.14;36878;
3815;Apples;1;5.44;37137;
3815;Sugar;1;6.69;37137;
3815;Butter;4;6.13;37137;
3815;Coffee;3;7.43;37137;
3815;Yogurt;2;9.62;37137;
3815;Eggs;1;8.63;37137;
3815;Tea;4;1.53;37137;
3816;Bananas;1;4.69;61200;
3816;Coffee;4;8.10;61200;
3816;Cheese;3;3.37;61200;
3816;Pasta;1;1.76;61200;
3816;Bread;5;8.68;61200;
3816;Eggs;5;2.09;61200;
3816;Tomatoes;1;2.75;61200;
3817;Cereal;5;2.14;16439;
3817;Bread;3;3.62;16439;
3817;Apples;4;1.90;16439;
3817;Bananas;3;9.03;16439;
3817;Pasta;5;7.48;16439;
3817;Coffee;5;3.20;16439;
3817;Yogurt;4;5.05;16439;
3818;Bread;4;9.12;57202;
3818;Butter;2;1.70;57202;
3818;Coffee;2;7.94;57202;
3818;Sugar;4;7.98;57202;
3819;Bananas;3;9.99;26386;
3819;Coffee;5;4.48;26386;
3819;Sugar;4;8.07;26386;
3819;Tea;1;5.40;26386;
3820;Milk;1;6.98;35993;
3820;Cereal;4;1.14;35993;
3820;Bananas;5;6.61;35993;
3821;Coffee;1;1.49;54415;
3821;Sugar;5;6.40;54415;
3821;Tea;2;2.06;54415;
3822;Cheese;5;2.24;76131;
3822;Yogurt;5;3.31;76131;
3822;Tomatoes;1;3.76;76131;
3822;Eggs;3;4.20;76131;
3822;Butter;2;4.69;76131;
3822;Pasta;2;2.45;76131;
3822;Oranges;1;5.23;76131;
3822;Apples;3;9.00;76131;
3823;Oranges;3;7.56;49814;
3823;Tomatoes;3;5.83;49814;
3823;Bananas;2;9.70;49814;
3823;Apples;4;8.42;49814;
3823;Bread;2;9.25;49814;
3824;Pasta;3;1.38;55175;
3824;Cereal;2;5.86;55175;
3824;Tea;3;3.76;55175;
3824;Sugar;3;5.55;55175;
3824;Cheese;2;2.54;55175;
3824;Tomatoes;2;2.63;55175;
3825;Cheese;3;3.50;22262;
3825;Pasta;5;2.29;22262;
3825;Tomatoes;4;6.90;22262;
3825;Juice;5;7.75;22262;
3826;Cereal;4;1.30;37656;
3826;Sugar;1;6.96;37656;
3826;Coffee;1;8.23;37656;
3826;Tea;1;1.55;37656;
3827;Coffee;5;2.21;76770;
3827;Apples;5;1.96;76770;
3827;Bananas;5;2.21;76770;
3827;Sugar;4;6.73;76770;
3827;Butter;5;1.78;76770;
3827;Potatoes;3;2.22;76770;
3827;Chicken;2;3.28;76770;
3827;Bread;2;8.51;76770;
3828;Coffee;4;2.99;32080;
3828;Yogurt;5;3.14;32080;
3828;Oranges;2;3.74;32080;
3828;Butter;1;2.38;32080;
3828;Sugar;3;9.28;32080;
3828;Tea;3;9.41;32080;
3828;Potatoes;1;1.64;32080;
3829;Bananas;4;2.29;41519;
3829;Apples;1;6.96;41519;
3829;Oranges;4;5.52;41519;
3829;Eggs;2;9.35;41519;
3830;Sugar;4;2.80;25773;
3830;Coffee;5;7.83;25773;
3830;Tea;4;1.79;25773;
3831;Apples;2;9.18;59733;
3831;Oranges;3;7.67;59733;
3831;Juice;5;5.93;59733;
3831;Chicken;1;7.95;59733;
3831;Bananas;5;5.41;59733;
3831;Milk;5;9.72;59733;
3831;Butter;3;6.26;59733;
3832;Cereal;5;6.99;65760;
3832;Coffee;3;7.28;65760;
3832;Juice;2;2.85;65760;
3832;Butter;4;2.43;65760;
3832;Yogurt;2;8.56;65760;
3832;Tea;2;1.57;65760;
3832;Sugar;5;6.58;65760;
3832;Chicken;4;3.20;65760;
3833;Pasta;4;3.50;54837;
3833;Potatoes;3;1.10;54837;
3833;Apples;5;9.50;54837;
3833;Onions;1;8.10;54837;
3833;Bananas;4;4.58;54837;
3833;Oranges;4;8.52;54837;
3834;Apples;4;4.75;78076;
3834;Yogurt;2;7.19;78076;
3834;Chicken;4;3.61;78076;
3834;Bananas;2;2.63;78076;
3835;Yogurt;3;2.12;43118;
3835;Apples;2;2.65;43118;
3835;Cheese;1;2.76;43118;
3835;Bananas;2;1.11;43118;
3835;Milk;4;8.19;43118;
3836;Apples;1;5.38;40123;
3836;Yogurt;4;5.68;40123;
3836;Bananas;2;2.72;40123;
3837;Cereal;4;6.99;64450;
3837;Eggs;4;8.81;64450;
3837;Butter;3;3.94;64450;
3837;Bananas;1;3.15;64450;
3837;Milk;5;1.56;64450;
3838;Apples;5;1.76;11466;
3838;Oranges;5;8.27;11466;
3838;Yogurt;3;4.00;11466;
3838;Butter;3;7.52;11466;
3838;Bananas;2;6.87;11466;
3839;Bananas;1;7.40;39912;
3839;Yogurt;4;9.79;39912;
3839;Apples;2;2.93;39912;
3840;Tea;5;8.98;77584;
3840;Sugar;3;9.41;77584;
3840;Coffee;4;5.45;77584;
3841;Pasta;2;8.10;50746;
3841;Tomatoes;5;1.79;50746;
3841;Milk;1;2.90;50746;
3841;Cheese;3;8.20;50746;
3842;Chicken;4;5.60;50115;
3842;Coffee;1;5.11;50115;
3842;Sugar;2;8.69;50115;
3842;Butter;3;4.77;50115;
3842;Bread;5;6.65;50115;
3843;Tomatoes;4;6.96;70689;
3843;Apples;4;9.83;70689;
3843;Pasta;4;2.40;70689;
3843;Eggs;1;9.96;70689;
3843;Cheese;4;7.50;70689;
3844;Apples;4;5.66;71522;
3844;Butter;3;2.76;71522;
3844;Milk;5;4.28;71522;
3844;Chicken;4;2.59;71522;
3844;Oranges;2;8.58;71522;
3844;Bananas;4;5.79;71522;
3844;Bread;4;2.76;71522;
3845;Tomatoes;2;9.49;93822;
3845;Sugar;1;1.51;93822;
3845;Coffee;5;1.89;93822;
3845;Tea;1;7.19;93822;
3846;Tea;2;3.90;63340;
3846;Sugar;5;5.21;63340;
3846;Coffee;1;6.13;63340;
3846;Milk;1;7.33;63340;
3847;Bananas;3;6.00;81526;
3847;Oranges;3;4.37;81526;
3847;Onions;1;3.47;81526;
3847;Cheese;2;8.32;81526;
3847;Apples;5;1.87;81526;
3847;Coffee;1;2.11;81526;
3847;Eggs;1;8.22;81526;
3847;Pasta;3;1.75;81526;
3848;Bananas;5;3.61;39780;
3848;Yogurt;4;6.38;39780;
3848;Coffee;5;8.30;39780;
3848;Apples;4;2.43;39780;
3848;Butter;5;5.79;39780;
3849;Apples;3;4.27;21252;
3849;Cheese;3;2.45;21252;
3849;Oranges;1;4.55;21252;
3849;Bananas;1;4.05;21252;
3849;Bread;2;8.34;21252;
3849;Potatoes;5;5.73;21252;
3850;Oranges;1;3.91;88898;
3850;Chicken;1;9.34;88898;
3850;Cereal;2;1.13;88898;
3850;Yogurt;3;5.11;88898;
3850;Sugar;1;3.50;88898;
3850;Bread;4;1.40;88898;
3850;Bananas;1;6.21;88898;
3850;Milk;4;6.85;88898;
3851;Butter;4;9.94;38144;
3851;Bananas;1;8.90;38144;
3851;Milk;1;6.98;38144;
3851;Apples;5;9.79;38144;
3851;Potatoes;1;9.91;38144;
3851;Cereal;3;8.40;38144;
3851;Tomatoes;5;4.96;38144;
3851;Coffee;4;7.62;38144;
3852;Cheese;3;2.25;20853;
3852;Sugar;3;6.82;20853;
3852;Potatoes;1;7.21;20853;
3852;Tomatoes;4;9.62;20853;
3852;Onions;1;9.51;20853;
3852;Chicken;4;1.37;20853;
3853;Bananas;5;3.48;15602;
3853;Tomatoes;4;2.63;15602;
3853;Onions;3;3.39;15602;
3853;Chicken;2;6.10;15602;
3853;Potatoes;5;4.07;15602;
3854;Bananas;5;9.27;94885;
3854;Apples;3;2.02;94885;
3854;Cereal;4;2.95;94885;
3854;Milk;3;5.48;94885;
3855;Chicken;5;5.52;44816;
3855;Onions;3;8.05;44816;
3855;Tomatoes;2;9.07;44816;
3856;Bananas;5;1.78;25435;
3856;Pasta;5;1.29;25435;
3856;Milk;3;2.13;25435;
3856;Coffee;2;8.39;25435;
3856;Cereal;5;1.77;25435;
3857;Tomatoes;2;1.11;44122;
3857;Chicken;3;1.33;44122;
3857;Oranges;5;5.55;44122;
3857;Potatoes;4;2.29;44122;
3857;Juice;4;4.78;44122;
3857;Onions;1;6.86;44122;
3857;Tea;2;1.79;44122;
3858;Milk;3;3.90;39622;
3858;Chicken;3;4.83;39622;
3858;Apples;2;2.23;39622;
3858;Onions;3;5.67;39622;
3858;Sugar;3;9.63;39622;
3858;Potatoes;3;3.85;39622;
3858;Tomatoes;5;9.50;39622;
3859;Bananas;1;1.72;82755;
3859;Coffee;4;7.96;82755;
3859;Milk;2;3.23;82755;
3859;Cereal;1;6.85;82755;
3859;Oranges;4;1.97;82755;
3859;Chicken;3;9.25;82755;
3860;Cereal;4;7.58;37400;
3860;Bananas;1;6.92;37400;
3860;Sugar;3;3.17;37400;
3860;Potatoes;4;9.14;37400;
3860;Oranges;1;2.11;37400;
3860;Pasta;3;4.66;37400;
3860;Apples;2;4.79;37400;
3861;Yogurt;1;3.00;16500;
3861;Apples;3;5.82;16500;
3861;Bananas;3;7.36;16500;
3861;Butter;2;3.97;16500;
3861;Juice;1;2.32;16500;
3862;Bread;1;4.53;10047;
3862;Tomatoes;5;1.62;10047;
3862;Coffee;5;7.82;10047;
3862;Sugar;4;4.02;10047;
3862;Butter;2;7.21;10047;
3863;Chicken;5;8.90;75381;
3863;Potatoes;5;4.02;75381;
3863;Onions;3;6.05;75381;
3864;Potatoes;4;0.99;32862;
3864;Sugar;4;5.38;32862;
3864;Butter;1;9.89;32862;
3864;Bread;1;4.32;32862;
3864;Coffee;3;1.13;32862;
3865;Onions;3;2.24;79674;
3865;Potatoes;2;7.46;79674;
3865;Chicken;4;4.20;79674;
3865;Tomatoes;3;7.17;79674;
3866;Potatoes;4;8.04;61680;
3866;Sugar;5;5.60;61680;
3866;Coffee;5;1.60;61680;
3866;Butter;2;2.68;61680;
3866;Juice;1;8.60;61680;
3866;Bread;2;4.25;61680;
3866;Chicken;2;8.24;61680;
3867;Pasta;3;3.54;43843;
3867;Yogurt;1;6.91;43843;
3867;Potatoes;5;5.98;43843;
3867;Chicken;1;5.51;43843;
3867;Onions;1;6.63;43843;
3867;Tomatoes;4;3.02;43843;
3867;Tea;4;7.92;43843;
3867;Cereal;5;8.08;43843;
3868;Tea;1;1.83;29454;
3868;Sugar;5;3.64;29454;
3868;Onions;3;7.74;29454;
3868;Coffee;1;5.10;29454;
3868;Eggs;2;7.82;29454;
3869;Bananas;1;1.06;84426;
3869;Milk;2;6.80;84426;
3869;Cereal;3;7.82;84426;
3870;Potatoes;4;5.54;83226;
3870;Juice;1;7.09;83226;
3870;Tomatoes;5;9.91;83226;
3870;Bananas;4;9.38;83226;
3870;Coffee;4;9.28;83226;
3870;Onions;5;6.78;83226;
3870;Chicken;2;1.25;83226;
3871;Bananas;1;2.18;60851;
3871;Cheese;2;3.72;60851;
3871;Tomatoes;5;6.50;60851;
3871;Milk;2;7.06;60851;
3871;Tea;5;6.29;60851;
3871;Juice;1;7.10;60851;
3871;Cereal;1;1.69;60851;
3872;Sugar;4;2.22;49729;
3872;Tea;5;5.08;49729;
3872;Eggs;3;4.84;49729;
3872;Coffee;3;7.68;49729;
3873;Apples;4;2.26;42232;
3873;Bananas;3;2.46;42232;
3873;Cheese;5;4.77;42232;
3873;Milk;4;9.00;42232;
3873;Cereal;2;2.56;42232;
3873;Yogurt;3;2.88;42232;
3874;Sugar;5;2.44;45681;
3874;Juice;2;4.62;45681;
3874;Onions;2;9.31;45681;
3874;Bananas;1;3.99;45681;
3874;Bread;4;8.94;45681;
3874;Cereal;1;5.50;45681;
3874;Chicken;4;6.24;45681;
3874;Milk;2;2.88;45681;
3875;Oranges;1;9.50;18053;
3875;Bananas;3;5.50;18053;
3875;Apples;5;5.71;18053;
3876;Bread;5;8.47;89578;
3876;Coffee;3;2.40;89578;
3876;Butter;1;1.80;89578;
3877;Butter;2;2.48;55256;
3877;Cheese;3;9.48;55256;
3877;Bread;1;8.35;55256;
3877;Yogurt;2;6.54;55256;
3877;Pasta;1;3.87;55256;
3877;Juice;5;8.40;55256;
3877;Tomatoes;4;5.80;55256;
3878;Sugar;3;7.92;97467;
3878;Milk;3;2.35;97467;
3878;Coffee;2;1.34;97467;
3878;Tea;3;4.64;97467;
3879;Onions;1;1.27;54621;
3879;Cereal;3;4.72;54621;
3879;Milk;1;8.92;54621;
3879;Chicken;2;7.96;54621;
3879;Yogurt;5;9.03;54621;
3879;Bananas;4;9.06;54621;
3879;Butter;1;2.24;54621;
3880;Bananas;1;2.72;67091;
3880;Bread;3;6.95;67091;
3880;Milk;1;2.97;67091;
3880;Tea;1;9.70;67091;
3880;Cereal;4;1.26;67091;
3881;Apples;5;1.38;34460;
3881;Potatoes;2;6.73;34460;
3881;Tea;4;4.21;34460;
3881;Bananas;2;8.67;34460;
3881;Yogurt;1;7.61;34460;
3882;Bananas;4;6.20;56453;
3882;Cereal;3;2.88;56453;
3882;Potatoes;4;5.05;56453;
3882;Yogurt;5;7.96;56453;
3882;Sugar;2;5.05;56453;
3882;Butter;3;7.18;56453;
3882;Apples;1;8.51;56453;
3883;Bread;4;5.89;81480;
3883;Coffee;4;4.55;81480;
3883;Tomatoes;5;3.18;81480;
3883;Butter;1;3.09;81480;
3883;Oranges;1;9.39;81480;
3883;Cereal;4;7.04;81480;
3883;Apples;2;8.51;81480;
3883;Sugar;3;5.63;81480;
3884;Chicken;4;5.24;29292;
3884;Apples;2;3.47;29292;
3884;Oranges;2;3.84;29292;
3884;Potatoes;4;3.08;29292;
3884;Bananas;1;3.59;29292;
3884;Yogurt;2;9.40;29292;
3885;Tea;5;5.44;20632;
3885;Sugar;3;4.33;20632;
3885;Coffee;4;3.83;20632;
3886;Bananas;2;5.33;30481;
3886;Coffee;5;2.95;30481;
3886;Milk;4;1.97;30481;
3886;Cereal;3;7.73;30481;
3887;Bread;3;9.25;48242;
3887;Potatoes;3;6.88;48242;
3887;Yogurt;2;6.17;48242;
3887;Chicken;3;9.61;48242;
3887;Cheese;3;5.99;48242;
3887;Tomatoes;1;1.64;48242;
3887;Onions;1;7.69;48242;
3888;Chicken;3;8.40;19167;
3888;Tomatoes;4;2.31;19167;
3888;Bananas;3;6.50;19167;
3888;Milk;5;5.39;19167;
3888;Onions;1;6.04;19167;
3888;Potatoes;5;9.68;19167;
3888;Pasta;5;9.55;19167;
3889;Pasta;3;9.88;44371;
3889;Yogurt;4;5.31;44371;
3889;Bananas;4;7.69;44371;
3889;Chicken;3;5.34;44371;
3889;Onions;2;6.57;44371;
3889;Apples;4;6.38;44371;
3889;Coffee;5;8.28;44371;
3889;Oranges;5;6.33;44371;
3890;Tomatoes;4;1.82;77991;
3890;Potatoes;5;4.64;77991;
3890;Onions;5;6.71;77991;
3890;Chicken;3;4.76;77991;
3890;Juice;5;5.12;77991;
3891;Coffee;5;5.41;11496;
3891;Butter;1;4.98;11496;
3891;Yogurt;5;6.03;11496;
3891;Bread;1;7.83;11496;
3891;Onions;3;4.87;11496;
3891;Sugar;2;7.35;11496;
3892;Coffee;3;5.83;20839;
3892;Sugar;1;8.39;20839;
3892;Tea;5;3.64;20839;
3893;Coffee;2;1.28;37321;
3893;Apples;3;1.86;37321;
3893;Yogurt;5;2.01;37321;
3893;Tea;4;1.64;37321;
3893;Bananas;2;4.61;37321;
3893;Juice;4;5.12;37321;
3894;Cereal;1;1.80;84442;
3894;Bread;3;5.11;84442;
3894;Juice;1;2.77;84442;
3894;Apples;2;4.78;84442;
3894;Yogurt;4;3.65;84442;
3894;Bananas;5;1.53;84442;
3894;Chicken;1;8.65;84442;
3895;Potatoes;4;1.91;41411;
3895;Sugar;1;2.07;41411;
3895;Apples;5;8.17;41411;
3895;Coffee;5;9.53;41411;
3895;Bread;4;9.02;41411;
3895;Onions;3;8.53;41411;
3895;Chicken;3;6.89;41411;
3895;Butter;4;4.43;41411;
3896;Cheese;1;9.63;30932;
3896;Tomatoes;1;9.04;30932;
3896;Pasta;4;9.21;30932;
3897;Chicken;1;7.66;96774;
3897;Onions;2;5.88;96774;
3897;Tomatoes;5;9.92;96774;
3897;Potatoes;1;9.81;96774;
3898;Tomatoes;1;2.65;10026;
3898;Oranges;5;7.41;10026;
3898;Pasta;3;1.88;10026;
3898;Onions;2;8.23;10026;
3898;Cheese;1;9.53;10026;
3898;Yogurt;1;1.89;10026;
3898;Sugar;5;4.34;10026;
3899;Tomatoes;4;4.68;56316;
3899;Tea;2;7.75;56316;
3899;Cheese;1;8.09;56316;
3899;Pasta;3;4.06;56316;
3899;Potatoes;4;4.88;56316;
3899;Eggs;5;9.69;56316;
3900;Bananas;1;9.78;13180;
3900;Apples;3;4.26;13180;
3900;Eggs;4;1.96;13180;
3900;Milk;2;8.88;13180;
3900;Oranges;2;2.60;13180;
3900;Cheese;3;6.35;13180;
3900;Bread;5;4.77;13180;
3901;Sugar;1;1.10;57263;
3901;Bread;5;4.19;57263;
3901;Coffee;5;1.70;57263;
3901;Butter;4;1.44;57263;
3902;Bananas;5;4.44;31663;
3902;Cereal;4;3.41;31663;
3902;Milk;3;7.93;31663;
3903;Cereal;3;3.74;91803;
3903;Onions;5;9.54;91803;
3903;Butter;5;5.31;91803;
3903;Bananas;4;1.51;91803;
3903;Milk;1;2.23;91803;
3903;Yogurt;3;3.93;91803;
3904;Yogurt;1;1.08;57100;
3904;Bread;5;5.61;57100;
3904;Onions;5;8.51;57100;
3904;Bananas;3;2.86;57100;
3904;Juice;3;9.50;57100;
3904;Tea;3;1.35;57100;
3904;Cheese;4;4.17;57100;
3904;Apples;4;4.52;57100;
3905;Bananas;4;7.90;96524;
3905;Apples;4;5.11;96524;
3905;Oranges;4;2.43;96524;
3906;Coffee;5;2.79;30096;
3906;Oranges;4;6.47;30096;
3906;Sugar;2;8.82;30096;
3906;Tea;2;6.43;30096;
3907;Potatoes;5;8.04;70660;
3907;Tomatoes;3;5.29;70660;
3907;Chicken;4;2.82;70660;
3908;Potatoes;1;9.80;19110;
3908;Onions;4;8.09;19110;
3908;Tomatoes;1;2.12;19110;
3908;Yogurt;3;8.32;19110;
3908;Chicken;5;2.66;19110;
3909;Sugar;3;7.55;47927;
3909;Chicken;2;9.84;47927;
3909;Coffee;4;6.54;47927;
3909;Tea;1;3.68;47927;
3909;Bread;1;7.34;47927;
3909;Juice;1;8.16;47927;
3909;Apples;4;8.16;47927;
3910;Onions;3;2.65;85079;
3910;Potatoes;5;3.77;85079;
3910;Chicken;4;1.01;85079;
3910;Tomatoes;3;1.26;85079;
3911;Potatoes;2;7.33;68404;
3911;Yogurt;4;9.23;68404;
3911;Bananas;5;8.80;68404;
3911;Milk;4;8.57;68404;
3911;Tea;5;6.43;68404;
3911;Apples;2;5.00;68404;
3912;Apples;4;6.05;49886;
3912;Bananas;4;8.44;49886;
3912;Potatoes;3;2.32;49886;
3912;Eggs;5;9.73;49886;
3912;Pasta;2;7.00;49886;
3912;Bread;2;5.82;49886;
3912;Yogurt;3;8.78;49886;
3913;Sugar;4;1.60;49195;
3913;Coffee;3;4.22;49195;
3913;Bread;3;7.36;49195;
3914;Tomatoes;4;7.41;55548;
3914;Pasta;2;7.61;55548;
3914;Tea;2;8.83;55548;
3914;Potatoes;1;9.26;55548;
3914;Apples;3;7.16;55548;
3914;Bananas;1;3.97;55548;
3914;Oranges;1;5.35;55548;
3915;Yogurt;5;6.74;44302;
3915;Tomatoes;3;5.02;44302;
3915;Cereal;4;7.76;44302;
3915;Cheese;4;3.30;44302;
3915;Tea;3;4.50;44302;
3915;Bananas;4;4.47;44302;
3915;Eggs;1;8.46;44302;
3915;Milk;3;3.43;44302;
3916;Oranges;1;9.00;63973;
3916;Potatoes;2;5.73;63973;
3916;Onions;3;1.04;63973;
3916;Bananas;1;9.62;63973;
3916;Eggs;4;4.35;63973;
3916;Milk;2;1.13;63973;
3916;Apples;4;5.55;63973;
3916;Yogurt;1;8.21;63973;
3917;Sugar;2;5.61;20697;
3917;Coffee;1;5.65;20697;
3917;Bread;3;2.64;20697;
3918;Bread;3;8.70;86727;
3918;Sugar;3;1.59;86727;
3918;Coffee;4;8.24;86727;
3919;Coffee;5;2.31;77022;
3919;Tea;2;5.57;77022;
3919;Milk;2;2.20;77022;
3919;Sugar;4;7.55;77022;
3920;Bananas;3;1.72;80786;
3920;Eggs;4;6.95;80786;
3920;Cheese;3;9.93;80786;
3920;Sugar;2;7.14;80786;
3920;Tea;3;8.60;80786;
3920;Cereal;3;1.00;80786;
3920;Potatoes;2;9.91;80786;
3920;Coffee;2;2.07;80786;
3921;Oranges;1;2.73;70199;
3921;Eggs;2;7.22;70199;
3921;Bananas;4;2.80;70199;
3921;Bread;2;3.16;70199;
3921;Apples;5;8.86;70199;
3922;Yogurt;4;3.28;85745;
3922;Apples;1;2.52;85745;
3922;Bananas;1;9.52;85745;
3923;Oranges;3;7.43;58140;
3923;Apples;2;6.16;58140;
3923;Bananas;3;3.02;58140;
3923;Chicken;2;5.13;58140;
3924;Bananas;3;2.41;44706;
3924;Oranges;4;7.49;44706;
3924;Tea;4;9.43;44706;
3924;Apples;1;8.81;44706;
3924;Potatoes;2;8.04;44706;
3924;Bread;2;1.59;44706;
3925;Bread;1;6.64;59010;
3925;Tomatoes;4;7.78;59010;
3925;Oranges;1;9.21;59010;
3925;Apples;4;1.16;59010;
3925;Yogurt;1;1.31;59010;
3925;Pasta;4;2.22;59010;
3925;Eggs;4;3.31;59010;
3925;Bananas;1;4.31;59010;
3926;Chicken;3;9.27;14775;
3926;Juice;1;6.16;14775;
3926;Tomatoes;1;2.70;14775;
3926;Cheese;5;5.99;14775;
3926;Onions;3;2.06;14775;
3926;Potatoes;5;1.06;14775;
3927;Tomatoes;5;9.92;59973;
3927;Cheese;1;2.85;59973;
3927;Potatoes;4;3.44;59973;
3927;Pasta;5;6.47;59973;
3928;Tea;4;5.99;45363;
3928;Sugar;4;1.61;45363;
3928;Juice;3;2.98;45363;
3928;Onions;5;1.27;45363;
3928;Milk;3;4.77;45363;
3928;Bread;3;8.97;45363;
3928;Coffee;2;4.97;45363;
3929;Cheese;4;3.72;71760;
3929;Pasta;1;6.96;71760;
3929;Tomatoes;2;7.32;71760;
3929;Eggs;4;1.89;71760;
3930;Bread;4;2.46;42870;
3930;Bananas;5;9.81;42870;
3930;Cereal;4;6.06;42870;
3930;Butter;1;6.39;42870;
3930;Milk;4;9.38;42870;
3930;Sugar;2;7.45;42870;
3931;Eggs;3;8.62;81780;
3931;Potatoes;4;9.76;81780;
3931;Apples;3;3.86;81780;
3931;Cheese;4;3.86;81780;
3931;Yogurt;5;2.52;81780;
3931;Milk;5;9.57;81780;
3931;Bananas;5;9.68;81780;
3931;Chicken;4;7.53;81780;
3932;Apples;3;5.50;63820;
3932;Tomatoes;4;5.14;63820;
3932;Cheese;1;4.75;63820;
3932;Yogurt;5;2.40;63820;
3932;Milk;4;7.82;63820;
3932;Pasta;1;2.90;63820;
3932;Bread;1;4.12;63820;
3932;Juice;3;9.07;63820;
3933;Pasta;3;9.26;21596;
3933;Cereal;3;9.95;21596;
3933;Milk;2;5.13;21596;
3933;Butter;4;3.07;21596;
3933;Tomatoes;3;9.68;21596;
3933;Potatoes;2;2.57;21596;
3933;Chicken;4;2.21;21596;
3933;Onions;5;9.38;21596;
3934;Tomatoes;1;5.85;49080;
3934;Chicken;4;9.18;49080;
3934;Yogurt;2;9.34;49080;
3934;Bananas;5;8.70;49080;
3934;Apples;2;2.96;49080;
3935;Apples;5;5.60;32423;
3935;Cereal;1;9.94;32423;
3935;Milk;2;3.74;32423;
3935;Bananas;3;6.85;32423;
3936;Oranges;1;2.25;72714;
3936;Eggs;4;1.80;72714;
3936;Coffee;5;5.06;72714;
3936;Apples;4;3.20;72714;
3936;Bananas;2;4.56;72714;
3936;Juice;1;9.82;72714;
3936;Yogurt;4;5.44;72714;
3937;Oranges;1;3.41;85598;
3937;Cheese;3;5.28;85598;
3937;Milk;1;9.41;85598;
3937;Tea;4;6.21;85598;
3937;Tomatoes;5;5.04;85598;
3937;Sugar;2;7.47;85598;
3937;Pasta;4;1.24;85598;
3937;Potatoes;3;9.48;85598;
3938;Coffee;4;8.53;29710;
3938;Potatoes;5;4.27;29710;
3938;Sugar;4;3.56;29710;
3938;Yogurt;1;3.56;29710;
3938;Tea;4;5.08;29710;
3939;Apples;3;2.33;69632;
3939;Pasta;1;3.68;69632;
3939;Yogurt;2;5.75;69632;
3939;Bananas;5;8.12;69632;
3940;Bananas;3;7.79;30658;
3940;Eggs;1;4.39;30658;
3940;Cereal;3;2.36;30658;
3940;Milk;3;9.30;30658;
3941;Sugar;4;6.08;32703;
3941;Coffee;1;1.75;32703;
3941;Butter;3;1.22;32703;
3941;Bread;4;9.12;32703;
3942;Bananas;1;4.99;25262;
3942;Chicken;4;7.37;25262;
3942;Cereal;2;6.90;25262;
3942;Milk;3;1.19;25262;
3943;Apples;5;3.27;66851;
3943;Bananas;3;7.55;66851;
3943;Milk;4;8.37;66851;
3943;Chicken;3;5.73;66851;
3943;Yogurt;5;4.81;66851;
3944;Oranges;5;7.79;12191;
3944;Tea;2;6.71;12191;
3944;Cereal;2;6.93;12191;
3944;Apples;5;7.83;12191;
3944;Bananas;2;6.83;12191;
3945;Onions;1;3.87;65794;
3945;Oranges;2;8.68;65794;
3945;Milk;3;2.77;65794;
3945;Yogurt;2;9.23;65794;
3945;Bananas;2;5.56;65794;
3945;Cereal;2;2.51;65794;
3946;Cheese;5;6.18;33086;
3946;Pasta;5;2.96;33086;
3946;Tomatoes;2;1.91;33086;
3947;Tea;5;1.86;48984;
3947;Coffee;3;4.97;48984;
3947;Sugar;3;5.75;48984;
3948;Butter;3;5.80;89197;
3948;Tea;4;7.12;89197;
3948;Sugar;2;8.20;89197;
3948;Coffee;4;1.90;89197;
3948;Eggs;3;7.08;89197;
3948;Bread;4;9.38;89197;
3949;Apples;2;7.53;89833;
3949;Coffee;2;6.06;89833;
3949;Cheese;3;6.50;89833;
3949;Potatoes;1;9.66;89833;
3949;Bananas;4;6.29;89833;
3949;Yogurt;1;1.06;89833;
3950;Yogurt;4;7.32;72698;
3950;Bananas;2;5.14;72698;
3950;Apples;2;1.70;72698;
3951;Tomatoes;3;6.76;37231;
3951;Potatoes;5;5.96;37231;
3951;Onions;5;6.35;37231;
3952;Pasta;1;3.97;33160;
3952;Tomatoes;5;2.69;33160;
3952;Cheese;1;9.90;33160;
3953;Milk;2;2.12;97403;
3953;Bananas;1;3.96;97403;
3953;Cereal;4;8.61;97403;
3954;Milk;2;2.98;34721;
3954;Cereal;2;2.78;34721;
3954;Bread;4;7.98;34721;
3954;Apples;3;1.59;34721;
3954;Bananas;1;4.13;34721;
3954;Onions;5;4.49;34721;
3955;Potatoes;2;4.34;77252;
3955;Chicken;3;5.20;77252;
3955;Tomatoes;4;2.91;77252;
3955;Onions;2;5.86;77252;
3956;Bread;1;6.47;58129;
3956;Coffee;5;9.40;58129;
3956;Sugar;2;1.81;58129;
3956;Tea;2;3.84;58129;
3957;Cheese;1;8.24;53273;
3957;Bread;4;7.20;53273;
3957;Eggs;4;4.55;53273;
3957;Pasta;3;7.39;53273;
3957;Tea;4;3.47;53273;
3957;Coffee;5;3.34;53273;
3957;Butter;3;6.37;53273;
3957;Tomatoes;2;6.08;53273;
3958;Tomatoes;1;8.30;35633;
3958;Cheese;5;6.78;35633;
3958;Onions;2;8.57;35633;
3958;Potatoes;2;7.92;35633;
3958;Chicken;3;9.20;35633;
3958;Coffee;1;7.57;35633;
3959;Coffee;2;9.36;15834;
3959;Bread;2;4.66;15834;
3959;Sugar;1;3.58;15834;
3959;Milk;1;3.58;15834;
3959;Butter;5;3.30;15834;
3959;Cereal;1;1.23;15834;
3959;Apples;2;9.25;15834;
3960;Cheese;4;3.29;23476;
3960;Pasta;1;1.63;23476;
3960;Tomatoes;3;8.05;23476;
3961;Sugar;4;7.47;29435;
3961;Coffee;1;8.56;29435;
3961;Milk;2;1.30;29435;
3961;Cheese;5;1.55;29435;
3961;Tea;1;4.25;29435;
3961;Yogurt;3;8.85;29435;
3962;Oranges;2;4.95;37615;
3962;Bananas;4;2.56;37615;
3962;Apples;4;4.50;37615;
3963;Pasta;4;3.45;55354;
3963;Coffee;4;5.24;55354;
3963;Bread;2;2.31;55354;
3963;Tea;5;2.01;55354;
3963;Sugar;2;2.93;55354;
3964;Oranges;5;1.50;55049;
3964;Sugar;5;6.95;55049;
3964;Coffee;1;2.84;55049;
3964;Chicken;4;2.65;55049;
3964;Tea;4;3.00;55049;
3964;Juice;3;1.56;55049;
3964;Pasta;3;1.06;55049;
3965;Bananas;2;5.74;88057;
3965;Oranges;1;4.06;88057;
3965;Cereal;3;4.93;88057;
3965;Chicken;4;5.18;88057;
3965;Milk;4;2.80;88057;
3965;Bread;3;9.78;88057;
3965;Sugar;2;4.31;88057;
3966;Sugar;4;5.40;61084;
3966;Bread;5;2.76;61084;
3966;Coffee;1;4.34;61084;
3966;Butter;3;8.28;61084;
3967;Tomatoes;2;7.74;14015;
3967;Onions;5;1.24;14015;
3967;Potatoes;4;8.67;14015;
3967;Chicken;2;2.00;14015;
3967;Oranges;5;4.66;14015;
3967;Bread;1;9.30;14015;
3967;Butter;1;2.05;14015;
3968;Bananas;2;2.59;35859;
3968;Oranges;3;7.35;35859;
3968;Cheese;5;2.05;35859;
3968;Coffee;4;1.92;35859;
3968;Onions;2;7.18;35859;
3968;Apples;1;2.63;35859;
3968;Chicken;1;2.17;35859;
3968;Sugar;5;3.48;35859;
3969;Apples;5;3.24;73154;
3969;Bananas;3;1.15;73154;
3969;Yogurt;2;2.11;73154;
3970;Chicken;2;1.41;44997;
3970;Onions;3;4.53;44997;
3970;Yogurt;2;9.34;44997;
3970;Potatoes;3;2.19;44997;
3970;Tomatoes;5;1.71;44997;
3971;Cereal;5;5.22;79770;
3971;Bananas;4;4.47;79770;
3971;Tea;2;4.94;79770;
3971;Tomatoes;1;8.11;79770;
3971;Milk;1;4.25;79770;
3971;Onions;1;1.40;79770;
3971;Yogurt;4;6.19;79770;
3971;Cheese;2;9.22;79770;
3972;Chicken;4;1.42;35182;
3972;Butter;4;8.06;35182;
3972;Apples;2;3.01;35182;
3972;Bread;2;9.56;35182;
3972;Sugar;3;5.87;35182;
3972;Bananas;2;5.93;35182;
3972;Oranges;2;6.02;35182;
3972;Juice;4;3.22;35182;
3973;Coffee;5;4.58;41910;
3973;Pasta;5;8.96;41910;
3973;Tea;4;2.57;41910;
3973;Juice;3;8.66;41910;
3973;Tomatoes;1;6.75;41910;
3973;Cheese;2;4.04;41910;
3973;Bananas;5;1.89;41910;
3974;Potatoes;2;7.70;48523;
3974;Chicken;4;7.18;48523;
3974;Tea;4;6.42;48523;
3974;Tomatoes;5;5.53;48523;
3974;Apples;2;1.44;48523;
3974;Juice;2;8.72;48523;
3974;Onions;3;1.03;48523;
3975;Chicken;5;1.44;31084;
3975;Apples;2;7.57;31084;
3975;Bananas;3;2.46;31084;
3975;Juice;5;6.35;31084;
3975;Yogurt;4;7.58;31084;
3975;Bread;2;6.25;31084;
3975;Tea;1;1.68;31084;
3975;Butter;5;4.62;31084;
3976;Coffee;1;9.38;16174;
3976;Butter;3;4.50;16174;
3976;Bread;2;7.71;16174;
3976;Sugar;4;1.52;16174;
3976;Milk;3;1.15;16174;
3976;Juice;2;2.38;16174;
3976;Potatoes;5;3.65;16174;
3976;Eggs;3;9.41;16174;
3977;Apples;3;5.27;91008;
3977;Yogurt;3;6.85;91008;
3977;Bananas;3;8.16;91008;
3977;Sugar;4;5.18;91008;
3978;Bread;4;9.32;76204;
3978;Sugar;5;2.69;76204;
3978;Tomatoes;3;8.45;76204;
3978;Coffee;2;2.05;76204;
3978;Potatoes;5;7.07;76204;
3978;Onions;2;9.32;76204;
3978;Bananas;3;8.71;76204;
3978;Chicken;5;1.92;76204;
3979;Onions;1;8.22;28257;
3979;Potatoes;5;8.18;28257;
3979;Chicken;1;2.53;28257;
3979;Tomatoes;2;9.34;28257;
3980;Coffee;4;2.42;44280;
3980;Tea;1;2.06;44280;
3980;Sugar;2;4.67;44280;
3981;Coffee;3;1.23;45654;
3981;Tea;5;4.61;45654;
3981;Sugar;1;3.67;45654;
3982;Tea;5;5.45;74608;
3982;Yogurt;5;3.07;74608;
3982;Apples;5;8.68;74608;
3982;Butter;4;4.11;74608;
3982;Bread;3;7.54;74608;
3982;Oranges;3;5.29;74608;
3982;Bananas;4;4.14;74608;
3983;Apples;1;6.26;42814;
3983;Butter;4;7.13;42814;
3983;Chicken;5;9.63;42814;
3983;Bananas;4;7.54;42814;
3983;Yogurt;1;5.26;42814;
3983;Onions;4;9.61;42814;
3984;Potatoes;4;2.33;54459;
3984;Tomatoes;4;2.15;54459;
3984;Onions;2;9.97;54459;
3985;Oranges;4;4.58;59432;
3985;Bananas;4;3.63;59432;
3985;Apples;3;3.53;59432;
3985;Butter;5;1.69;59432;
3985;Yogurt;3;4.40;59432;
3986;Coffee;4;7.42;98485;
3986;Apples;1;5.80;98485;
3986;Tea;1;8.30;98485;
3986;Sugar;4;5.58;98485;
3986;Butter;1;3.80;98485;
3986;Cereal;2;3.33;98485;
3986;Potatoes;3;3.77;98485;
3986;Bread;5;1.22;98485;
3987;Eggs;2;9.49;48680;
3987;Pasta;3;8.42;48680;
3987;Juice;2;5.16;48680;
3987;Tomatoes;4;3.62;48680;
3987;Milk;1;8.25;48680;
3987;Cheese;5;3.42;48680;
3988;Chicken;1;1.30;90591;
3988;Potatoes;5;5.86;90591;
3988;Onions;1;9.69;90591;
3988;Bread;5;6.79;90591;
3988;Yogurt;4;1.17;90591;
3988;Tomatoes;5;5.42;90591;
3989;Bananas;4;9.30;77477;
3989;Milk;2;1.44;77477;
3989;Cereal;4;2.10;77477;
3990;Sugar;3;6.99;45319;
3990;Butter;3;9.32;45319;
3990;Bread;5;8.14;45319;
3991;Bananas;4;4.59;13649;
3991;Tomatoes;5;2.32;13649;
3991;Coffee;4;7.89;13649;
3991;Pasta;3;5.33;13649;
3991;Cheese;5;8.09;13649;
3991;Onions;5;2.92;13649;
3992;Bananas;1;6.61;45600;
3992;Onions;2;6.72;45600;
3992;Cheese;1;1.72;45600;
3992;Milk;4;3.02;45600;
3992;Cereal;3;2.95;45600;
3993;Bananas;1;5.98;40405;
3993;Bread;1;5.98;40405;
3993;Oranges;3;2.13;40405;
3993;Tomatoes;4;4.49;40405;
3993;Apples;4;9.19;40405;
3993;Sugar;3;3.27;40405;
3994;Sugar;5;4.04;74373;
3994;Tea;5;8.97;74373;
3994;Tomatoes;3;9.68;74373;
3994;Coffee;1;4.49;74373;
3994;Pasta;3;8.87;74373;
3995;Yogurt;3;4.71;13620;
3995;Bananas;3;8.29;13620;
3995;Cheese;1;1.79;13620;
3995;Apples;4;7.85;13620;
3995;Sugar;3;1.58;13620;
3995;Cereal;1;5.57;13620;
3995;Butter;3;9.21;13620;
3996;Cheese;1;4.20;47443;
3996;Potatoes;3;5.51;47443;
3996;Bread;2;7.79;47443;
3996;Pasta;1;6.83;47443;
3996;Onions;3;9.72;47443;
3996;Apples;3;4.87;47443;
3996;Tomatoes;3;4.72;47443;
3996;Juice;4;9.25;47443;
3997;Apples;1;7.83;37916;
3997;Sugar;3;9.56;37916;
3997;Oranges;5;2.13;37916;
3997;Cereal;1;8.96;37916;
3997;Tea;2;9.67;37916;
3997;Bananas;1;8.22;37916;
3997;Eggs;4;1.57;37916;
3998;Apples;5;2.44;59869;
3998;Oranges;3;8.42;59869;
3998;Bananas;4;6.09;59869;
3999;Chicken;2;9.71;52272;
3999;Cheese;4;4.63;52272;
3999;Tea;3;6.40;52272;
3999;Butter;2;9.70;52272;
3999;Pasta;4;4.87;52272;
3999;Tomatoes;1;5.35;52272;
4000;Oranges;4;7.76;33469;
4000;Apples;4;9.46;33469;
4000;Bananas;5;2.94;33469;
4000;Bread;3;3.22;33469;
4001;Apples;4;7.71;33047;
4001;Bananas;4;1.86;33047;
4001;Yogurt;3;7.34;33047;
4002;Tea;1;3.56;44358;
4002;Sugar;3;5.67;44358;
4002;Milk;2;8.28;44358;
4002;Coffee;5;4.89;44358;
4002;Eggs;5;4.58;44358;
4003;Bread;2;8.18;80274;
4003;Pasta;1;5.28;80274;
4003;Onions;5;8.95;80274;
4003;Oranges;1;8.82;80274;
4003;Bananas;1;7.72;80274;
4003;Milk;3;9.99;80274;
4003;Cereal;2;2.92;80274;
4004;Sugar;2;3.39;88065;
4004;Bananas;3;1.66;88065;
4004;Onions;5;8.44;88065;
4004;Coffee;1;5.52;88065;
4004;Chicken;2;1.09;88065;
4004;Cereal;4;1.50;88065;
4004;Tea;5;4.96;88065;
4004;Apples;5;6.49;88065;
4005;Oranges;3;9.92;62421;
4005;Sugar;1;1.52;62421;
4005;Coffee;3;4.90;62421;
4005;Tea;1;7.75;62421;
4006;Pasta;4;1.19;71605;
4006;Butter;4;3.08;71605;
4006;Potatoes;2;5.93;71605;
4006;Bread;4;5.55;71605;
4006;Yogurt;1;6.62;71605;
4006;Coffee;1;6.77;71605;
4006;Sugar;1;6.35;71605;
4007;Milk;3;8.27;72466;
4007;Cereal;1;5.01;72466;
4007;Coffee;3;3.33;72466;
4007;Chicken;1;3.69;72466;
4007;Bread;2;9.34;72466;
4007;Bananas;5;1.89;72466;
4007;Tea;4;4.28;72466;
4007;Apples;4;4.93;72466;
4008;Bread;4;8.36;69447;
4008;Butter;1;3.92;69447;
4008;Oranges;4;7.34;69447;
4008;Sugar;5;2.28;69447;
4008;Eggs;4;6.07;69447;
4008;Coffee;3;1.18;69447;
4008;Tomatoes;3;8.10;69447;
4009;Yogurt;3;4.94;32253;
4009;Apples;2;4.17;32253;
4009;Bananas;5;1.02;32253;
4009;Cereal;2;4.13;32253;
4009;Oranges;5;1.45;32253;
4010;Yogurt;3;4.49;69419;
4010;Bananas;5;4.41;69419;
4010;Apples;4;7.14;69419;
4011;Chicken;2;2.25;33727;
4011;Butter;1;1.92;33727;
4011;Bread;5;4.03;33727;
4011;Eggs;4;1.06;33727;
4011;Apples;2;9.20;33727;
4011;Bananas;4;3.54;33727;
4011;Oranges;4;8.12;33727;
4012;Butter;2;1.25;60926;
4012;Apples;2;4.86;60926;
4012;Bananas;3;1.80;60926;
4012;Oranges;2;9.23;60926;
4013;Potatoes;4;9.17;18683;
4013;Tomatoes;5;8.47;18683;
4013;Chicken;5;6.64;18683;
4013;Onions;2;2.12;18683;
4013;Bananas;3;1.31;18683;
4014;Pasta;1;3.51;35051;
4014;Coffee;3;7.41;35051;
4014;Apples;5;5.51;35051;
4014;Bananas;4;9.44;35051;
4014;Yogurt;2;2.67;35051;
4015;Chicken;4;1.84;22347;
4015;Tea;4;1.36;22347;
4015;Juice;1;5.60;22347;
4015;Coffee;1;3.31;22347;
4015;Sugar;5;5.00;22347;
4015;Milk;3;4.23;22347;
4016;Tea;3;9.64;90119;
4016;Coffee;2;2.17;90119;
4016;Apples;3;6.22;90119;
4016;Oranges;2;2.25;90119;
4016;Sugar;4;1.74;90119;
4017;Yogurt;3;1.03;47979;
4017;Apples;5;2.15;47979;
4017;Bananas;3;7.44;47979;
4018;Cereal;3;7.22;52247;
4018;Coffee;1;1.32;52247;
4018;Butter;4;5.38;52247;
4018;Bread;3;4.22;52247;
4018;Apples;1;4.29;52247;
4018;Eggs;2;5.36;52247;
4018;Sugar;5;9.75;52247;
4018;Oranges;3;6.92;52247;
4019;Chicken;3;9.25;13389;
4019;Juice;1;1.44;13389;
4019;Tomatoes;4;1.70;13389;
4019;Apples;4;5.91;13389;
4019;Bananas;3;7.08;13389;
4019;Yogurt;4;1.59;13389;
4020;Cheese;5;1.46;68794;
4020;Pasta;4;2.51;68794;
4020;Sugar;5;1.53;68794;
4020;Oranges;3;3.98;68794;
4020;Tomatoes;3;4.56;68794;
4020;Onions;2;6.56;68794;
4021;Potatoes;2;2.84;40868;
4021;Apples;3;4.00;40868;
4021;Milk;2;9.21;40868;
4021;Butter;1;3.08;40868;
4021;Coffee;3;9.39;40868;
4021;Oranges;4;9.17;40868;
4021;Bananas;4;8.44;40868;
4021;Tea;1;7.45;40868;
4022;Sugar;1;8.69;22454;
4022;Pasta;5;7.74;22454;
4022;Milk;2;7.10;22454;
4022;Coffee;3;4.83;22454;
4022;Tea;3;8.54;22454;
4023;Juice;5;7.13;97937;
4023;Onions;1;3.81;97937;
4023;Tea;4;6.62;97937;
4023;Sugar;2;2.60;97937;
4023;Coffee;5;7.84;97937;
4023;Chicken;4;1.91;97937;
4024;Sugar;1;2.58;95515;
4024;Tomatoes;3;4.88;95515;
4024;Bananas;3;9.07;95515;
4024;Cereal;5;7.44;95515;
4024;Apples;4;1.52;95515;
4024;Tea;2;6.39;95515;
4024;Oranges;1;8.63;95515;
4024;Yogurt;2;2.27;95515;
4025;Pasta;3;2.37;33706;
4025;Yogurt;4;3.18;33706;
4025;Apples;1;1.86;33706;
4025;Oranges;3;3.27;33706;
4025;Bananas;5;5.20;33706;
4026;Bananas;1;3.13;74239;
4026;Chicken;2;7.98;74239;
4026;Apples;5;1.97;74239;
4026;Oranges;2;4.23;74239;
4026;Yogurt;3;7.35;74239;
4027;Chicken;1;5.35;29596;
4027;Milk;2;8.92;29596;
4027;Bananas;5;5.28;29596;
4027;Onions;4;8.70;29596;
4027;Cereal;4;1.16;29596;
4028;Bananas;2;2.45;53887;
4028;Coffee;1;8.23;53887;
4028;Oranges;4;7.92;53887;
4028;Apples;3;2.00;53887;
4028;Pasta;1;6.95;53887;
4029;Milk;1;3.34;35077;
4029;Bananas;3;2.04;35077;
4029;Cereal;5;6.16;35077;
4030;Onions;3;6.16;57827;
4030;Bread;3;6.79;57827;
4030;Cheese;5;2.95;57827;
4030;Cereal;4;3.67;57827;
4030;Tomatoes;4;5.48;57827;
4030;Pasta;4;4.63;57827;
4030;Juice;5;8.66;57827;
4031;Tea;2;1.07;25650;
4031;Sugar;4;6.74;25650;
4031;Coffee;3;9.10;25650;
4032;Chicken;5;5.61;75578;
4032;Onions;1;8.36;75578;
4032;Potatoes;2;8.90;75578;
4032;Tomatoes;1;9.80;75578;
4032;Oranges;3;1.84;75578;
4033;Apples;3;9.15;64429;
4033;Cereal;1;5.02;64429;
4033;Yogurt;2;3.78;64429;
4033;Bananas;1;3.28;64429;
4033;Oranges;3;7.41;64429;
4033;Potatoes;4;8.64;64429;
4034;Potatoes;2;4.25;48914;
4034;Coffee;5;3.95;48914;
4034;Tomatoes;1;5.51;48914;
4034;Chicken;2;5.98;48914;
4034;Onions;4;4.24;48914;
4034;Tea;3;1.44;48914;
4035;Sugar;2;9.97;86729;
4035;Bananas;1;1.81;86729;
4035;Chicken;1;4.93;86729;
4035;Oranges;3;5.53;86729;
4035;Coffee;1;7.58;86729;
4035;Tea;3;5.04;86729;
4036;Oranges;5;8.02;82966;
4036;Apples;1;5.73;82966;
4036;Bananas;1;6.94;82966;
4037;Butter;4;6.18;65310;
4037;Sugar;3;1.20;65310;
4037;Coffee;1;3.10;65310;
4037;Apples;3;6.66;65310;
4037;Cereal;2;2.60;65310;
4037;Chicken;2;4.96;65310;
4037;Bread;2;4.04;65310;
4037;Potatoes;2;4.41;65310;
4038;Apples;3;8.37;45567;
4038;Bananas;2;6.07;45567;
4038;Pasta;1;3.36;45567;
4038;Bread;4;2.30;45567;
4038;Oranges;3;9.61;45567;
4039;Eggs;2;1.69;10736;
4039;Bananas;5;8.46;10736;
4039;Yogurt;5;2.42;10736;
4039;Apples;5;9.01;10736;
4040;Tomatoes;1;5.66;66999;
4040;Apples;2;7.78;66999;
4040;Coffee;5;8.03;66999;
4040;Oranges;4;3.75;66999;
4040;Butter;1;9.30;66999;
4040;Bananas;2;9.10;66999;
4041;Potatoes;4;9.85;11497;
4041;Pasta;3;6.73;11497;
4041;Eggs;5;5.54;11497;
4041;Tomatoes;2;3.64;11497;
4041;Onions;2;6.81;11497;
4041;Chicken;2;1.15;11497;
4041;Juice;5;9.97;11497;
4041;Butter;5;2.83;11497;
4042;Coffee;1;1.96;69618;
4042;Cereal;4;5.54;69618;
4042;Tea;2;7.78;69618;
4042;Sugar;3;4.50;69618;
4043;Bread;4;7.40;58640;
4043;Potatoes;1;6.04;58640;
4043;Onions;2;3.33;58640;
4043;Apples;2;8.47;58640;
4043;Chicken;3;1.62;58640;
4043;Tomatoes;1;7.07;58640;
4044;Eggs;5;6.97;76539;
4044;Chicken;4;2.59;76539;
4044;Pasta;2;7.61;76539;
4044;Bananas;1;9.79;76539;
4044;Potatoes;5;9.64;76539;
4044;Onions;4;6.77;76539;
4044;Tomatoes;1;9.06;76539;
4045;Butter;4;5.01;23058;
4045;Cheese;1;3.25;23058;
4045;Tomatoes;3;1.88;23058;
4045;Oranges;4;5.13;23058;
4045;Pasta;1;4.65;23058;
4046;Oranges;5;4.96;17745;
4046;Yogurt;2;8.20;17745;
4046;Butter;1;9.97;17745;
4046;Potatoes;5;7.77;17745;
4046;Juice;2;4.08;17745;
4046;Chicken;2;4.20;17745;
4046;Apples;2;7.59;17745;
4046;Bananas;2;5.60;17745;
4047;Yogurt;3;7.76;43465;
4047;Bananas;1;2.81;43465;
4047;Sugar;5;8.66;43465;
4047;Cheese;1;2.77;43465;
4047;Pasta;4;7.89;43465;
4047;Apples;4;7.92;43465;
4047;Coffee;2;6.99;43465;
4048;Bananas;5;8.82;96391;
4048;Cheese;5;4.10;96391;
4048;Eggs;1;3.15;96391;
4048;Apples;3;4.32;96391;
4048;Oranges;3;3.89;96391;
4048;Potatoes;5;6.14;96391;
4049;Apples;3;7.61;44511;
4049;Tea;3;8.87;44511;
4049;Coffee;2;9.16;44511;
4049;Sugar;1;3.37;44511;
4049;Oranges;1;5.06;44511;
4050;Eggs;2;2.34;65280;
4050;Butter;3;4.65;65280;
4050;Bananas;4;3.21;65280;
4050;Oranges;3;8.31;65280;
4050;Pasta;3;5.64;65280;
4050;Apples;4;7.66;65280;
4050;Yogurt;3;2.18;65280;
4050;Cereal;2;2.13;65280;
4051;Cheese;1;2.92;99313;
4051;Sugar;4;7.61;99313;
4051;Tea;5;1.10;99313;
4051;Pasta;1;6.85;99313;
4051;Tomatoes;3;5.39;99313;
4052;Pasta;2;9.59;72776;
4052;Sugar;2;6.67;72776;
4052;Chicken;5;4.19;72776;
4052;Cheese;1;4.33;72776;
4052;Tomatoes;2;7.52;72776;
4053;Oranges;3;2.29;16913;
4053;Yogurt;2;5.21;16913;
4053;Apples;2;7.98;16913;
4053;Bread;4;7.71;16913;
4053;Bananas;2;4.17;16913;
4054;Juice;2;1.50;11280;
4054;Yogurt;2;6.57;11280;
4054;Pasta;4;2.39;11280;
4054;Apples;1;1.86;11280;
4054;Bananas;5;9.20;11280;
4055;Cereal;5;1.95;20982;
4055;Milk;4;1.41;20982;
4055;Bananas;4;8.19;20982;
4056;Yogurt;5;5.97;69667;
4056;Milk;3;3.25;69667;
4056;Bananas;1;9.94;69667;
4056;Potatoes;1;6.58;69667;
4056;Chicken;1;2.78;69667;
4056;Apples;3;2.27;69667;
4057;Tomatoes;1;8.44;37045;
4057;Pasta;1;1.78;37045;
4057;Cheese;5;5.63;37045;
4058;Chicken;4;8.59;53523;
4058;Tomatoes;1;7.85;53523;
4058;Onions;5;8.63;53523;
4058;Potatoes;4;6.07;53523;
4059;Tea;3;3.46;87409;
4059;Milk;4;1.67;87409;
4059;Bread;3;9.46;87409;
4059;Sugar;4;8.74;87409;
4059;Cereal;5;2.16;87409;
4059;Coffee;3;5.54;87409;
4059;Tomatoes;3;2.67;87409;
4060;Eggs;2;3.98;37460;
4060;Apples;4;8.99;37460;
4060;Sugar;2;3.42;37460;
4060;Tea;4;2.41;37460;
4060;Butter;5;8.47;37460;
4060;Onions;5;1.92;37460;
4060;Coffee;2;6.46;37460;
4061;Cheese;3;5.89;86790;
4061;Potatoes;4;8.55;86790;
4061;Tomatoes;5;2.15;86790;
4061;Pasta;5;2.47;86790;
4061;Chicken;2;9.18;86790;
4062;Onions;2;7.65;29003;
4062;Tomatoes;1;5.98;29003;
4062;Chicken;4;1.76;29003;
4062;Potatoes;4;1.56;29003;
4062;Milk;1;6.29;29003;
4063;Chicken;1;6.14;27213;
4063;Onions;1;7.03;27213;
4063;Pasta;1;3.81;27213;
4063;Eggs;4;4.88;27213;
4063;Cheese;2;3.85;27213;
4063;Tomatoes;2;5.93;27213;
4063;Milk;5;1.76;27213;
4064;Bananas;5;4.38;58535;
4064;Eggs;5;8.99;58535;
4064;Milk;1;5.19;58535;
4064;Cereal;1;9.36;58535;
4064;Bread;2;7.21;58535;
4065;Onions;4;3.04;41475;
4065;Chicken;1;3.32;41475;
4065;Tomatoes;4;6.32;41475;
4066;Tomatoes;2;6.01;27562;
4066;Cheese;1;9.98;27562;
4066;Pasta;4;6.41;27562;
4066;Potatoes;3;7.39;27562;
4067;Bananas;2;9.60;65288;
4067;Cheese;1;7.37;65288;
4067;Oranges;2;5.72;65288;
4067;Apples;3;7.90;65288;
4068;Tomatoes;1;6.39;18769;
4068;Sugar;5;1.27;18769;
4068;Tea;5;9.00;18769;
4068;Bread;1;8.83;18769;
4068;Pasta;5;4.07;18769;
4068;Cheese;1;7.48;18769;
4068;Oranges;1;4.70;18769;
4069;Cereal;3;6.86;45940;
4069;Cheese;3;2.02;45940;
4069;Pasta;1;5.36;45940;
4069;Tomatoes;2;9.27;45940;
4070;Bread;1;3.84;20151;
4070;Milk;4;6.90;20151;
4070;Cereal;1;9.29;20151;
4070;Yogurt;4;4.87;20151;
4070;Bananas;4;9.95;20151;
4070;Pasta;1;8.98;20151;
4071;Potatoes;3;8.05;99263;
4071;Tea;4;5.77;99263;
4071;Milk;2;7.80;99263;
4071;Tomatoes;2;6.01;99263;
4071;Sugar;3;3.05;99263;
4071;Coffee;2;8.94;99263;
4072;Potatoes;2;7.28;59187;
4072;Tomatoes;4;6.44;59187;
4072;Oranges;1;8.24;59187;
4072;Onions;1;6.66;59187;
4072;Chicken;1;5.14;59187;
4073;Cheese;3;7.90;48748;
4073;Chicken;3;2.82;48748;
4073;Bread;3;4.21;48748;
4073;Butter;1;6.00;48748;
4073;Milk;1;4.06;48748;
4073;Oranges;2;7.43;48748;
4073;Sugar;1;6.27;48748;
4073;Coffee;4;5.20;48748;
4074;Coffee;3;5.18;97703;
4074;Bread;3;7.45;97703;
4074;Sugar;5;1.14;97703;
4074;Butter;5;3.15;97703;
4075;Cheese;3;1.56;95443;
4075;Tomatoes;4;3.36;95443;
4075;Pasta;3;4.08;95443;
4076;Bread;2;3.53;30383;
4076;Onions;2;9.07;30383;
4076;Chicken;2;5.62;30383;
4076;Potatoes;1;8.34;30383;
4076;Tomatoes;4;5.16;30383;
4077;Chicken;2;4.54;32268;
4077;Sugar;2;5.93;32268;
4077;Butter;4;1.70;32268;
4077;Onions;3;2.43;32268;
4077;Tomatoes;4;7.97;32268;
4077;Juice;1;8.63;32268;
4077;Potatoes;4;3.07;32268;
4078;Onions;3;9.28;24966;
4078;Chicken;2;9.69;24966;
4078;Potatoes;3;3.76;24966;
4078;Oranges;3;8.79;24966;
4078;Coffee;1;8.45;24966;
4078;Tomatoes;4;5.51;24966;
4079;Chicken;4;3.06;39248;
4079;Tomatoes;4;5.71;39248;
4079;Onions;5;5.09;39248;
4079;Potatoes;5;3.31;39248;
4080;Sugar;3;1.18;16176;
4080;Coffee;1;9.18;16176;
4080;Tea;4;7.24;16176;
4080;Cheese;5;4.91;16176;
4080;Cereal;1;1.92;16176;
4081;Yogurt;1;4.90;20526;
4081;Apples;5;5.21;20526;
4081;Eggs;3;8.98;20526;
4081;Bananas;3;6.55;20526;
4082;Oranges;5;2.40;14066;
4082;Bananas;2;3.15;14066;
4082;Sugar;2;8.70;14066;
4082;Potatoes;3;4.92;14066;
4082;Cereal;3;5.93;14066;
4082;Apples;1;7.32;14066;
4083;Chicken;2;8.19;72791;
4083;Onions;3;3.12;72791;
4083;Sugar;1;8.43;72791;
4083;Potatoes;1;4.06;72791;
4083;Tomatoes;1;2.79;72791;
4084;Tomatoes;3;6.92;66730;
4084;Bananas;5;5.42;66730;
4084;Cheese;3;7.17;66730;
4084;Coffee;4;2.75;66730;
4084;Sugar;1;1.26;66730;
4084;Chicken;2;8.12;66730;
4084;Cereal;5;2.06;66730;
4084;Tea;1;2.95;66730;
4085;Apples;1;9.03;63191;
4085;Bananas;1;1.84;63191;
4085;Milk;4;3.31;63191;
4085;Cereal;5;1.24;63191;
4086;Coffee;4;7.18;66433;
4086;Sugar;3;1.98;66433;
4086;Bread;1;3.31;66433;
4086;Tea;1;1.29;66433;
4086;Juice;2;2.87;66433;
4087;Coffee;2;5.61;70513;
4087;Sugar;3;8.45;70513;
4087;Butter;1;4.92;70513;
4088;Bananas;2;9.03;75798;
4088;Cereal;3;5.41;75798;
4088;Tea;2;3.91;75798;
4088;Coffee;2;1.96;75798;
4088;Butter;1;4.99;75798;
4088;Sugar;5;8.43;75798;
4089;Eggs;1;6.87;24746;
4089;Cereal;5;9.75;24746;
4089;Apples;1;4.18;24746;
4089;Chicken;4;2.47;24746;
4089;Yogurt;3;2.42;24746;
4089;Bananas;1;5.57;24746;
4089;Tomatoes;1;9.82;24746;
4090;Oranges;1;1.35;71809;
4090;Cheese;3;5.62;71809;
4090;Coffee;4;6.45;71809;
4090;Tomatoes;1;4.34;71809;
4090;Pasta;3;7.21;71809;
4090;Sugar;3;9.80;71809;
4090;Eggs;2;4.69;71809;
4091;Oranges;3;8.88;22698;
4091;Bananas;5;9.93;22698;
4091;Chicken;3;6.16;22698;
4091;Apples;1;7.82;22698;
4092;Bread;1;7.27;70511;
4092;Butter;5;4.36;70511;
4092;Oranges;5;4.49;70511;
4092;Coffee;3;2.78;70511;
4092;Sugar;2;3.12;70511;
4093;Onions;2;0.99;38424;
4093;Tomatoes;1;4.50;38424;
4093;Chicken;3;7.62;38424;
4093;Potatoes;3;2.92;38424;
4093;Coffee;5;7.84;38424;
4094;Milk;2;2.62;40911;
4094;Sugar;1;5.01;40911;
4094;Bread;1;6.90;40911;
4094;Butter;5;2.26;40911;
4094;Bananas;4;2.59;40911;
4094;Coffee;3;1.58;40911;
4095;Onions;3;3.01;44553;
4095;Potatoes;2;3.43;44553;
4095;Tomatoes;3;9.78;44553;
4096;Sugar;3;8.47;27321;
4096;Tomatoes;3;1.76;27321;
4096;Butter;1;5.46;27321;
4096;Coffee;2;1.01;27321;
4096;Bread;5;4.17;27321;
4097;Tea;3;1.98;39219;
4097;Cheese;5;1.34;39219;
4097;Sugar;1;3.43;39219;
4097;Coffee;3;2.48;39219;
4098;Yogurt;1;2.21;83705;
4098;Cheese;3;8.70;83705;
4098;Milk;2;5.13;83705;
4098;Tomatoes;1;8.54;83705;
4098;Potatoes;5;7.73;83705;
4098;Chicken;3;4.91;83705;
4098;Onions;5;2.80;83705;
4099;Coffee;1;4.21;80792;
4099;Sugar;3;5.41;80792;
4099;Butter;5;5.28;80792;
4099;Tea;4;8.64;80792;
4099;Bread;4;1.86;80792;
4100;Sugar;5;9.28;22513;
4100;Tea;1;4.61;22513;
4100;Coffee;2;2.61;22513;
4101;Tea;2;1.50;67735;
4101;Onions;5;7.90;67735;
4101;Oranges;3;3.13;67735;
4101;Potatoes;4;9.55;67735;
4101;Cheese;4;2.35;67735;
4101;Apples;1;6.24;67735;
4101;Bananas;5;4.21;67735;
4101;Cereal;2;4.29;67735;
4102;Pasta;5;7.37;10769;
4102;Tomatoes;4;5.52;10769;
4102;Cheese;3;5.42;10769;
4102;Cereal;4;2.69;10769;
4102;Onions;1;8.58;10769;
4102;Eggs;3;2.95;10769;
4103;Bananas;1;4.34;21853;
4103;Milk;2;7.98;21853;
4103;Chicken;1;2.09;21853;
4103;Apples;4;6.43;21853;
4103;Potatoes;2;4.45;21853;
4103;Oranges;4;7.81;21853;
4103;Sugar;3;6.15;21853;
4103;Yogurt;2;9.25;21853;
4104;Yogurt;1;8.03;77030;
4104;Coffee;4;5.27;77030;
4104;Butter;2;9.77;77030;
4104;Tomatoes;3;1.01;77030;
4104;Milk;4;3.81;77030;
4104;Pasta;3;6.83;77030;
4104;Apples;4;4.70;77030;
4104;Cheese;1;1.16;77030;
4105;Onions;5;1.43;30082;
4105;Cereal;2;4.98;30082;
4105;Potatoes;5;2.73;30082;
4105;Eggs;4;5.51;30082;
4105;Cheese;5;4.63;30082;
4105;Chicken;3;3.05;30082;
4105;Tomatoes;3;2.18;30082;
4106;Sugar;5;8.01;77079;
4106;Potatoes;4;7.73;77079;
4106;Coffee;1;1.38;77079;
4106;Tea;4;9.49;77079;
4107;Cheese;3;2.91;47209;
4107;Potatoes;2;3.32;47209;
4107;Bread;1;3.62;47209;
4107;Coffee;2;1.83;47209;
4107;Butter;5;1.40;47209;
4107;Sugar;2;1.65;47209;
4107;Cereal;4;6.18;47209;
4108;Oranges;1;1.59;36589;
4108;Apples;5;2.09;36589;
4108;Chicken;2;5.67;36589;
4108;Tea;2;5.65;36589;
4108;Bread;1;4.24;36589;
4108;Bananas;1;2.13;36589;
4109;Onions;1;9.58;34757;
4109;Tomatoes;5;7.33;34757;
4109;Potatoes;1;4.10;34757;
4109;Chicken;5;6.21;34757;
4109;Cheese;5;5.95;34757;
4109;Bananas;4;8.13;34757;
4110;Milk;4;4.47;74637;
4110;Juice;5;5.06;74637;
4110;Cheese;5;5.42;74637;
4110;Pasta;1;5.15;74637;
4110;Tomatoes;5;6.91;74637;
4110;Chicken;5;4.03;74637;
4110;Butter;3;7.37;74637;
4111;Yogurt;4;7.82;62333;
4111;Apples;3;9.19;62333;
4111;Sugar;5;5.16;62333;
4111;Milk;4;3.47;62333;
4111;Pasta;3;6.39;62333;
4111;Bananas;2;9.62;62333;
4111;Cheese;5;7.02;62333;
4112;Tea;4;4.22;16512;
4112;Coffee;3;9.97;16512;
4112;Sugar;2;4.40;16512;
4113;Chicken;2;6.78;41871;
4113;Bread;1;9.45;41871;
4113;Sugar;4;9.71;41871;
4113;Coffee;2;6.61;41871;
4113;Butter;3;4.66;41871;
4114;Pasta;4;1.04;97225;
4114;Tomatoes;1;9.05;97225;
4114;Cheese;2;5.27;97225;
4115;Eggs;3;8.39;15731;
4115;Butter;4;8.90;15731;
4115;Bread;4;5.65;15731;
4115;Oranges;1;1.77;15731;
4115;Pasta;5;9.14;15731;
4115;Sugar;4;2.09;15731;
4115;Coffee;2;7.64;15731;
4116;Pasta;5;1.45;74078;
4116;Onions;4;4.02;74078;
4116;Cheese;3;2.76;74078;
4116;Tomatoes;4;1.05;74078;
4117;Tomatoes;5;8.31;50030;
4117;Pasta;1;3.30;50030;
4117;Potatoes;3;2.24;50030;
4117;Chicken;1;7.20;50030;
4117;Coffee;3;4.35;50030;
4117;Bananas;5;3.15;50030;
4117;Cheese;5;8.98;50030;
4117;Eggs;2;1.91;50030;
4118;Yogurt;1;5.02;14026;
4118;Apples;3;4.50;14026;
4118;Bananas;3;6.80;14026;
4119;Pasta;4;8.55;97193;
4119;Potatoes;4;4.61;97193;
4119;Coffee;4;2.91;97193;
4119;Cereal;5;5.79;97193;
4119;Apples;5;1.61;97193;
4119;Onions;2;5.26;97193;
4119;Bananas;5;4.32;97193;
4119;Oranges;3;8.05;97193;
4120;Tomatoes;2;9.72;22298;
4120;Cheese;1;1.89;22298;
4120;Pasta;5;3.86;22298;
4121;Pasta;3;7.10;50666;
4121;Juice;5;1.40;50666;
4121;Cheese;2;7.97;50666;
4121;Eggs;1;3.94;50666;
4121;Butter;1;1.01;50666;
4121;Tomatoes;1;8.25;50666;
4121;Potatoes;3;7.23;50666;
4121;Sugar;1;9.20;50666;
4122;Cheese;3;9.86;82426;
4122;Tomatoes;3;6.96;82426;
4122;Tea;4;3.24;82426;
4122;Pasta;2;5.22;82426;
4123;Butter;2;4.82;61984;
4123;Cereal;4;7.03;61984;
4123;Milk;4;4.83;61984;
4123;Bananas;1;6.61;61984;
4123;Apples;2;6.46;61984;
4123;Yogurt;5;6.63;61984;
4124;Yogurt;1;6.72;58097;
4124;Potatoes;2;2.93;58097;
4124;Chicken;5;5.36;58097;
4124;Sugar;2;5.21;58097;
4124;Onions;3;3.93;58097;
4124;Tomatoes;5;1.21;58097;
4125;Milk;4;2.05;68959;
4125;Bananas;4;8.91;68959;
4125;Onions;1;1.89;68959;
4125;Cereal;4;9.17;68959;
4125;Potatoes;2;6.75;68959;
4126;Onions;3;5.58;54549;
4126;Apples;2;9.20;54549;
4126;Bananas;3;4.53;54549;
4126;Oranges;5;1.97;54549;
4126;Yogurt;5;2.26;54549;
4126;Milk;5;8.78;54549;
4126;Tea;1;1.89;54549;
4127;Butter;5;4.73;50021;
4127;Sugar;1;4.55;50021;
4127;Coffee;4;8.07;50021;
4127;Chicken;4;6.65;50021;
4127;Bread;1;3.05;50021;
4128;Tea;2;8.42;81330;
4128;Coffee;3;8.43;81330;
4128;Juice;3;4.91;81330;
4128;Onions;4;4.21;81330;
4128;Bananas;3;8.93;81330;
4128;Butter;4;8.47;81330;
4128;Sugar;3;3.39;81330;
4129;Potatoes;2;9.96;30959;
4129;Onions;1;3.68;30959;
4129;Chicken;5;2.35;30959;
4129;Tomatoes;3;9.86;30959;
4129;Pasta;1;7.00;30959;
4129;Sugar;4;4.42;30959;
4130;Potatoes;4;4.95;44073;
4130;Tea;3;9.10;44073;
4130;Coffee;5;8.72;44073;
4130;Apples;5;5.48;44073;
4130;Sugar;1;4.09;44073;
4131;Milk;4;8.40;29352;
4131;Sugar;4;5.99;29352;
4131;Bananas;4;4.93;29352;
4131;Cereal;5;1.85;29352;
4131;Potatoes;1;8.40;29352;
4132;Apples;2;2.72;76260;
4132;Milk;4;6.89;76260;
4132;Sugar;5;9.89;76260;
4132;Juice;4;7.30;76260;
4132;Chicken;4;7.94;76260;
4132;Oranges;1;1.49;76260;
4132;Bananas;2;9.43;76260;
4133;Cheese;4;1.78;66951;
4133;Cereal;3;8.96;66951;
4133;Apples;1;5.02;66951;
4133;Oranges;5;4.78;66951;
4133;Bananas;5;2.92;66951;
4133;Yogurt;2;1.09;66951;
4134;Sugar;2;4.94;62028;
4134;Bananas;1;6.12;62028;
4134;Butter;3;9.78;62028;
4134;Bread;4;1.09;62028;
4134;Apples;3;9.78;62028;
4134;Oranges;4;8.92;62028;
4134;Coffee;3;8.15;62028;
4135;Chicken;4;6.93;17698;
4135;Bananas;2;4.88;17698;
4135;Cheese;4;2.13;17698;
4135;Cereal;5;9.56;17698;
4135;Milk;1;8.01;17698;
4136;Coffee;3;4.16;75162;
4136;Butter;3;1.32;75162;
4136;Bread;4;2.40;75162;
4137;Tea;3;7.20;93691;
4137;Bananas;4;5.37;93691;
4137;Sugar;5;7.93;93691;
4137;Oranges;3;5.85;93691;
4137;Apples;5;7.08;93691;
4137;Tomatoes;3;6.36;93691;
4137;Milk;5;4.92;93691;
4138;Milk;1;8.42;10676;
4138;Chicken;5;6.42;10676;
4138;Pasta;4;5.03;10676;
4138;Potatoes;5;7.01;10676;
4138;Coffee;2;9.64;10676;
4138;Onions;4;5.49;10676;
4138;Tomatoes;3;3.10;10676;
4138;Yogurt;5;5.11;10676;
4139;Coffee;1;8.00;72469;
4139;Tea;3;9.08;72469;
4139;Sugar;5;9.78;72469;
4140;Pasta;1;7.57;51515;
4140;Cheese;3;2.67;51515;
4140;Tomatoes;5;5.46;51515;
4141;Cheese;2;8.78;23977;
4141;Apples;4;5.29;23977;
4141;Onions;3;4.47;23977;
4141;Bananas;4;2.09;23977;
4141;Yogurt;5;7.37;23977;
4141;Cereal;5;6.33;23977;
4141;Oranges;4;8.81;23977;
4142;Apples;2;4.22;15865;
4142;Tomatoes;1;3.37;15865;
4142;Bananas;4;8.35;15865;
4142;Yogurt;3;7.66;15865;
4143;Coffee;5;2.62;90660;
4143;Sugar;2;5.28;90660;
4143;Tea;5;5.06;90660;
4144;Cereal;2;6.62;33222;
4144;Bananas;2;6.41;33222;
4144;Milk;2;4.37;33222;
4145;Chicken;4;2.92;26134;
4145;Tomatoes;5;7.46;26134;
4145;Onions;1;6.32;26134;
4145;Potatoes;5;9.10;26134;
4146;Apples;3;4.72;72887;
4146;Tomatoes;3;4.61;72887;
4146;Yogurt;1;9.90;72887;
4146;Cheese;4;1.68;72887;
4146;Bananas;5;7.50;72887;
4147;Oranges;5;8.48;21261;
4147;Cereal;3;4.98;21261;
4147;Bananas;2;9.58;21261;
4147;Coffee;5;3.17;21261;
4147;Apples;1;5.07;21261;
4147;Bread;3;7.22;21261;
4147;Tomatoes;3;8.11;21261;
4148;Tomatoes;3;6.51;56873;
4148;Eggs;2;3.96;56873;
4148;Potatoes;4;8.29;56873;
4148;Onions;4;6.08;56873;
4148;Chicken;5;6.21;56873;
4148;Cereal;3;1.78;56873;
4148;Tea;1;3.35;56873;
4149;Bananas;4;5.30;38106;
4149;Milk;2;8.28;38106;
4149;Cereal;4;6.26;38106;
4150;Oranges;1;9.67;38194;
4150;Cheese;4;1.28;38194;
4150;Bananas;1;3.40;38194;
4150;Apples;1;9.67;38194;
4151;Bread;3;5.60;74381;
4151;Chicken;4;8.41;74381;
4151;Butter;5;2.22;74381;
4151;Coffee;3;8.65;74381;
4151;Sugar;4;8.07;74381;
4152;Coffee;2;3.73;83102;
4152;Sugar;3;8.40;83102;
4152;Butter;1;5.66;83102;
4153;Eggs;3;2.74;35584;
4153;Chicken;5;8.90;35584;
4153;Cereal;5;5.13;35584;
4153;Milk;3;8.86;35584;
4153;Bananas;3;4.84;35584;
4154;Sugar;5;9.14;98968;
4154;Coffee;3;3.00;98968;
4154;Tea;1;7.21;98968;
4154;Eggs;2;8.00;98968;
4154;Oranges;2;6.86;98968;
4154;Onions;1;9.00;98968;
4155;Butter;1;2.53;25353;
4155;Bread;5;1.08;25353;
4155;Sugar;2;6.33;25353;
4155;Coffee;3;4.82;25353;
4156;Oranges;1;7.72;80610;
4156;Apples;5;8.44;80610;
4156;Bananas;2;4.40;80610;
4157;Bananas;3;9.22;52894;
4157;Cereal;2;8.31;52894;
4157;Milk;3;1.13;52894;
4158;Cereal;2;7.23;48126;
4158;Sugar;3;7.88;48126;
4158;Yogurt;3;6.41;48126;
4158;Bananas;4;5.25;48126;
4158;Tea;3;6.16;48126;
4158;Coffee;1;7.62;48126;
4158;Milk;3;2.13;48126;
4158;Apples;5;9.93;48126;
4159;Eggs;2;8.84;40268;
4159;Bananas;5;9.24;40268;
4159;Sugar;1;1.88;40268;
4159;Cereal;5;5.35;40268;
4159;Apples;5;5.24;40268;
4159;Milk;5;2.50;40268;
4159;Butter;2;8.99;40268;
4160;Apples;4;3.51;11512;
4160;Sugar;5;8.66;11512;
4160;Onions;3;1.72;11512;
4160;Butter;5;9.43;11512;
4160;Chicken;1;9.07;11512;
4160;Potatoes;2;7.18;11512;
4160;Tomatoes;1;9.18;11512;
4161;Yogurt;5;5.14;23327;
4161;Oranges;2;4.00;23327;
4161;Onions;3;9.26;23327;
4161;Pasta;3;9.39;23327;
4161;Apples;1;3.52;23327;
4161;Bananas;5;1.51;23327;
4161;Bread;5;3.86;23327;
4162;Sugar;5;1.10;96273;
4162;Tea;2;4.12;96273;
4162;Coffee;3;4.65;96273;
4163;Onions;4;2.44;48830;
4163;Tomatoes;2;5.36;48830;
4163;Chicken;2;5.79;48830;
4163;Potatoes;1;9.92;48830;
4164;Tomatoes;3;5.91;15339;
4164;Cereal;3;3.35;15339;
4164;Milk;5;3.43;15339;
4164;Cheese;1;6.52;15339;
4164;Pasta;4;9.06;15339;
4164;Butter;4;6.69;15339;
4165;Tea;3;6.11;35819;
4165;Juice;5;7.61;35819;
4165;Onions;2;7.95;35819;
4165;Butter;3;9.41;35819;
4165;Apples;1;1.32;35819;
4165;Bananas;3;8.84;35819;
4165;Oranges;4;4.08;35819;
4166;Potatoes;4;5.98;85093;
4166;Coffee;5;3.64;85093;
4166;Sugar;2;6.76;85093;
4166;Bread;4;1.15;85093;
4166;Butter;1;3.80;85093;
4166;Cereal;2;3.49;85093;
4167;Onions;2;4.28;82941;
4167;Chicken;5;9.53;82941;
4167;Tomatoes;1;9.66;82941;
4167;Pasta;1;5.40;82941;
4167;Cheese;1;2.11;82941;
4167;Bread;5;5.31;82941;
4168;Sugar;3;2.54;27195;
4168;Butter;1;3.77;27195;
4168;Coffee;2;6.05;27195;
4169;Bananas;5;8.07;38130;
4169;Sugar;5;6.46;38130;
4169;Coffee;1;7.25;38130;
4169;Onions;4;8.28;38130;
4169;Pasta;4;4.15;38130;
4169;Apples;3;3.02;38130;
4169;Yogurt;5;6.86;38130;
4170;Bananas;2;2.42;49412;
4170;Apples;2;9.88;49412;
4170;Oranges;1;9.87;49412;
4171;Milk;5;8.20;90853;
4171;Potatoes;3;3.52;90853;
4171;Cereal;2;6.67;90853;
4171;Chicken;2;2.19;90853;
4171;Oranges;2;5.65;90853;
4171;Eggs;4;4.33;90853;
4171;Bananas;1;1.73;90853;
4172;Pasta;2;4.47;17754;
4172;Apples;2;3.25;17754;
4172;Cheese;2;9.31;17754;
4172;Tomatoes;5;7.48;17754;
4173;Oranges;5;8.11;45508;
4173;Chicken;4;3.97;45508;
4173;Bananas;5;2.71;45508;
4173;Sugar;3;7.41;45508;
4173;Apples;4;7.65;45508;
4174;Tea;4;6.70;70076;
4174;Bread;2;3.70;70076;
4174;Tomatoes;2;3.55;70076;
4174;Eggs;3;8.75;70076;
4174;Pasta;3;5.23;70076;
4174;Potatoes;1;8.76;70076;
4174;Juice;2;7.94;70076;
4174;Cheese;2;9.29;70076;
4175;Tomatoes;5;4.95;64130;
4175;Cheese;3;7.89;64130;
4175;Pasta;4;1.37;64130;
4175;Oranges;5;3.88;64130;
4176;Juice;4;9.29;58398;
4176;Tomatoes;1;7.07;58398;
4176;Cereal;4;1.66;58398;
4176;Butter;3;8.52;58398;
4176;Bananas;3;6.08;58398;
4176;Bread;1;6.95;58398;
4176;Milk;5;3.09;58398;
4176;Apples;2;2.19;58398;
4177;Coffee;2;3.35;16581;
4177;Sugar;3;1.29;16581;
4177;Butter;1;9.05;16581;
4178;Coffee;5;7.29;15272;
4178;Bread;5;4.66;15272;
4178;Juice;2;1.29;15272;
4178;Sugar;5;1.53;15272;
4178;Tea;4;6.42;15272;
4178;Butter;3;9.48;15272;
4179;Milk;2;1.30;35874;
4179;Pasta;4;4.42;35874;
4179;Tomatoes;5;5.43;35874;
4179;Apples;1;3.38;35874;
4179;Onions;1;2.44;35874;
4179;Juice;4;8.04;35874;
4179;Chicken;2;2.41;35874;
4179;Potatoes;3;8.04;35874;
4180;Apples;3;7.98;40816;
4180;Tomatoes;5;2.49;40816;
4180;Chicken;3;6.34;40816;
4180;Pasta;3;9.47;40816;
4180;Cheese;5;7.83;40816;
4180;Tea;2;8.76;40816;
4181;Tea;3;6.47;94374;
4181;Milk;3;1.17;94374;
4181;Coffee;3;5.92;94374;
4181;Sugar;1;2.38;94374;
4181;Apples;3;7.74;94374;
4182;Pasta;5;9.34;70456;
4182;Bananas;1;9.34;70456;
4182;Onions;1;4.14;70456;
4182;Apples;3;6.94;70456;
4182;Tomatoes;5;1.74;70456;
4182;Oranges;1;9.25;70456;
4182;Cheese;5;1.86;70456;
4183;Pasta;4;9.04;76048;
4183;Apples;2;6.26;76048;
4183;Bread;2;9.97;76048;
4183;Juice;4;1.66;76048;
4183;Bananas;1;7.86;76048;
4183;Yogurt;1;3.32;76048;
4184;Tea;1;8.14;80609;
4184;Bananas;4;5.70;80609;
4184;Coffee;3;4.48;80609;
4184;Butter;2;6.86;80609;
4184;Sugar;3;9.55;80609;
4184;Tomatoes;4;8.47;80609;
4185;Cereal;2;9.10;44220;
4185;Butter;3;1.38;44220;
4185;Bananas;2;9.44;44220;
4185;Milk;2;3.46;44220;
4186;Bread;3;6.95;42163;
4186;Sugar;2;3.22;42163;
4186;Coffee;4;2.99;42163;
4186;Butter;5;2.28;42163;
4186;Yogurt;4;2.41;42163;
4186;Eggs;5;5.14;42163;
4187;Tea;2;1.22;21484;
4187;Cheese;5;7.20;21484;
4187;Onions;5;9.25;21484;
4187;Tomatoes;2;6.72;21484;
4187;Sugar;2;5.03;21484;
4187;Pasta;3;6.17;21484;
4188;Cereal;4;4.71;26617;
4188;Pasta;2;9.45;26617;
4188;Onions;4;9.59;26617;
4188;Potatoes;5;3.28;26617;
4188;Milk;4;4.62;26617;
4188;Tomatoes;4;9.37;26617;
4188;Oranges;4;7.48;26617;
4188;Chicken;5;5.65;26617;
4189;Butter;3;6.45;50987;
4189;Yogurt;1;8.45;50987;
4189;Sugar;2;6.41;50987;
4189;Chicken;4;7.36;50987;
4189;Bananas;5;6.81;50987;
4189;Apples;2;7.74;50987;
4190;Eggs;5;9.85;82103;
4190;Oranges;2;2.38;82103;
4190;Cheese;2;4.56;82103;
4190;Coffee;4;6.45;82103;
4190;Apples;1;6.09;82103;
4190;Bananas;3;7.14;82103;
4191;Cheese;5;1.18;18999;
4191;Tea;1;5.65;18999;
4191;Coffee;5;6.06;18999;
4191;Sugar;4;2.09;18999;
4191;Bananas;1;3.41;18999;
4191;Cereal;2;5.61;18999;
4191;Milk;3;7.99;18999;
4192;Tea;5;9.97;80171;
4192;Apples;3;7.94;80171;
4192;Butter;5;9.94;80171;
4192;Coffee;5;8.95;80171;
4192;Chicken;2;7.96;80171;
4192;Sugar;2;2.54;80171;
4192;Pasta;1;8.85;80171;
4192;Bread;2;6.49;80171;
4193;Coffee;3;8.29;66508;
4193;Sugar;2;5.90;66508;
4193;Butter;1;4.68;66508;
4193;Bread;2;6.34;66508;
4194;Cheese;5;3.38;45636;
4194;Pasta;1;7.76;45636;
4194;Tomatoes;3;1.89;45636;
4195;Cereal;3;9.78;52487;
4195;Bread;5;7.91;52487;
4195;Apples;3;6.32;52487;
4195;Milk;4;2.63;52487;
4195;Onions;3;3.45;52487;
4195;Bananas;2;1.69;52487;
4195;Pasta;3;7.70;52487;
4195;Oranges;3;9.00;52487;
4196;Potatoes;3;7.93;81515;
4196;Apples;2;3.53;81515;
4196;Tomatoes;3;8.76;81515;
4196;Pasta;1;8.73;81515;
4196;Cheese;5;1.56;81515;
4196;Eggs;2;8.83;81515;
4197;Potatoes;1;9.69;95829;
4197;Cereal;3;1.45;95829;
4197;Butter;2;5.41;95829;
4197;Milk;1;8.39;95829;
4197;Pasta;5;1.02;95829;
4197;Tomatoes;1;4.12;95829;
4197;Eggs;2;9.09;95829;
4197;Cheese;5;1.74;95829;
4198;Milk;1;4.44;19193;
4198;Yogurt;5;7.05;19193;
4198;Pasta;3;7.49;19193;
4198;Bread;1;4.84;19193;
4198;Cereal;1;7.98;19193;
4198;Bananas;4;1.00;19193;
4198;Potatoes;3;9.88;19193;
4198;Cheese;2;1.42;19193;
4199;Pasta;4;6.33;36190;
4199;Apples;1;2.25;36190;
4199;Onions;1;3.07;36190;
4199;Cheese;3;1.34;36190;
4199;Tomatoes;4;6.75;36190;
4199;Yogurt;3;6.61;36190;
4200;Pasta;1;9.14;77405;
4200;Tomatoes;5;1.60;77405;
4200;Yogurt;3;3.01;77405;
4200;Oranges;2;9.61;77405;
4200;Bread;5;8.08;77405;
4200;Tea;2;7.64;77405;
4200;Cheese;3;1.16;77405;
4201;Cheese;5;2.13;72489;
4201;Pasta;3;8.82;72489;
4201;Tomatoes;1;3.06;72489;
4201;Yogurt;5;3.85;72489;
4202;Chicken;4;4.65;88438;
4202;Oranges;3;9.06;88438;
4202;Bananas;3;5.22;88438;
4202;Apples;2;4.77;88438;
4203;Potatoes;4;4.28;78153;
4203;Oranges;2;2.60;78153;
4203;Tomatoes;5;3.76;78153;
4203;Cheese;2;8.69;78153;
4203;Juice;5;1.18;78153;
4203;Onions;2;5.83;78153;
4203;Pasta;4;2.88;78153;
4203;Bananas;4;9.34;78153;
4204;Bread;4;7.51;28528;
4204;Coffee;5;2.50;28528;
4204;Sugar;2;5.26;28528;
4204;Butter;3;6.20;28528;
4205;Tomatoes;5;6.28;39743;
4205;Milk;4;8.57;39743;
4205;Bananas;5;7.70;39743;
4205;Apples;3;3.55;39743;
4205;Chicken;3;7.75;39743;
4205;Oranges;2;7.36;39743;
4205;Pasta;3;3.91;39743;
4205;Cheese;4;7.03;39743;
4206;Coffee;3;8.90;98517;
4206;Sugar;1;8.02;98517;
4206;Tea;4;6.06;98517;
4207;Sugar;1;5.03;58462;
4207;Coffee;5;2.04;58462;
4207;Tomatoes;1;1.60;58462;
4207;Bread;2;9.77;58462;
4207;Butter;5;3.04;58462;
4208;Bananas;4;5.37;30201;
4208;Cereal;1;8.88;30201;
4208;Potatoes;4;9.84;30201;
4208;Milk;1;5.46;30201;
4208;Apples;1;6.43;30201;
4208;Bread;3;4.10;30201;
4209;Cheese;3;3.16;73870;
4209;Tea;5;1.54;73870;
4209;Potatoes;4;1.03;73870;
4209;Sugar;3;2.43;73870;
4209;Tomatoes;5;5.69;73870;
4209;Pasta;1;6.21;73870;
4210;Milk;3;1.04;96615;
4210;Onions;1;4.08;96615;
4210;Apples;5;7.36;96615;
4210;Tomatoes;1;6.80;96615;
4210;Juice;4;3.79;96615;
4210;Cheese;3;8.16;96615;
4210;Potatoes;1;1.65;96615;
4210;Chicken;4;8.67;96615;
4211;Butter;5;8.29;37644;
4211;Bread;1;5.53;37644;
4211;Sugar;4;8.82;37644;
4211;Coffee;4;6.89;37644;
4211;Oranges;5;2.60;37644;
4212;Oranges;3;8.64;80262;
4212;Bananas;1;5.37;80262;
4212;Cereal;3;7.25;80262;
4212;Milk;4;9.41;80262;
4213;Coffee;4;8.81;22248;
4213;Apples;4;2.78;22248;
4213;Sugar;1;4.06;22248;
4213;Tea;3;9.21;22248;
4214;Yogurt;1;1.33;39634;
4214;Sugar;1;1.72;39634;
4214;Bananas;5;2.10;39634;
4214;Apples;4;7.76;39634;
4214;Bread;5;8.46;39634;
4214;Butter;1;4.38;39634;
4215;Sugar;3;5.95;15411;
4215;Milk;2;6.91;15411;
4215;Bananas;3;6.19;15411;
4215;Cereal;1;6.64;15411;
4215;Yogurt;2;1.17;15411;
4215;Pasta;1;8.73;15411;
4216;Chicken;2;6.07;86190;
4216;Tomatoes;5;3.88;86190;
4216;Sugar;1;9.59;86190;
4216;Onions;1;2.42;86190;
4216;Potatoes;5;2.13;86190;
4216;Eggs;1;5.75;86190;
4217;Onions;5;2.69;99881;
4217;Bread;1;1.40;99881;
4217;Coffee;1;1.62;99881;
4217;Sugar;5;7.98;99881;
4217;Tea;5;1.80;99881;
4217;Chicken;1;1.53;99881;
4218;Yogurt;1;3.89;52714;
4218;Bananas;2;6.25;52714;
4218;Apples;2;1.65;52714;
4218;Pasta;4;6.60;52714;
4218;Bread;4;7.81;52714;
4219;Tea;5;5.41;36558;
4219;Milk;2;1.52;36558;
4219;Sugar;1;4.26;36558;
4219;Coffee;3;6.85;36558;
4220;Sugar;2;6.14;58974;
4220;Bread;1;5.38;58974;
4220;Oranges;2;7.08;58974;
4220;Potatoes;2;4.80;58974;
4220;Coffee;5;8.58;58974;
4220;Butter;2;7.61;58974;
4221;Tomatoes;4;4.17;64145;
4221;Pasta;4;1.11;64145;
4221;Cheese;2;9.33;64145;
4222;Bananas;1;6.95;50086;
4222;Apples;3;3.97;50086;
4222;Oranges;1;3.13;50086;
4223;Chicken;3;2.62;66222;
4223;Tomatoes;1;1.65;66222;
4223;Bananas;2;2.39;66222;
4223;Cheese;4;9.83;66222;
4223;Potatoes;1;2.78;66222;
4223;Onions;5;7.00;66222;
4224;Potatoes;5;8.62;82650;
4224;Tomatoes;4;4.93;82650;
4224;Onions;1;1.32;82650;
4224;Chicken;5;4.20;82650;
4225;Sugar;3;6.83;35122;
4225;Tea;4;8.41;35122;
4225;Butter;2;8.07;35122;
4225;Coffee;3;4.82;35122;
4225;Eggs;5;8.67;35122;
4225;Bananas;2;4.11;35122;
4226;Eggs;1;5.91;83748;
4226;Tea;5;7.23;83748;
4226;Coffee;3;2.50;83748;
4226;Sugar;1;8.29;83748;
4227;Sugar;5;5.39;66348;
4227;Coffee;1;5.71;66348;
4227;Tea;3;6.67;66348;
4227;Oranges;4;3.74;66348;
4228;Onions;3;8.53;41039;
4228;Chicken;1;9.87;41039;
4228;Potatoes;5;3.81;41039;
4229;Apples;5;5.81;95345;
4229;Tea;5;6.76;95345;
4229;Sugar;5;5.98;95345;
4229;Eggs;4;6.48;95345;
4229;Coffee;2;3.87;95345;
4230;Onions;2;8.87;92069;
4230;Tomatoes;3;3.15;92069;
4230;Potatoes;3;8.31;92069;
4231;Apples;1;4.16;36774;
4231;Bananas;3;5.25;36774;
4231;Oranges;3;8.15;36774;
4231;Eggs;5;2.63;36774;
4231;Tea;1;1.80;36774;
4231;Pasta;3;7.79;36774;
4232;Apples;2;4.00;48115;
4232;Bananas;3;9.02;48115;
4232;Milk;4;5.87;48115;
4232;Oranges;3;1.21;48115;
4232;Yogurt;1;4.66;48115;
4232;Tomatoes;1;4.64;48115;
4232;Butter;1;1.46;48115;
4232;Onions;2;3.35;48115;
4233;Chicken;1;2.03;14930;
4233;Onions;5;6.40;14930;
4233;Tomatoes;2;7.94;14930;
4233;Potatoes;2;4.12;14930;
4234;Bananas;5;4.59;51794;
4234;Yogurt;2;7.98;51794;
4234;Apples;3;6.25;51794;
4234;Milk;2;6.26;51794;
4235;Chicken;1;8.00;16016;
4235;Bananas;3;9.15;16016;
4235;Apples;4;8.22;16016;
4235;Oranges;4;6.32;16016;
4235;Yogurt;3;5.84;16016;
4236;Cereal;5;5.24;74603;
4236;Yogurt;2;2.13;74603;
4236;Milk;4;1.92;74603;
4236;Bananas;1;7.53;74603;
4237;Pasta;4;6.10;34762;
4237;Tomatoes;5;5.82;34762;
4237;Apples;3;5.64;34762;
4237;Eggs;4;4.06;34762;
4237;Bananas;2;2.10;34762;
4237;Onions;1;3.47;34762;
4237;Cheese;4;8.42;34762;
4238;Milk;3;1.83;67340;
4238;Bananas;2;7.90;67340;
4238;Tomatoes;1;3.41;67340;
4238;Cereal;3;1.01;67340;
4238;Apples;4;3.39;67340;
4238;Tea;3;6.64;67340;
4238;Butter;1;8.32;67340;
4239;Coffee;1;1.71;64120;
4239;Onions;1;2.30;64120;
4239;Pasta;5;2.85;64120;
4239;Cheese;3;2.28;64120;
4239;Yogurt;1;6.61;64120;
4239;Tomatoes;5;2.43;64120;
4240;Tomatoes;5;1.10;14042;
4240;Pasta;1;1.97;14042;
4240;Bread;3;3.47;14042;
4240;Yogurt;5;6.84;14042;
4240;Cheese;2;5.38;14042;
4240;Cereal;4;9.16;14042;
4240;Sugar;5;4.35;14042;
4241;Milk;3;8.58;16601;
4241;Bananas;3;7.00;16601;
4241;Onions;3;6.65;16601;
4241;Yogurt;5;2.50;16601;
4241;Apples;1;8.99;16601;
4242;Coffee;3;4.88;41054;
4242;Bread;1;5.73;41054;
4242;Butter;5;5.72;41054;
4242;Sugar;4;8.31;41054;
4243;Bananas;3;7.07;92969;
4243;Oranges;5;3.94;92969;
4243;Yogurt;4;6.43;92969;
4243;Cereal;4;5.43;92969;
4243;Apples;4;3.08;92969;
4243;Potatoes;1;3.71;92969;
4243;Chicken;2;5.39;92969;
4244;Tea;5;2.68;50807;
4244;Coffee;2;2.46;50807;
4244;Sugar;3;1.06;50807;
4245;Oranges;5;4.81;69193;
4245;Apples;4;8.30;69193;
4245;Cereal;3;9.63;69193;
4245;Bananas;3;2.66;69193;
4246;Cereal;4;8.86;92361;
4246;Coffee;2;2.73;92361;
4246;Apples;3;2.43;92361;
4246;Tea;4;9.70;92361;
4246;Bread;3;3.93;92361;
4246;Butter;1;8.52;92361;
4246;Sugar;5;4.46;92361;
4247;Butter;4;9.32;98816;
4247;Sugar;4;8.67;98816;
4247;Yogurt;2;9.10;98816;
4247;Apples;4;5.19;98816;
4247;Coffee;4;7.41;98816;
4247;Bananas;1;1.46;98816;
4248;Potatoes;2;2.17;86083;
4248;Bananas;2;5.50;86083;
4248;Sugar;1;9.35;86083;
4248;Onions;3;4.26;86083;
4248;Cereal;1;4.90;86083;
4248;Chicken;4;2.11;86083;
4248;Tomatoes;4;4.70;86083;
4248;Oranges;3;2.78;86083;
4249;Chicken;3;5.67;36495;
4249;Coffee;3;8.92;36495;
4249;Pasta;1;5.83;36495;
4249;Sugar;1;3.93;36495;
4249;Tea;5;1.86;36495;
4250;Tomatoes;4;7.30;25860;
4250;Sugar;5;3.17;25860;
4250;Coffee;4;6.06;25860;
4250;Apples;2;2.51;25860;
4250;Tea;5;6.11;25860;
4250;Bread;4;1.08;25860;
4251;Cheese;4;5.71;26535;
4251;Apples;3;2.95;26535;
4251;Tomatoes;5;6.71;26535;
4251;Pasta;4;2.42;26535;
4251;Coffee;4;9.97;26535;
4251;Milk;1;1.01;26535;
4252;Sugar;2;2.66;81862;
4252;Bananas;4;8.32;81862;
4252;Apples;4;6.42;81862;
4252;Oranges;2;9.34;81862;
4252;Juice;3;2.71;81862;
4253;Oranges;1;2.76;41176;
4253;Bananas;1;3.28;41176;
4253;Apples;3;3.51;41176;
4253;Tea;1;3.29;41176;
4254;Tea;5;5.00;36763;
4254;Coffee;3;2.98;36763;
4254;Sugar;5;4.21;36763;
4254;Onions;2;1.05;36763;
4255;Tomatoes;5;3.21;42990;
4255;Chicken;5;4.93;42990;
4255;Onions;4;3.73;42990;
4255;Potatoes;1;8.77;42990;
4256;Butter;3;1.06;72387;
4256;Pasta;5;4.02;72387;
4256;Bananas;2;7.34;72387;
4256;Onions;5;6.25;72387;
4256;Yogurt;5;1.17;72387;
4256;Sugar;1;8.49;72387;
4256;Apples;4;4.60;72387;
4256;Bread;3;8.47;72387;
4257;Bananas;3;4.06;45189;
4257;Apples;4;7.20;45189;
4257;Cheese;4;1.09;45189;
4257;Oranges;3;2.63;45189;
4258;Chicken;2;8.73;62767;
4258;Bananas;1;8.66;62767;
4258;Tomatoes;5;8.28;62767;
4258;Coffee;2;3.27;62767;
4258;Potatoes;4;5.42;62767;
4258;Onions;3;8.64;62767;
4258;Milk;4;2.28;62767;
4259;Sugar;2;3.92;11797;
4259;Oranges;5;5.73;11797;
4259;Milk;4;4.95;11797;
4259;Tea;4;3.89;11797;
4259;Coffee;2;7.40;11797;
4260;Sugar;2;4.91;28535;
4260;Butter;4;3.44;28535;
4260;Coffee;4;2.64;28535;
4260;Onions;2;4.57;28535;
4260;Bread;3;3.61;28535;
4261;Sugar;2;4.58;66256;
4261;Coffee;5;9.82;66256;
4261;Tea;4;9.66;66256;
4262;Chicken;4;6.02;73177;
4262;Milk;2;3.16;73177;
4262;Onions;5;3.84;73177;
4262;Sugar;1;1.60;73177;
4262;Potatoes;2;4.87;73177;
4262;Tomatoes;2;1.60;73177;
4263;Tea;1;5.61;17103;
4263;Juice;5;5.25;17103;
4263;Sugar;1;1.80;17103;
4263;Coffee;1;1.50;17103;
4264;Bananas;1;6.62;74121;
4264;Sugar;2;4.69;74121;
4264;Bread;2;7.84;74121;
4264;Apples;5;2.49;74121;
4264;Coffee;1;7.03;74121;
4264;Tea;2;8.45;74121;
4264;Butter;2;3.92;74121;
4264;Yogurt;4;2.35;74121;
4265;Milk;5;7.45;64866;
4265;Cheese;4;9.30;64866;
4265;Pasta;3;4.11;64866;
4265;Eggs;3;8.50;64866;
4265;Tomatoes;2;5.89;64866;
4266;Tea;2;8.57;85062;
4266;Pasta;5;6.80;85062;
4266;Bananas;2;4.75;85062;
4266;Cereal;5;7.03;85062;
4266;Milk;2;2.45;85062;
4266;Bread;2;6.86;85062;
4266;Sugar;5;8.02;85062;
4267;Coffee;4;1.12;33172;
4267;Yogurt;2;9.89;33172;
4267;Tea;2;6.79;33172;
4267;Sugar;5;4.08;33172;
4267;Juice;2;1.22;33172;
4267;Onions;4;4.94;33172;
4268;Bananas;3;1.32;15541;
4268;Eggs;1;6.21;15541;
4268;Pasta;1;8.52;15541;
4268;Milk;2;4.66;15541;
4268;Cereal;4;1.97;15541;
4268;Tomatoes;3;4.83;15541;
4269;Coffee;1;5.42;60149;
4269;Sugar;5;1.42;60149;
4269;Butter;5;4.96;60149;
4269;Bread;3;1.86;60149;
4270;Butter;1;1.49;93060;
4270;Oranges;4;9.51;93060;
4270;Apples;5;2.90;93060;
4270;Bananas;3;9.37;93060;
4271;Milk;3;4.40;81947;
4271;Chicken;4;4.67;81947;
4271;Sugar;2;8.37;81947;
4271;Tomatoes;3;6.11;81947;
4271;Pasta;1;6.30;81947;
4271;Onions;3;9.10;81947;
4271;Potatoes;2;9.66;81947;
4271;Bread;1;6.40;81947;
4272;Tea;1;4.58;66122;
4272;Milk;3;2.16;66122;
4272;Coffee;2;1.09;66122;
4272;Sugar;1;2.14;66122;
4273;Tea;1;3.53;29730;
4273;Sugar;5;2.58;29730;
4273;Coffee;2;9.87;29730;
4274;Cheese;5;6.21;12720;
4274;Sugar;3;2.37;12720;
4274;Coffee;2;5.87;12720;
4274;Juice;3;7.55;12720;
4274;Tea;4;5.90;12720;
4274;Onions;1;2.82;12720;
4274;Eggs;1;9.51;12720;
4275;Coffee;3;9.10;21271;
4275;Chicken;3;2.06;21271;
4275;Bananas;5;7.62;21271;
4275;Bread;3;2.71;21271;
4275;Butter;4;2.50;21271;
4275;Sugar;5;9.66;21271;
4275;Cheese;3;5.16;21271;
4276;Potatoes;5;7.21;12953;
4276;Sugar;2;9.36;12953;
4276;Chicken;2;1.99;12953;
4276;Tomatoes;3;8.22;12953;
4276;Onions;3;9.15;12953;
4277;Bananas;2;3.12;84527;
4277;Milk;5;5.01;84527;
4277;Cereal;4;2.97;84527;
4278;Sugar;2;8.34;21754;
4278;Bread;2;1.12;21754;
4278;Cereal;3;8.31;21754;
4278;Pasta;5;7.00;21754;
4278;Butter;1;1.87;21754;
4278;Coffee;1;3.29;21754;
4279;Pasta;2;5.46;79203;
4279;Cheese;3;5.79;79203;
4279;Tomatoes;1;6.99;79203;
4279;Oranges;1;5.98;79203;
4280;Yogurt;5;5.48;42146;
4280;Milk;1;2.72;42146;
4280;Onions;2;7.98;42146;
4280;Apples;2;6.33;42146;
4280;Bananas;1;6.13;42146;
4281;Tomatoes;3;8.53;39187;
4281;Pasta;3;9.98;39187;
4281;Potatoes;4;7.12;39187;
4281;Cheese;3;4.73;39187;
4282;Oranges;4;7.85;61494;
4282;Sugar;2;1.50;61494;
4282;Cereal;4;6.57;61494;
4282;Yogurt;3;3.05;61494;
4282;Apples;2;7.39;61494;
4282;Bananas;2;7.65;61494;
4283;Onions;4;3.49;17781;
4283;Cheese;1;3.88;17781;
4283;Pasta;5;5.49;17781;
4283;Eggs;5;4.36;17781;
4283;Tomatoes;5;4.86;17781;
4283;Butter;3;1.43;17781;
4284;Milk;2;8.63;84652;
4284;Tea;4;2.62;84652;
4284;Bananas;5;9.69;84652;
4284;Sugar;3;9.24;84652;
4284;Coffee;5;5.51;84652;
4284;Onions;3;3.39;84652;
4285;Apples;2;1.57;96694;
4285;Oranges;1;9.37;96694;
4285;Bananas;5;3.25;96694;
4286;Sugar;3;1.35;76691;
4286;Onions;2;3.11;76691;
4286;Bread;1;7.67;76691;
4286;Cheese;4;4.28;76691;
4286;Butter;3;8.25;76691;
4286;Tomatoes;1;9.90;76691;
4286;Pasta;3;5.73;76691;
4287;Onions;3;8.35;82275;
4287;Tomatoes;3;6.17;82275;
4287;Chicken;3;1.37;82275;
4287;Potatoes;4;9.98;82275;
4288;Apples;5;3.66;82358;
4288;Sugar;4;6.01;82358;
4288;Potatoes;5;7.39;82358;
4288;Milk;5;6.44;82358;
4288;Tomatoes;1;1.94;82358;
4288;Yogurt;4;6.15;82358;
4288;Bananas;5;1.22;82358;
4288;Butter;2;7.08;82358;
4289;Coffee;3;4.92;64574;
4289;Apples;4;9.18;64574;
4289;Oranges;3;5.36;64574;
4289;Cheese;1;2.05;64574;
4289;Pasta;5;2.11;64574;
4289;Milk;1;8.52;64574;
4289;Tomatoes;4;3.41;64574;
4290;Tomatoes;4;9.19;46885;
4290;Cheese;4;5.06;46885;
4290;Milk;4;4.82;46885;
4290;Bananas;1;5.03;46885;
4290;Butter;2;8.76;46885;
4290;Cereal;2;8.49;46885;
4291;Bread;5;2.10;32455;
4291;Butter;2;5.65;32455;
4291;Sugar;4;3.61;32455;
4292;Bananas;5;9.18;61982;
4292;Yogurt;3;2.75;61982;
4292;Cereal;4;2.01;61982;
4292;Milk;4;2.15;61982;
4293;Oranges;2;5.93;68757;
4293;Apples;1;2.65;68757;
4293;Cheese;3;8.51;68757;
4293;Bananas;4;7.85;68757;
4293;Butter;4;5.97;68757;
4294;Apples;2;8.25;76635;
4294;Juice;3;6.38;76635;
4294;Tomatoes;4;1.05;76635;
4294;Coffee;5;3.60;76635;
4294;Bread;5;2.48;76635;
4294;Oranges;1;3.99;76635;
4294;Sugar;1;7.57;76635;
4294;Butter;5;7.48;76635;
4295;Potatoes;2;9.20;17560;
4295;Onions;5;8.91;17560;
4295;Chicken;3;8.91;17560;
4296;Yogurt;1;7.50;11356;
4296;Eggs;2;5.74;11356;
4296;Apples;2;3.29;11356;
4296;Bananas;3;7.55;11356;
4296;Onions;4;8.19;11356;
4296;Potatoes;1;1.41;11356;
4297;Yogurt;2;9.74;41880;
4297;Apples;5;9.52;41880;
4297;Bananas;2;1.51;41880;
4297;Sugar;2;9.55;41880;
4298;Milk;2;3.56;18385;
4298;Cereal;5;4.01;18385;
4298;Bananas;3;1.13;18385;
4298;Chicken;2;2.25;18385;
4298;Butter;5;6.80;18385;
4298;Onions;2;5.06;18385;
4299;Apples;2;6.67;88634;
4299;Yogurt;4;7.02;88634;
4299;Milk;5;1.91;88634;
4299;Cereal;3;4.86;88634;
4299;Pasta;5;9.06;88634;
4299;Bread;5;3.72;88634;
4299;Bananas;1;8.43;88634;
4300;Bread;2;2.65;39034;
4300;Sugar;2;7.21;39034;
4300;Cereal;1;2.13;39034;
4300;Butter;1;5.62;39034;
4300;Coffee;1;1.84;39034;
4300;Milk;3;2.65;39034;
4300;Cheese;4;9.76;39034;
4301;Cheese;5;4.34;83667;
4301;Pasta;5;6.90;83667;
4301;Tomatoes;1;2.39;83667;
4302;Bananas;3;8.10;49823;
4302;Cereal;3;9.46;49823;
4302;Cheese;2;9.26;49823;
4302;Pasta;5;6.96;49823;
4302;Eggs;4;5.55;49823;
4302;Tomatoes;5;7.89;49823;
4302;Bread;4;3.71;49823;
4303;Chicken;5;6.45;13874;
4303;Potatoes;3;7.32;13874;
4303;Tomatoes;5;8.21;13874;
4304;Sugar;4;8.50;67627;
4304;Butter;3;5.72;67627;
4304;Coffee;5;6.16;67627;
4304;Bread;4;2.83;67627;
4304;Bananas;1;1.06;67627;
4304;Milk;2;5.09;67627;
4305;Tomatoes;1;9.86;90256;
4305;Milk;2;2.78;90256;
4305;Bread;2;6.24;90256;
4305;Cereal;1;1.67;90256;
4305;Onions;3;1.28;90256;
4305;Coffee;3;8.59;90256;
4305;Bananas;5;6.61;90256;
4305;Sugar;1;3.37;90256;
4306;Butter;1;1.51;53676;
4306;Apples;1;8.13;53676;
4306;Sugar;4;5.65;53676;
4306;Tomatoes;5;8.45;53676;
4306;Bananas;5;6.52;53676;
4306;Pasta;1;5.71;53676;
4306;Potatoes;5;2.17;53676;
4306;Yogurt;2;4.27;53676;
4307;Bananas;4;1.68;68203;
4307;Tea;3;1.19;68203;
4307;Oranges;3;2.55;68203;
4307;Apples;4;8.46;68203;
4308;Apples;4;7.77;92472;
4308;Bananas;4;3.10;92472;
4308;Eggs;5;8.33;92472;
4308;Yogurt;3;9.81;92472;
4309;Tea;4;2.90;12853;
4309;Bread;1;5.84;12853;
4309;Pasta;3;3.12;12853;
4309;Tomatoes;4;9.63;12853;
4309;Cheese;1;7.43;12853;
4310;Bread;5;9.52;53131;
4310;Pasta;4;2.41;53131;
4310;Coffee;1;3.45;53131;
4310;Sugar;5;7.93;53131;
4310;Cereal;2;6.09;53131;
4310;Bananas;1;8.12;53131;
4310;Tea;2;4.82;53131;
4310;Butter;1;4.26;53131;
4311;Onions;2;6.77;99395;
4311;Tomatoes;4;7.50;99395;
4311;Cheese;5;2.38;99395;
4311;Coffee;4;7.96;99395;
4311;Pasta;2;9.67;99395;
4311;Sugar;4;2.82;99395;
4311;Potatoes;2;6.98;99395;
4311;Juice;4;1.98;99395;
4312;Bread;2;6.84;70995;
4312;Butter;3;6.54;70995;
4312;Coffee;4;7.54;70995;
4313;Bananas;3;5.83;84962;
4313;Apples;5;1.52;84962;
4313;Yogurt;2;9.99;84962;
4314;Butter;4;7.93;77795;
4314;Yogurt;5;1.06;77795;
4314;Tea;1;9.92;77795;
4314;Bananas;2;3.96;77795;
4314;Milk;3;4.46;77795;
4314;Bread;4;8.33;77795;
4314;Apples;5;6.91;77795;
4315;Butter;4;7.55;90556;
4315;Yogurt;2;8.04;90556;
4315;Potatoes;3;8.09;90556;
4315;Cereal;4;7.26;90556;
4315;Bananas;5;6.63;90556;
4315;Apples;2;7.41;90556;
4315;Tomatoes;4;2.71;90556;
4315;Oranges;2;6.04;90556;
4316;Cheese;2;3.24;35496;
4316;Pasta;2;2.90;35496;
4316;Tomatoes;4;9.84;35496;
4316;Tea;2;5.98;35496;
4316;Oranges;2;9.01;35496;
4316;Milk;1;4.63;35496;
4317;Apples;2;2.81;17349;
4317;Chicken;3;2.35;17349;
4317;Bananas;1;6.28;17349;
4317;Potatoes;3;6.41;17349;
4317;Yogurt;4;7.72;17349;
4317;Tea;5;8.24;17349;
4318;Bananas;2;3.00;28906;
4318;Coffee;4;6.11;28906;
4318;Cereal;5;9.17;28906;
4318;Milk;4;1.05;28906;
4319;Apples;1;1.93;27989;
4319;Bananas;1;1.92;27989;
4319;Yogurt;4;4.83;27989;
4319;Potatoes;3;2.63;27989;
4319;Cheese;3;3.04;27989;
4319;Butter;3;7.05;27989;
4320;Yogurt;5;1.08;61156;
4320;Apples;2;3.50;61156;
4320;Oranges;3;8.36;61156;
4320;Bananas;2;6.44;61156;
4321;Tomatoes;1;6.64;27878;
4321;Chicken;2;2.61;27878;
4321;Onions;2;5.30;27878;
4322;Pasta;3;8.38;84819;
4322;Apples;4;4.19;84819;
4322;Oranges;2;4.36;84819;
4322;Bananas;5;2.44;84819;
4323;Onions;5;7.35;71405;
4323;Potatoes;2;9.77;71405;
4323;Chicken;1;7.01;71405;
4323;Tomatoes;4;1.21;71405;
4323;Coffee;4;1.08;71405;
4323;Bread;1;2.04;71405;
4324;Oranges;1;2.39;53907;
4324;Tomatoes;3;6.64;53907;
4324;Bananas;5;8.42;53907;
4324;Apples;3;9.83;53907;
4324;Yogurt;1;9.89;53907;
4324;Juice;3;8.90;53907;
4325;Bananas;2;2.10;82593;
4325;Oranges;2;3.27;82593;
4325;Apples;5;6.69;82593;
4325;Yogurt;5;4.29;82593;
4326;Bananas;3;9.74;81030;
4326;Oranges;1;9.42;81030;
4326;Cereal;5;6.85;81030;
4326;Juice;3;9.20;81030;
4326;Chicken;2;4.87;81030;
4326;Milk;2;6.35;81030;
4327;Bananas;5;9.28;35594;
4327;Coffee;3;3.55;35594;
4327;Potatoes;5;3.50;35594;
4327;Apples;5;7.10;35594;
4327;Tea;5;8.10;35594;
4327;Yogurt;5;5.47;35594;
4328;Chicken;3;8.22;17553;
4328;Butter;4;3.67;17553;
4328;Onions;3;8.00;17553;
4328;Bananas;1;7.48;17553;
4328;Sugar;4;8.03;17553;
4328;Oranges;1;8.63;17553;
4328;Milk;2;7.47;17553;
4328;Apples;3;3.00;17553;
4329;Tomatoes;4;4.93;16251;
4329;Bananas;1;1.43;16251;
4329;Oranges;1;8.51;16251;
4329;Apples;2;9.73;16251;
4329;Butter;1;5.94;16251;
4330;Potatoes;2;1.95;53517;
4330;Yogurt;4;6.24;53517;
4330;Apples;3;1.44;53517;
4330;Cheese;3;7.59;53517;
4330;Chicken;2;1.81;53517;
4330;Cereal;4;1.93;53517;
4330;Tomatoes;5;3.24;53517;
4330;Onions;3;4.55;53517;
4331;Yogurt;1;7.14;19745;
4331;Bananas;4;6.88;19745;
4331;Potatoes;2;5.64;19745;
4331;Apples;5;7.59;19745;
4332;Bananas;1;6.01;26040;
4332;Chicken;5;3.00;26040;
4332;Tomatoes;2;9.93;26040;
4332;Potatoes;2;2.34;26040;
4332;Onions;3;6.17;26040;
4333;Butter;1;3.63;73419;
4333;Potatoes;4;7.25;73419;
4333;Bread;2;7.05;73419;
4333;Eggs;1;8.73;73419;
4333;Apples;1;8.49;73419;
4333;Sugar;4;9.11;73419;
4333;Coffee;4;7.96;73419;
4334;Tomatoes;2;1.51;58853;
4334;Yogurt;3;3.01;58853;
4334;Bread;4;2.31;58853;
4334;Sugar;2;8.19;58853;
4334;Bananas;5;7.40;58853;
4334;Oranges;1;9.29;58853;
4334;Apples;2;3.32;58853;
4335;Pasta;3;4.78;98374;
4335;Oranges;5;4.81;98374;
4335;Eggs;5;2.14;98374;
4335;Apples;2;1.19;98374;
4335;Yogurt;2;5.10;98374;
4335;Cheese;2;7.15;98374;
4335;Bananas;5;3.96;98374;
4336;Tea;1;6.89;59590;
4336;Bread;4;8.71;59590;
4336;Pasta;4;1.28;59590;
4336;Yogurt;4;3.39;59590;
4336;Tomatoes;5;9.61;59590;
4336;Cheese;1;6.04;59590;
4336;Butter;1;5.18;59590;
4337;Potatoes;2;8.29;79448;
4337;Bread;4;6.46;79448;
4337;Onions;5;1.18;79448;
4337;Apples;3;9.70;79448;
4337;Chicken;3;5.81;79448;
4337;Tomatoes;1;8.66;79448;
4337;Butter;3;1.90;79448;
4338;Pasta;5;1.65;67658;
4338;Cheese;1;5.55;67658;
4338;Tomatoes;2;8.04;67658;
4339;Cereal;5;8.86;10105;
4339;Milk;1;6.59;10105;
4339;Eggs;2;9.31;10105;
4339;Bananas;4;8.46;10105;
4340;Oranges;3;3.68;23644;
4340;Sugar;4;5.05;23644;
4340;Bananas;4;8.78;23644;
4340;Cheese;4;8.67;23644;
4340;Yogurt;2;4.08;23644;
4340;Apples;1;9.23;23644;
4340;Coffee;4;4.13;23644;
4340;Onions;1;6.56;23644;
4341;Coffee;2;6.92;79863;
4341;Butter;5;2.35;79863;
4341;Bread;1;5.64;79863;
4342;Pasta;5;1.08;75079;
4342;Apples;2;5.02;75079;
4342;Bananas;2;8.18;75079;
4342;Milk;3;1.23;75079;
4342;Cereal;2;8.60;75079;
4342;Tomatoes;5;1.86;75079;
4342;Oranges;2;7.54;75079;
4343;Juice;3;1.38;96691;
4343;Yogurt;3;1.03;96691;
4343;Bananas;3;5.97;96691;
4343;Apples;1;3.53;96691;
4343;Pasta;1;5.99;96691;
4344;Milk;5;2.80;24017;
4344;Cereal;1;7.29;24017;
4344;Juice;3;9.00;24017;
4344;Bananas;3;9.58;24017;
4345;Cheese;1;4.43;89329;
4345;Cereal;2;8.61;89329;
4345;Pasta;5;8.38;89329;
4345;Tomatoes;3;6.08;89329;
4345;Butter;2;8.34;89329;
4346;Coffee;5;8.61;74478;
4346;Oranges;5;2.11;74478;
4346;Bread;1;1.19;74478;
4346;Pasta;1;3.58;74478;
4346;Tomatoes;3;6.00;74478;
4346;Sugar;5;5.27;74478;
4346;Butter;3;4.52;74478;
4346;Cereal;3;8.23;74478;
4347;Butter;4;6.85;73615;
4347;Bread;5;5.98;73615;
4347;Coffee;5;1.01;73615;
4347;Sugar;5;8.60;73615;
4347;Cereal;3;9.76;73615;
4348;Coffee;4;2.46;51892;
4348;Butter;5;8.98;51892;
4348;Bread;3;5.49;51892;
4348;Sugar;4;3.47;51892;
4349;Apples;2;2.76;78184;
4349;Coffee;5;7.37;78184;
4349;Sugar;4;4.65;78184;
4349;Yogurt;5;4.09;78184;
4349;Tea;1;8.82;78184;
4349;Cereal;4;5.32;78184;
4350;Potatoes;3;1.43;11965;
4350;Coffee;2;2.69;11965;
4350;Chicken;1;1.21;11965;
4350;Bananas;1;6.83;11965;
4350;Apples;2;1.61;11965;
4350;Oranges;2;4.82;11965;
4350;Cereal;3;4.86;11965;
4351;Tea;5;9.01;85778;
4351;Coffee;1;7.03;85778;
4351;Chicken;2;5.58;85778;
4351;Oranges;5;3.09;85778;
4351;Yogurt;2;1.13;85778;
4351;Bananas;4;9.63;85778;
4351;Butter;1;6.97;85778;
4351;Apples;4;8.42;85778;
4352;Chicken;5;8.05;20721;
4352;Milk;4;4.40;20721;
4352;Bananas;2;2.15;20721;
4352;Cereal;1;9.66;20721;
4353;Yogurt;1;4.53;79881;
4353;Bananas;5;3.41;79881;
4353;Apples;2;1.03;79881;
4354;Bananas;2;5.92;66782;
4354;Cereal;1;8.78;66782;
4354;Cheese;3;7.09;66782;
4354;Milk;4;6.10;66782;
4355;Milk;2;8.77;68070;
4355;Oranges;1;5.65;68070;
4355;Cereal;3;4.26;68070;
4355;Potatoes;3;3.16;68070;
4355;Yogurt;2;9.52;68070;
4355;Apples;4;4.30;68070;
4355;Bananas;4;3.18;68070;
4355;Cheese;3;2.08;68070;
4356;Apples;1;1.05;44663;
4356;Oranges;2;8.20;44663;
4356;Cereal;3;4.73;44663;
4356;Bananas;2;9.57;44663;
4357;Bananas;3;7.36;81188;
4357;Cereal;3;8.09;81188;
4357;Milk;2;7.70;81188;
4357;Eggs;2;1.72;81188;
4357;Pasta;2;1.44;81188;
4357;Butter;5;7.11;81188;
4357;Oranges;1;1.57;81188;
4357;Cheese;1;7.68;81188;
4358;Coffee;3;5.79;45404;
4358;Butter;4;5.54;45404;
4358;Sugar;1;5.79;45404;
4358;Bread;2;1.12;45404;
4359;Bread;3;8.40;24392;
4359;Coffee;3;1.38;24392;
4359;Sugar;1;4.00;24392;
4360;Potatoes;5;9.75;39616;
4360;Tomatoes;4;2.60;39616;
4360;Cheese;1;5.84;39616;
4360;Onions;2;5.89;39616;
4360;Chicken;4;7.07;39616;
4360;Pasta;5;6.15;39616;
4361;Bananas;3;2.79;56870;
4361;Cereal;2;7.71;56870;
4361;Milk;3;5.82;56870;
4362;Tomatoes;3;6.18;76740;
4362;Tea;5;7.71;76740;
4362;Bread;3;6.03;76740;
4362;Pasta;3;8.55;76740;
4362;Eggs;4;1.30;76740;
4362;Cheese;5;4.85;76740;
4362;Apples;1;5.47;76740;
4363;Cheese;4;8.12;40924;
4363;Pasta;2;4.13;40924;
4363;Tomatoes;1;8.11;40924;
4364;Cereal;1;2.12;24962;
4364;Bread;4;9.81;24962;
4364;Potatoes;3;4.74;24962;
4364;Bananas;1;8.76;24962;
4364;Coffee;2;9.14;24962;
4364;Yogurt;2;3.99;24962;
4364;Butter;2;5.77;24962;
4364;Sugar;4;2.73;24962;
4365;Oranges;4;6.88;65606;
4365;Eggs;2;6.23;65606;
4365;Cheese;5;1.16;65606;
4365;Pasta;2;8.58;65606;
4365;Tomatoes;3;4.09;65606;
4365;Onions;5;7.54;65606;
4366;Butter;5;4.49;11308;
4366;Tomatoes;3;8.17;11308;
4366;Coffee;1;7.61;11308;
4366;Cereal;5;7.96;11308;
4366;Eggs;2;5.50;11308;
4366;Pasta;1;9.10;11308;
4366;Cheese;2;1.48;11308;
4367;Milk;4;1.61;26117;
4367;Butter;5;3.57;26117;
4367;Cereal;4;9.23;26117;
4367;Bread;3;6.09;26117;
4367;Coffee;5;8.30;26117;
4367;Bananas;3;6.85;26117;
4368;Oranges;4;3.87;45590;
4368;Bananas;2;9.49;45590;
4368;Yogurt;4;9.73;45590;
4368;Apples;1;8.41;45590;
4369;Bananas;5;1.28;19481;
4369;Juice;4;1.89;19481;
4369;Bread;2;6.49;19481;
4369;Milk;3;1.37;19481;
4369;Cereal;3;7.21;19481;
4369;Yogurt;1;7.82;19481;
4369;Tea;2;5.54;19481;
4370;Butter;1;1.25;92763;
4370;Sugar;3;1.69;92763;
4370;Coffee;5;7.83;92763;
4370;Bread;5;6.95;92763;
4371;Coffee;2;7.39;59912;
4371;Yogurt;5;9.36;59912;
4371;Apples;2;2.09;59912;
4371;Chicken;4;2.78;59912;
4371;Bananas;1;6.20;59912;
4371;Sugar;5;9.50;59912;
4372;Coffee;4;3.17;32561;
4372;Oranges;4;7.89;32561;
4372;Sugar;1;6.95;32561;
4372;Bread;4;1.99;32561;
4372;Cereal;2;2.37;32561;
4372;Butter;3;1.53;32561;
4373;Onions;5;1.74;58641;
4373;Chicken;1;8.11;58641;
4373;Tomatoes;2;4.08;58641;
4374;Tomatoes;2;4.04;18871;
4374;Pasta;5;9.67;18871;
4374;Cheese;4;8.02;18871;
4375;Bananas;2;8.38;64403;
4375;Oranges;4;3.53;64403;
4375;Coffee;3;3.94;64403;
4375;Sugar;3;3.35;64403;
4375;Apples;1;3.14;64403;
4375;Onions;5;9.00;64403;
4376;Tomatoes;2;9.85;95167;
4376;Pasta;4;9.84;95167;
4376;Potatoes;1;1.78;95167;
4376;Cheese;5;2.48;95167;
4377;Potatoes;5;9.93;47765;
4377;Juice;4;8.11;47765;
4377;Bananas;5;6.17;47765;
4377;Tomatoes;1;1.70;47765;
4377;Chicken;3;2.11;47765;
4377;Cereal;1;1.67;47765;
4377;Onions;5;7.23;47765;
4378;Milk;1;1.33;52753;
4378;Bananas;5;1.81;52753;
4378;Oranges;1;9.13;52753;
4378;Butter;2;3.05;52753;
4378;Cereal;3;1.00;52753;
4379;Sugar;1;5.90;58400;
4379;Bread;3;3.88;58400;
4379;Butter;4;8.62;58400;
4379;Tea;3;9.95;58400;
4379;Yogurt;4;8.28;58400;
4379;Coffee;5;7.40;58400;
4380;Cereal;2;4.43;62945;
4380;Bread;1;3.52;62945;
4380;Coffee;1;7.41;62945;
4380;Butter;5;7.51;62945;
4380;Sugar;3;2.24;62945;
4381;Tea;1;2.62;88870;
4381;Bread;4;7.57;88870;
4381;Potatoes;3;6.44;88870;
4381;Oranges;4;3.23;88870;
4381;Chicken;2;6.61;88870;
4381;Onions;5;7.59;88870;
4381;Tomatoes;5;2.19;88870;
4382;Cheese;1;5.38;60048;
4382;Pasta;5;3.86;60048;
4382;Bananas;3;7.98;60048;
4382;Tomatoes;3;2.19;60048;
4382;Potatoes;1;8.09;60048;
4383;Bread;4;8.14;90627;
4383;Bananas;5;9.15;90627;
4383;Cereal;5;3.70;90627;
4383;Butter;1;1.58;90627;
4383;Chicken;5;2.29;90627;
4383;Milk;3;2.88;90627;
4384;Tea;1;4.79;45777;
4384;Potatoes;1;2.39;45777;
4384;Bananas;4;9.33;45777;
4384;Apples;2;3.89;45777;
4384;Yogurt;3;7.72;45777;
4384;Eggs;5;5.46;45777;
4384;Oranges;3;3.18;45777;
4384;Coffee;4;7.42;45777;
4385;Bread;1;2.55;70621;
4385;Oranges;4;7.27;70621;
4385;Apples;1;4.34;70621;
4385;Bananas;1;3.86;70621;
4386;Chicken;3;5.86;72999;
4386;Onions;1;3.31;72999;
4386;Potatoes;3;2.51;72999;
4387;Tomatoes;5;5.62;79910;
4387;Pasta;4;3.13;79910;
4387;Cheese;2;6.43;79910;
4388;Cheese;2;5.62;37205;
4388;Pasta;1;5.00;37205;
4388;Bananas;2;5.48;37205;
4388;Onions;4;2.02;37205;
4388;Yogurt;4;3.49;37205;
4388;Juice;2;5.47;37205;
4388;Oranges;1;6.64;37205;
4388;Apples;1;7.03;37205;
4389;Cereal;1;8.32;78549;
4389;Tomatoes;4;6.42;78549;
4389;Chicken;3;4.15;78549;
4389;Bananas;2;1.99;78549;
4389;Milk;1;8.47;78549;
4389;Coffee;1;7.19;78549;
4390;Coffee;5;7.45;17193;
4390;Bread;3;1.42;17193;
4390;Butter;3;7.75;17193;
4391;Cheese;1;3.75;86051;
4391;Tomatoes;4;5.56;86051;
4391;Pasta;3;5.61;86051;
4392;Coffee;2;7.01;58812;
4392;Juice;4;6.36;58812;
4392;Tomatoes;4;3.04;58812;
4392;Onions;4;8.22;58812;
4392;Potatoes;1;4.38;58812;
4392;Chicken;2;6.58;58812;
4393;Sugar;4;5.69;59749;
4393;Apples;3;9.47;59749;
4393;Cereal;3;7.95;59749;
4393;Yogurt;1;8.98;59749;
4393;Cheese;1;1.01;59749;
4393;Tomatoes;2;7.43;59749;
4393;Eggs;1;7.83;59749;
4393;Bananas;4;6.12;59749;
4394;Oranges;1;3.84;36761;
4394;Tea;5;3.61;36761;
4394;Coffee;2;2.29;36761;
4394;Cereal;2;9.30;36761;
4394;Onions;2;3.98;36761;
4394;Sugar;3;3.10;36761;
4395;Apples;3;2.02;94674;
4395;Bananas;1;2.00;94674;
4395;Butter;4;4.53;94674;
4395;Cheese;4;8.92;94674;
4395;Onions;2;1.27;94674;
4395;Yogurt;2;5.64;94674;
4396;Tomatoes;5;5.69;75488;
4396;Chicken;1;6.90;75488;
4396;Onions;4;5.93;75488;
4396;Bananas;3;6.22;75488;
4396;Juice;4;7.67;75488;
4396;Potatoes;2;5.03;75488;
4397;Tomatoes;1;7.09;69086;
4397;Cheese;2;1.87;69086;
4397;Pasta;2;7.97;69086;
4397;Juice;3;6.52;69086;
4397;Eggs;1;7.90;69086;
4397;Potatoes;1;1.06;69086;
4397;Butter;2;8.84;69086;
4398;Milk;4;6.98;80687;
4398;Yogurt;4;6.99;80687;
4398;Butter;1;2.36;80687;
4398;Chicken;3;3.84;80687;
4398;Bread;5;3.55;80687;
4398;Bananas;4;8.00;80687;
4398;Apples;4;6.13;80687;
4398;Eggs;5;3.98;80687;
4399;Pasta;5;2.52;55940;
4399;Tomatoes;5;1.02;55940;
4399;Yogurt;2;9.77;55940;
4399;Chicken;3;8.62;55940;
4399;Cheese;3;1.92;55940;
4400;Onions;2;8.19;79750;
4400;Coffee;3;4.42;79750;
4400;Tea;5;6.13;79750;
4400;Sugar;2;1.94;79750;
4401;Apples;3;4.91;86625;
4401;Chicken;1;7.81;86625;
4401;Cheese;1;7.30;86625;
4401;Potatoes;3;8.80;86625;
4401;Juice;1;6.14;86625;
4401;Cereal;3;4.05;86625;
4401;Bananas;3;3.00;86625;
4401;Oranges;5;3.82;86625;
4402;Sugar;5;2.33;14794;
4402;Oranges;2;4.94;14794;
4402;Apples;4;5.04;14794;
4402;Juice;1;7.84;14794;
4402;Chicken;3;3.39;14794;
4402;Bananas;3;3.26;14794;
4403;Apples;4;6.76;86233;
4403;Bananas;4;6.80;86233;
4403;Butter;2;5.84;86233;
4403;Tea;5;6.67;86233;
4403;Chicken;4;9.53;86233;
4403;Yogurt;2;1.65;86233;
4404;Cheese;4;9.15;50363;
4404;Pasta;1;3.63;50363;
4404;Tomatoes;4;3.25;50363;
4405;Bananas;2;4.64;52115;
4405;Cereal;2;5.80;52115;
4405;Milk;4;5.04;52115;
4406;Tea;2;5.92;94957;
4406;Coffee;1;4.14;94957;
4406;Chicken;1;7.05;94957;
4406;Bread;5;4.59;94957;
4406;Potatoes;5;3.18;94957;
4406;Onions;4;2.96;94957;
4406;Tomatoes;2;2.87;94957;
4407;Oranges;4;3.78;17237;
4407;Bananas;5;1.39;17237;
4407;Apples;5;5.40;17237;
4408;Pasta;3;1.86;86090;
4408;Tomatoes;1;7.70;86090;
4408;Cheese;1;9.40;86090;
4409;Cereal;3;7.12;26665;
4409;Milk;2;2.28;26665;
4409;Bananas;5;8.11;26665;
4409;Butter;2;5.06;26665;
4410;Yogurt;1;4.63;25354;
4410;Bread;4;8.13;25354;
4410;Coffee;2;1.83;25354;
4410;Butter;3;1.22;25354;
4410;Sugar;2;3.32;25354;
4411;Butter;4;5.42;29209;
4411;Oranges;3;8.28;29209;
4411;Apples;3;2.60;29209;
4411;Bananas;1;4.73;29209;
4411;Yogurt;1;2.77;29209;
4412;Tea;4;8.64;55502;
4412;Milk;5;1.86;55502;
4412;Butter;1;1.13;55502;
4412;Apples;3;1.04;55502;
4412;Tomatoes;5;1.89;55502;
4412;Pasta;5;7.01;55502;
4412;Cheese;4;4.80;55502;
4412;Onions;4;0.99;55502;
4413;Cheese;1;4.02;95331;
4413;Butter;5;4.23;95331;
4413;Bananas;5;7.92;95331;
4413;Sugar;5;6.66;95331;
4413;Chicken;2;3.59;95331;
4413;Coffee;2;6.96;95331;
4413;Bread;5;8.82;95331;
4414;Coffee;5;4.83;52351;
4414;Butter;4;6.00;52351;
4414;Bread;1;6.50;52351;
4415;Apples;5;8.28;61147;
4415;Bread;3;2.81;61147;
4415;Coffee;4;9.47;61147;
4415;Sugar;5;4.33;61147;
4415;Tea;2;1.55;61147;
4415;Potatoes;4;1.94;61147;
4416;Bananas;4;5.81;41333;
4416;Apples;5;9.05;41333;
4416;Oranges;2;7.12;41333;
4417;Butter;1;8.13;45782;
4417;Sugar;2;1.09;45782;
4417;Bread;3;4.55;45782;
4417;Coffee;4;6.38;45782;
4418;Tomatoes;4;4.15;93738;
4418;Sugar;1;1.15;93738;
4418;Pasta;2;5.04;93738;
4418;Apples;1;9.55;93738;
4418;Bread;4;4.73;93738;
4418;Potatoes;4;6.43;93738;
4418;Butter;5;4.33;93738;
4418;Cheese;2;9.78;93738;
4419;Bread;4;6.35;11414;
4419;Eggs;2;1.94;11414;
4419;Potatoes;5;5.50;11414;
4419;Sugar;5;8.28;11414;
4419;Butter;3;4.53;11414;
4419;Coffee;2;2.52;11414;
4419;Tomatoes;2;3.47;11414;
4420;Apples;5;5.38;99055;
4420;Yogurt;5;3.20;99055;
4420;Bananas;3;5.69;99055;
4421;Oranges;5;6.39;90443;
4421;Milk;1;1.32;90443;
4421;Bananas;1;3.33;90443;
4421;Cereal;5;8.12;90443;
4422;Onions;5;1.54;77911;
4422;Juice;5;9.54;77911;
4422;Apples;2;7.95;77911;
4422;Oranges;5;4.98;77911;
4422;Bananas;5;1.76;77911;
4422;Yogurt;3;8.51;77911;
4422;Bread;5;1.63;77911;
4423;Milk;3;2.24;32160;
4423;Tomatoes;3;7.40;32160;
4423;Onions;3;5.77;32160;
4423;Cereal;1;9.68;32160;
4423;Bananas;4;5.16;32160;
4424;Cereal;2;9.86;64341;
4424;Chicken;5;6.35;64341;
4424;Milk;1;5.50;64341;
4424;Eggs;5;4.43;64341;
4424;Bananas;2;3.92;64341;
4425;Tea;1;9.82;36953;
4425;Tomatoes;3;4.99;36953;
4425;Apples;4;5.09;36953;
4425;Cheese;5;3.81;36953;
4425;Potatoes;4;7.71;36953;
4425;Pasta;4;1.59;36953;
4426;Apples;5;7.81;64487;
4426;Potatoes;1;5.64;64487;
4426;Tomatoes;1;9.24;64487;
4426;Coffee;1;4.82;64487;
4426;Onions;1;5.65;64487;
4426;Eggs;4;6.22;64487;
4426;Chicken;2;9.32;64487;
4426;Pasta;5;8.37;64487;
4427;Yogurt;1;8.50;99461;
4427;Apples;5;1.42;99461;
4427;Sugar;3;1.65;99461;
4427;Bananas;5;7.46;99461;
4427;Eggs;4;7.41;99461;
4427;Bread;1;4.61;99461;
4427;Oranges;3;5.11;99461;
4428;Potatoes;4;1.29;91219;
4428;Tomatoes;4;3.60;91219;
4428;Bread;3;7.59;91219;
4428;Chicken;4;9.65;91219;
4428;Onions;3;6.65;91219;
4429;Yogurt;2;4.55;42667;
4429;Bananas;1;7.65;42667;
4429;Apples;3;3.14;42667;
4430;Cheese;4;6.96;27491;
4430;Onions;5;9.09;27491;
4430;Tomatoes;1;6.39;27491;
4430;Coffee;2;9.13;27491;
4430;Eggs;4;9.66;27491;
4430;Pasta;5;1.31;27491;
4430;Apples;5;4.77;27491;
4430;Tea;4;1.57;27491;
4431;Oranges;1;7.79;71095;
4431;Sugar;1;2.62;71095;
4431;Apples;2;9.26;71095;
4431;Bananas;2;9.25;71095;
4432;Cereal;2;5.79;57163;
4432;Pasta;4;7.00;57163;
4432;Apples;4;5.71;57163;
4432;Bananas;5;4.80;57163;
4432;Yogurt;1;1.00;57163;
4432;Oranges;2;2.84;57163;
4433;Pasta;2;2.27;92853;
4433;Tomatoes;2;1.56;92853;
4433;Cheese;1;7.89;92853;
4433;Yogurt;4;4.83;92853;
4434;Apples;3;6.02;91876;
4434;Bananas;3;9.17;91876;
4434;Oranges;4;3.78;91876;
4434;Chicken;2;4.52;91876;
4435;Apples;2;1.83;22622;
4435;Onions;2;4.40;22622;
4435;Potatoes;5;4.70;22622;
4435;Tea;3;1.06;22622;
4435;Bananas;1;6.91;22622;
4435;Yogurt;5;8.86;22622;
4435;Oranges;3;4.66;22622;
4436;Coffee;5;1.41;49818;
4436;Cereal;5;1.54;49818;
4436;Butter;5;4.10;49818;
4436;Potatoes;4;1.61;49818;
4436;Tomatoes;1;5.66;49818;
4436;Onions;4;8.34;49818;
4436;Juice;2;4.76;49818;
4436;Chicken;5;3.21;49818;
4437;Oranges;4;5.81;12408;
4437;Juice;3;2.39;12408;
4437;Apples;1;3.23;12408;
4437;Yogurt;4;7.76;12408;
4437;Bananas;1;3.67;12408;
4438;Bananas;2;1.33;44892;
4438;Juice;3;1.90;44892;
4438;Apples;1;1.42;44892;
4438;Oranges;4;7.17;44892;
4438;Butter;1;8.67;44892;
4438;Chicken;3;7.06;44892;
4438;Yogurt;4;7.71;44892;
4439;Bananas;3;3.70;77956;
4439;Potatoes;3;1.35;77956;
4439;Tomatoes;2;8.40;77956;
4439;Cereal;1;4.64;77956;
4439;Onions;4;3.88;77956;
4439;Apples;4;2.66;77956;
4439;Yogurt;4;7.10;77956;
4440;Butter;1;2.54;80209;
4440;Sugar;2;7.83;80209;
4440;Apples;2;4.57;80209;
4440;Bread;4;7.60;80209;
4440;Coffee;5;2.67;80209;
4441;Milk;5;1.65;11593;
4441;Cereal;3;5.26;11593;
4441;Bananas;2;2.34;11593;
4442;Bread;4;5.38;22472;
4442;Coffee;5;2.38;22472;
4442;Butter;4;4.58;22472;
4442;Sugar;1;8.71;22472;
4443;Tomatoes;5;2.25;33066;
4443;Juice;4;8.06;33066;
4443;Cheese;4;5.36;33066;
4443;Pasta;4;5.17;33066;
4443;Bananas;3;4.45;33066;
4444;Tomatoes;3;7.53;27192;
4444;Cheese;1;6.64;27192;
4444;Pasta;1;5.02;27192;
4445;Onions;4;8.86;98143;
4445;Oranges;4;4.67;98143;
4445;Pasta;5;9.02;98143;
4445;Cheese;3;7.65;98143;
4445;Juice;2;1.31;98143;
4445;Tomatoes;3;4.84;98143;
4445;Eggs;4;4.70;98143;
4446;Bread;2;4.98;16581;
4446;Eggs;4;7.65;16581;
4446;Apples;5;3.60;16581;
4446;Bananas;3;3.11;16581;
4446;Yogurt;4;9.90;16581;
4446;Pasta;3;2.63;16581;
4447;Oranges;5;7.62;43278;
4447;Pasta;4;2.21;43278;
4447;Cheese;2;8.45;43278;
4447;Tomatoes;2;3.13;43278;
4447;Apples;3;6.24;43278;
4448;Apples;3;4.71;42402;
4448;Tomatoes;2;6.73;42402;
4448;Oranges;3;7.19;42402;
4448;Bananas;5;5.82;42402;
4449;Oranges;4;2.83;27621;
4449;Bread;4;4.13;27621;
4449;Bananas;1;5.21;27621;
4449;Apples;1;9.73;27621;
4449;Yogurt;4;6.51;27621;
4449;Tomatoes;2;6.43;27621;
4450;Potatoes;4;4.59;31621;
4450;Apples;5;7.53;31621;
4450;Chicken;4;8.34;31621;
4450;Onions;5;6.74;31621;
4450;Tomatoes;5;6.72;31621;
4451;Oranges;4;9.61;94089;
4451;Apples;5;6.60;94089;
4451;Bananas;1;6.83;94089;
4452;Sugar;5;9.47;98314;
4452;Butter;2;8.60;98314;
4452;Bread;2;2.92;98314;
4452;Coffee;2;2.03;98314;
4452;Cheese;3;9.36;98314;
4453;Milk;4;4.65;55994;
4453;Bananas;2;5.51;55994;
4453;Cereal;2;5.28;55994;
4453;Yogurt;3;5.69;55994;
4454;Tea;1;3.31;10141;
4454;Sugar;3;6.47;10141;
4454;Oranges;4;7.16;10141;
4454;Coffee;5;9.30;10141;
4454;Chicken;2;8.72;10141;
4454;Bread;5;5.07;10141;
4455;Sugar;5;2.47;47930;
4455;Cheese;2;7.66;47930;
4455;Bread;3;5.96;47930;
4455;Coffee;5;4.58;47930;
4455;Butter;3;8.70;47930;
4456;Sugar;1;1.30;81066;
4456;Coffee;2;9.25;81066;
4456;Bread;5;2.13;81066;
4456;Butter;3;8.90;81066;
4457;Potatoes;5;8.16;74480;
4457;Sugar;4;7.01;74480;
4457;Eggs;2;2.19;74480;
4457;Bread;3;9.59;74480;
4457;Butter;2;7.56;74480;
4457;Coffee;2;4.58;74480;
4458;Yogurt;2;8.65;26334;
4458;Juice;1;1.20;26334;
4458;Butter;1;9.37;26334;
4458;Cereal;5;2.51;26334;
4458;Bread;1;2.86;26334;
4458;Sugar;5;4.90;26334;
4458;Coffee;4;1.89;26334;
4459;Cereal;4;1.53;65119;
4459;Milk;4;1.58;65119;
4459;Bananas;2;8.49;65119;
4460;Cheese;5;5.87;83681;
4460;Bananas;3;6.57;83681;
4460;Yogurt;1;4.03;83681;
4460;Cereal;3;5.85;83681;
4460;Milk;1;5.49;83681;
4461;Sugar;5;1.05;17831;
4461;Potatoes;1;4.12;17831;
4461;Coffee;1;6.43;17831;
4461;Pasta;5;9.01;17831;
4461;Oranges;3;6.62;17831;
4461;Juice;1;9.65;17831;
4461;Apples;2;3.43;17831;
4461;Bananas;2;7.44;17831;
4462;Potatoes;5;5.98;29657;
4462;Tomatoes;2;6.47;29657;
4462;Chicken;3;2.29;29657;
4462;Pasta;1;5.22;29657;
4462;Onions;2;2.40;29657;
4462;Eggs;5;3.07;29657;
4463;Onions;4;2.88;91769;
4463;Potatoes;4;6.39;91769;
4463;Tomatoes;3;1.50;91769;
4463;Milk;2;5.86;91769;
4463;Oranges;5;3.31;91769;
4463;Pasta;4;7.24;91769;
4463;Chicken;1;6.58;91769;
4464;Bananas;1;6.84;23945;
4464;Coffee;1;8.16;23945;
4464;Apples;1;7.77;23945;
4464;Milk;4;3.98;23945;
4464;Yogurt;4;6.20;23945;
4464;Butter;4;8.76;23945;
4465;Pasta;3;8.40;73398;
4465;Tomatoes;1;1.89;73398;
4465;Cheese;2;4.22;73398;
4465;Oranges;4;3.08;73398;
4466;Bananas;5;9.87;37659;
4466;Tea;4;4.50;37659;
4466;Yogurt;3;3.56;37659;
4466;Cereal;5;3.72;37659;
4466;Juice;3;2.86;37659;
4466;Bread;3;6.94;37659;
4466;Pasta;2;2.84;37659;
4466;Milk;5;2.79;37659;
4467;Sugar;4;7.91;70702;
4467;Coffee;3;8.78;70702;
4467;Eggs;4;1.15;70702;
4467;Tea;4;3.14;70702;
4468;Cereal;3;6.67;38057;
4468;Bananas;3;1.71;38057;
4468;Juice;2;6.80;38057;
4468;Apples;4;6.25;38057;
4468;Pasta;5;6.86;38057;
4468;Yogurt;2;2.29;38057;
4469;Juice;2;2.31;63425;
4469;Apples;3;3.00;63425;
4469;Oranges;3;7.15;63425;
4469;Cereal;5;8.74;63425;
4469;Bananas;3;7.96;63425;
4470;Tomatoes;4;4.83;28375;
4470;Cheese;5;3.00;28375;
4470;Pasta;5;7.77;28375;
4471;Cheese;5;2.36;73718;
4471;Potatoes;1;5.70;73718;
4471;Bananas;2;5.52;73718;
4471;Butter;3;9.73;73718;
4471;Sugar;1;6.03;73718;
4471;Yogurt;1;1.82;73718;
4471;Apples;3;8.32;73718;
4472;Bananas;5;6.28;18123;
4472;Cereal;2;3.94;18123;
4472;Milk;5;3.79;18123;
4473;Bananas;3;2.32;61993;
4473;Milk;5;1.88;61993;
4473;Cereal;1;5.01;61993;
4474;Butter;3;7.21;78774;
4474;Sugar;4;9.18;78774;
4474;Bread;2;1.56;78774;
4475;Sugar;4;6.37;85247;
4475;Juice;3;9.67;85247;
4475;Coffee;4;6.30;85247;
4475;Butter;1;4.43;85247;
4475;Bread;2;8.92;85247;
4475;Milk;5;6.47;85247;
4476;Eggs;3;2.87;59310;
4476;Cheese;3;9.02;59310;
4476;Tomatoes;3;9.36;59310;
4476;Pasta;3;4.02;59310;
4476;Bread;1;5.98;59310;
4476;Juice;3;3.02;59310;
4476;Coffee;3;3.86;59310;
4476;Tea;4;4.00;59310;
4477;Eggs;3;1.13;71146;
4477;Coffee;2;8.45;71146;
4477;Bread;5;8.41;71146;
4477;Sugar;2;7.97;71146;
4477;Butter;3;3.47;71146;
4477;Chicken;5;6.07;71146;
4477;Tea;2;8.62;71146;
4478;Bananas;1;8.27;49208;
4478;Yogurt;2;2.08;49208;
4478;Apples;4;1.71;49208;
4479;Chicken;5;2.40;85071;
4479;Onions;2;6.26;85071;
4479;Pasta;2;6.93;85071;
4479;Eggs;1;7.58;85071;
4479;Cheese;2;3.36;85071;
4479;Apples;5;3.04;85071;
4479;Bananas;4;6.01;85071;
4479;Yogurt;5;7.62;85071;
4480;Milk;4;7.42;58524;
4480;Bananas;4;9.38;58524;
4480;Cereal;2;4.98;58524;
4480;Cheese;5;7.18;58524;
4481;Onions;2;3.98;86322;
4481;Potatoes;4;2.94;86322;
4481;Cheese;3;1.49;86322;
4481;Tomatoes;4;5.51;86322;
4481;Chicken;2;3.46;86322;
4482;Yogurt;5;5.38;27768;
4482;Tomatoes;2;6.76;27768;
4482;Cheese;3;1.66;27768;
4482;Bread;4;5.93;27768;
4482;Oranges;1;2.09;27768;
4482;Pasta;4;5.47;27768;
4482;Eggs;5;2.36;27768;
4482;Coffee;5;3.87;27768;
4483;Bananas;4;5.21;22297;
4483;Cereal;3;6.68;22297;
4483;Milk;5;5.23;22297;
4483;Yogurt;1;7.87;22297;
4483;Eggs;4;2.75;22297;
4483;Pasta;4;5.97;22297;
4484;Chicken;3;7.70;62102;
4484;Potatoes;3;3.17;62102;
4484;Tomatoes;4;2.33;62102;
4485;Sugar;4;3.02;61170;
4485;Cheese;4;6.35;61170;
4485;Apples;2;8.29;61170;
4485;Oranges;1;3.32;61170;
4485;Bananas;4;6.05;61170;
4485;Juice;2;9.18;61170;
4486;Cheese;4;7.07;50519;
4486;Milk;5;6.24;50519;
4486;Cereal;1;5.10;50519;
4486;Juice;3;1.43;50519;
4486;Bananas;5;9.71;50519;
4487;Cereal;2;7.52;91315;
4487;Bananas;2;9.63;91315;
4487;Onions;3;5.37;91315;
4487;Tomatoes;2;6.58;91315;
4487;Milk;4;5.97;91315;
4488;Pasta;4;7.83;65712;
4488;Yogurt;5;2.19;65712;
4488;Chicken;1;3.60;65712;
4488;Oranges;1;3.24;65712;
4488;Tomatoes;4;7.04;65712;
4488;Cheese;2;9.99;65712;
4489;Butter;5;7.53;23550;
4489;Sugar;1;2.34;23550;
4489;Coffee;2;3.62;23550;
4490;Juice;1;1.35;91790;
4490;Coffee;2;6.63;91790;
4490;Sugar;3;4.35;91790;
4490;Tea;3;8.56;91790;
4491;Coffee;4;2.35;51167;
4491;Apples;1;2.41;51167;
4491;Sugar;2;2.96;51167;
4491;Pasta;3;3.72;51167;
4491;Juice;2;2.94;51167;
4491;Tea;1;2.06;51167;
4492;Sugar;5;5.00;29177;
4492;Coffee;1;1.65;29177;
4492;Chicken;4;3.26;29177;
4492;Bread;3;9.10;29177;
4492;Butter;2;7.68;29177;
4492;Tea;1;9.36;29177;
4493;Apples;3;8.72;23089;
4493;Oranges;3;7.24;23089;
4493;Bananas;4;2.61;23089;
4494;Chicken;4;1.28;40831;
4494;Butter;1;3.66;40831;
4494;Pasta;1;1.95;40831;
4494;Juice;1;5.86;40831;
4494;Onions;1;2.85;40831;
4494;Tomatoes;1;9.79;40831;
4494;Cheese;2;3.29;40831;
4494;Bread;2;2.64;40831;
4495;Oranges;4;4.18;27493;
4495;Apples;1;8.33;27493;
4495;Bananas;5;4.66;27493;
4495;Potatoes;4;9.70;27493;
4495;Chicken;4;1.87;27493;
4496;Tomatoes;5;5.01;23446;
4496;Onions;3;3.13;23446;
4496;Potatoes;1;8.46;23446;
4496;Chicken;4;3.56;23446;
4497;Oranges;5;5.87;10440;
4497;Eggs;5;2.47;10440;
4497;Apples;5;6.67;10440;
4497;Bananas;1;6.27;10440;
4498;Oranges;2;6.11;21613;
4498;Bananas;5;8.54;21613;
4498;Tomatoes;4;7.36;21613;
4498;Yogurt;2;9.52;21613;
4498;Apples;1;5.00;21613;
4499;Chicken;4;3.53;66826;
4499;Milk;2;3.58;66826;
4499;Apples;5;5.31;66826;
4499;Oranges;2;9.14;66826;
4499;Bananas;1;7.87;66826;
4499;Tomatoes;5;7.68;66826;
4500;Chicken;1;8.20;25029;
4500;Tomatoes;2;8.43;25029;
4500;Bread;2;9.92;25029;
4500;Potatoes;3;9.32;25029;
4500;Tea;4;6.23;25029;
4500;Yogurt;5;1.88;25029;
4500;Cheese;5;1.59;25029;
4500;Onions;2;7.27;25029;
4501;Coffee;4;3.71;39858;
4501;Potatoes;5;3.48;39858;
4501;Sugar;5;4.78;39858;
4501;Butter;4;1.78;39858;
4501;Bread;3;6.00;39858;
4502;Juice;3;1.02;63010;
4502;Bananas;1;5.93;63010;
4502;Yogurt;5;5.91;63010;
4502;Cereal;5;7.05;63010;
4502;Milk;5;2.75;63010;
4503;Milk;3;1.40;93780;
4503;Chicken;2;9.18;93780;
4503;Tea;3;6.16;93780;
4503;Pasta;2;2.51;93780;
4503;Coffee;3;3.34;93780;
4503;Cereal;1;8.73;93780;
4503;Cheese;1;3.91;93780;
4503;Tomatoes;5;1.44;93780;
4504;Chicken;1;5.76;15032;
4504;Potatoes;2;2.42;15032;
4504;Butter;3;2.67;15032;
4504;Oranges;3;1.82;15032;
4504;Milk;2;7.95;15032;
4504;Pasta;1;8.02;15032;
4504;Tomatoes;2;1.59;15032;
4504;Onions;2;9.66;15032;
4505;Pasta;5;3.25;10634;
4505;Cheese;2;2.40;10634;
4505;Tomatoes;4;8.34;10634;
4505;Onions;3;6.93;10634;
4506;Butter;4;7.76;46607;
4506;Bread;4;7.82;46607;
4506;Pasta;2;9.26;46607;
4506;Coffee;4;7.24;46607;
4506;Sugar;5;7.60;46607;
4507;Tomatoes;3;7.23;33370;
4507;Coffee;5;7.58;33370;
4507;Tea;5;1.99;33370;
4507;Oranges;2;4.26;33370;
4507;Sugar;2;5.19;33370;
4508;Pasta;3;7.52;95865;
4508;Milk;4;7.15;95865;
4508;Tomatoes;4;9.95;95865;
4508;Cheese;1;4.45;95865;
4509;Potatoes;3;9.01;50469;
4509;Onions;5;7.51;50469;
4509;Chicken;4;1.46;50469;
4509;Tomatoes;4;9.15;50469;
4510;Tea;5;8.50;19916;
4510;Chicken;1;8.16;19916;
4510;Sugar;4;4.97;19916;
4510;Pasta;1;1.72;19916;
4510;Coffee;1;8.10;19916;
4511;Oranges;3;8.48;98061;
4511;Onions;3;5.52;98061;
4511;Bread;2;1.32;98061;
4511;Coffee;4;5.20;98061;
4511;Sugar;3;7.95;98061;
4511;Butter;5;9.09;98061;
4512;Bananas;5;6.39;21556;
4512;Oranges;1;8.89;21556;
4512;Apples;1;7.90;21556;
4513;Cheese;5;8.61;32950;
4513;Potatoes;1;8.85;32950;
4513;Coffee;3;7.05;32950;
4513;Milk;2;5.54;32950;
4513;Cereal;2;8.68;32950;
4513;Bananas;3;4.06;32950;
4513;Sugar;3;6.51;32950;
4514;Bananas;2;4.13;69696;
4514;Yogurt;1;5.03;69696;
4514;Apples;5;8.28;69696;
4515;Milk;1;8.28;76423;
4515;Butter;4;6.65;76423;
4515;Apples;1;1.43;76423;
4515;Yogurt;1;1.72;76423;
4515;Bananas;1;6.38;76423;
4515;Cereal;2;1.84;76423;
4516;Milk;2;4.68;63290;
4516;Apples;5;2.53;63290;
4516;Cheese;5;3.39;63290;
4516;Bananas;4;2.50;63290;
4516;Potatoes;3;3.68;63290;
4516;Oranges;1;6.61;63290;
4516;Sugar;2;6.18;63290;
4516;Butter;4;2.30;63290;
4517;Chicken;1;6.66;58805;
4517;Tomatoes;3;8.84;58805;
4517;Onions;5;5.90;58805;
4518;Potatoes;1;5.95;72412;
4518;Pasta;3;8.20;72412;
4518;Yogurt;5;6.11;72412;
4518;Bananas;4;3.42;72412;
4518;Milk;4;5.95;72412;
4518;Cereal;5;7.50;72412;
4519;Coffee;3;7.61;26054;
4519;Cereal;2;1.51;26054;
4519;Bread;5;2.20;26054;
4519;Sugar;3;6.35;26054;
4519;Butter;5;5.69;26054;
4520;Milk;2;9.69;91375;
4520;Cereal;2;8.30;91375;
4520;Juice;5;5.62;91375;
4520;Cheese;3;6.52;91375;
4520;Yogurt;1;6.39;91375;
4520;Apples;1;5.65;91375;
4520;Bread;5;2.21;91375;
4520;Bananas;3;7.11;91375;
4521;Onions;5;4.11;45073;
4521;Tomatoes;2;4.63;45073;
4521;Potatoes;4;9.42;45073;
4521;Chicken;3;9.34;45073;
4521;Butter;1;8.77;45073;
4522;Apples;2;2.29;23127;
4522;Yogurt;4;5.20;23127;
4522;Bananas;2;7.76;23127;
4523;Tomatoes;3;4.09;44376;
4523;Potatoes;3;9.71;44376;
4523;Chicken;3;5.61;44376;
4523;Onions;5;1.39;44376;
4524;Apples;4;7.73;27521;
4524;Bananas;1;4.40;27521;
4524;Yogurt;1;9.50;27521;
4525;Coffee;3;6.51;65116;
4525;Sugar;1;4.92;65116;
4525;Oranges;2;5.38;65116;
4525;Butter;3;8.72;65116;
4525;Pasta;1;3.11;65116;
4525;Bread;3;2.10;65116;
4526;Coffee;4;5.82;74234;
4526;Tea;2;7.42;74234;
4526;Apples;2;3.26;74234;
4526;Sugar;1;6.45;74234;
4526;Butter;1;1.46;74234;
4527;Pasta;2;3.84;40328;
4527;Apples;2;6.54;40328;
4527;Bananas;3;7.87;40328;
4527;Oranges;1;1.13;40328;
4528;Pasta;2;1.14;52647;
4528;Cheese;2;3.84;52647;
4528;Sugar;2;6.78;52647;
4528;Onions;3;3.02;52647;
4528;Milk;4;8.83;52647;
4528;Chicken;1;8.24;52647;
4528;Tomatoes;3;5.75;52647;
4529;Cereal;4;5.87;85877;
4529;Bananas;5;5.27;85877;
4529;Milk;1;6.04;85877;
4530;Yogurt;4;5.93;25455;
4530;Bananas;3;1.05;25455;
4530;Potatoes;1;3.51;25455;
4530;Onions;4;7.28;25455;
4530;Tomatoes;5;2.13;25455;
4530;Juice;2;7.95;25455;
4530;Chicken;3;2.65;25455;
4531;Tomatoes;2;6.92;33045;
4531;Onions;3;7.73;33045;
4531;Chicken;4;8.00;33045;
4531;Potatoes;2;7.53;33045;
4531;Bread;4;5.54;33045;
4532;Onions;4;2.44;86163;
4532;Potatoes;4;9.72;86163;
4532;Chicken;2;2.08;86163;
4532;Tomatoes;3;8.18;86163;
4533;Coffee;3;4.48;83324;
4533;Apples;5;5.60;83324;
4533;Tea;2;8.56;83324;
4533;Milk;5;6.78;83324;
4533;Bananas;5;1.85;83324;
4533;Oranges;1;7.88;83324;
4533;Onions;3;1.62;83324;
4533;Cereal;5;3.37;83324;
4534;Onions;2;2.13;53916;
4534;Tomatoes;5;4.44;53916;
4534;Chicken;3;2.31;53916;
4535;Bananas;4;5.79;99267;
4535;Yogurt;3;8.78;99267;
4535;Apples;4;8.52;99267;
4535;Sugar;2;1.28;99267;
4535;Oranges;2;6.17;99267;
4536;Apples;2;7.23;54459;
4536;Tomatoes;4;9.48;54459;
4536;Cheese;2;9.96;54459;
4536;Pasta;2;1.19;54459;
4536;Juice;3;2.28;54459;
4536;Bread;2;5.00;54459;
4536;Butter;4;7.82;54459;
4537;Onions;5;2.08;23976;
4537;Tomatoes;4;4.98;23976;
4537;Pasta;1;4.89;23976;
4537;Juice;3;3.11;23976;
4537;Cheese;5;6.11;23976;
4537;Cereal;1;3.29;23976;
4537;Coffee;4;9.55;23976;
4538;Bread;2;1.43;85664;
4538;Butter;3;3.08;85664;
4538;Coffee;1;8.86;85664;
4538;Sugar;2;7.41;85664;
4539;Coffee;4;9.35;13194;
4539;Sugar;3;1.98;13194;
4539;Tea;4;8.46;13194;
4540;Apples;2;9.69;10704;
4540;Bananas;5;3.38;10704;
4540;Yogurt;3;3.00;10704;
4541;Bananas;4;7.87;13467;
4541;Milk;5;4.31;13467;
4541;Cereal;1;3.91;13467;
4541;Sugar;4;8.07;13467;
4541;Yogurt;5;1.02;13467;
4542;Bananas;4;6.74;94045;
4542;Apples;1;6.97;94045;
4542;Tomatoes;5;7.69;94045;
4542;Yogurt;5;8.65;94045;
4542;Cheese;5;6.47;94045;
4543;Cheese;1;6.63;35366;
4543;Tomatoes;1;1.14;35366;
4543;Pasta;1;6.72;35366;
4543;Potatoes;1;2.03;35366;
4543;Coffee;4;3.75;35366;
4543;Apples;4;1.10;35366;
4544;Oranges;4;1.69;24793;
4544;Potatoes;5;7.88;24793;
4544;Cereal;2;7.29;24793;
4544;Pasta;5;9.40;24793;
4544;Bananas;3;8.08;24793;
4544;Tomatoes;1;9.47;24793;
4544;Milk;4;2.52;24793;
4545;Eggs;1;7.37;86766;
4545;Tomatoes;2;3.23;86766;
4545;Chicken;4;3.69;86766;
4545;Sugar;3;2.83;86766;
4545;Pasta;5;5.79;86766;
4545;Apples;4;2.67;86766;
4545;Cheese;5;1.40;86766;
4545;Oranges;3;7.78;86766;
4546;Butter;2;9.27;98609;
4546;Tomatoes;4;2.92;98609;
4546;Potatoes;4;8.72;98609;
4546;Chicken;3;9.62;98609;
4546;Onions;2;2.58;98609;
4546;Apples;1;6.54;98609;
4547;Bananas;4;7.38;15847;
4547;Cereal;3;1.98;15847;
4547;Apples;5;6.93;15847;
4547;Oranges;5;5.13;15847;
4548;Tea;3;3.53;49548;
4548;Yogurt;2;6.53;49548;
4548;Bananas;2;4.85;49548;
4548;Chicken;3;1.28;49548;
4548;Apples;1;5.67;49548;
4549;Yogurt;3;9.62;94126;
4549;Bananas;2;9.53;94126;
4549;Apples;1;6.35;94126;
4550;Tea;3;4.52;40524;
4550;Coffee;2;3.51;40524;
4550;Bread;2;6.49;40524;
4550;Onions;3;2.24;40524;
4550;Yogurt;1;7.14;40524;
4550;Bananas;1;6.68;40524;
4550;Pasta;5;4.31;40524;
4550;Sugar;1;4.42;40524;
4551;Bananas;3;1.75;44547;
4551;Cereal;5;5.38;44547;
4551;Milk;4;3.57;44547;
4552;Pasta;5;9.33;72588;
4552;Milk;2;9.62;72588;
4552;Cereal;4;5.02;72588;
4552;Bananas;4;8.60;72588;
4552;Yogurt;1;4.94;72588;
4553;Milk;5;4.42;96071;
4553;Butter;3;7.31;96071;
4553;Apples;1;5.50;96071;
4553;Pasta;1;1.51;96071;
4553;Coffee;3;8.20;96071;
4553;Tea;5;6.53;96071;
4553;Cheese;3;3.75;96071;
4553;Sugar;5;9.60;96071;
4554;Tomatoes;3;2.73;35772;
4554;Apples;2;4.57;35772;
4554;Bananas;5;3.05;35772;
4554;Yogurt;1;1.18;35772;
4555;Yogurt;2;9.47;64848;
4555;Apples;4;9.29;64848;
4555;Juice;3;4.59;64848;
4555;Pasta;4;7.33;64848;
4555;Bananas;4;3.98;64848;
4556;Potatoes;3;4.03;94946;
4556;Tomatoes;4;9.02;94946;
4556;Chicken;3;4.72;94946;
4556;Onions;2;3.61;94946;
4556;Cheese;3;5.45;94946;
4556;Bread;5;9.91;94946;
4556;Juice;2;9.09;94946;
4557;Chicken;4;1.42;26898;
4557;Bananas;4;1.50;26898;
4557;Oranges;3;4.20;26898;
4557;Apples;4;4.48;26898;
4557;Juice;2;5.03;26898;
4557;Sugar;3;3.49;26898;
4558;Coffee;4;1.15;27580;
4558;Bread;4;5.62;27580;
4558;Eggs;2;7.76;27580;
4558;Potatoes;1;7.07;27580;
4558;Butter;2;3.97;27580;
4558;Sugar;3;7.04;27580;
4559;Oranges;3;8.31;25553;
4559;Bananas;1;3.21;25553;
4559;Onions;4;5.70;25553;
4559;Yogurt;1;9.38;25553;
4559;Apples;1;5.68;25553;
4559;Eggs;3;4.51;25553;
4559;Coffee;1;4.15;25553;
4560;Potatoes;2;9.46;58042;
4560;Tea;1;6.55;58042;
4560;Coffee;3;9.31;58042;
4560;Sugar;3;3.57;58042;
4561;Milk;5;2.99;88451;
4561;Coffee;1;1.53;88451;
4561;Sugar;5;4.99;88451;
4561;Bread;1;8.11;88451;
4561;Butter;4;3.22;88451;
4562;Apples;1;1.32;94459;
4562;Oranges;1;5.34;94459;
4562;Bananas;5;6.40;94459;
4562;Eggs;3;7.79;94459;
4562;Tomatoes;5;9.29;94459;
4562;Bread;1;2.62;94459;
4562;Cheese;4;4.52;94459;
4563;Cereal;1;4.10;56680;
4563;Bananas;3;8.18;56680;
4563;Milk;3;6.95;56680;
4564;Onions;5;5.78;24359;
4564;Juice;1;1.09;24359;
4564;Bananas;5;1.94;24359;
4564;Tomatoes;3;5.16;24359;
4564;Chicken;5;6.53;24359;
4564;Potatoes;3;2.06;24359;
4565;Bread;2;5.41;11804;
4565;Coffee;1;1.32;11804;
4565;Sugar;2;9.21;11804;
4565;Butter;2;4.01;11804;
4566;Yogurt;2;5.47;79523;
4566;Bananas;3;3.89;79523;
4566;Chicken;3;5.65;79523;
4566;Onions;1;3.92;79523;
4566;Sugar;4;2.41;79523;
4566;Bread;1;2.28;79523;
4566;Apples;2;4.05;79523;
4567;Milk;2;3.48;24963;
4567;Cereal;4;8.76;24963;
4567;Juice;2;8.08;24963;
4567;Bananas;4;1.93;24963;
4568;Milk;5;7.04;11500;
4568;Cereal;5;1.46;11500;
4568;Bananas;2;7.31;11500;
4569;Sugar;2;8.86;49248;
4569;Coffee;2;4.68;49248;
4569;Tea;2;3.26;49248;
4570;Pasta;4;9.73;45801;
4570;Oranges;2;3.27;45801;
4570;Apples;4;2.03;45801;
4570;Chicken;2;1.70;45801;
4570;Bananas;2;1.00;45801;
4571;Cereal;3;2.82;32560;
4571;Milk;3;9.87;32560;
4571;Bananas;3;7.25;32560;
4572;Tea;3;8.04;49946;
4572;Juice;3;9.03;49946;
4572;Potatoes;5;7.02;49946;
4572;Onions;3;1.23;49946;
4572;Chicken;1;4.45;49946;
4572;Tomatoes;3;7.49;49946;
4573;Bread;2;1.81;15865;
4573;Milk;1;8.18;15865;
4573;Oranges;1;6.54;15865;
4573;Tea;3;8.39;15865;
4573;Bananas;1;7.42;15865;
4573;Cereal;1;4.63;15865;
4574;Pasta;4;2.25;88857;
4574;Sugar;1;1.02;88857;
4574;Cereal;1;3.87;88857;
4574;Tomatoes;3;8.96;88857;
4574;Onions;5;4.75;88857;
4574;Potatoes;5;2.43;88857;
4574;Chicken;4;4.79;88857;
4574;Cheese;2;8.87;88857;
4575;Onions;1;6.01;60829;
4575;Eggs;1;2.17;60829;
4575;Potatoes;1;3.91;60829;
4575;Chicken;1;2.82;60829;
4575;Tomatoes;4;7.40;60829;
4575;Oranges;1;2.69;60829;
4576;Chicken;4;6.09;44423;
4576;Sugar;3;7.72;44423;
4576;Butter;1;7.74;44423;
4576;Tea;3;8.03;44423;
4576;Bread;3;3.78;44423;
4576;Coffee;2;6.49;44423;
4576;Pasta;4;8.39;44423;
4576;Oranges;2;4.26;44423;
4577;Cheese;2;3.63;87791;
4577;Potatoes;2;4.79;87791;
4577;Sugar;5;6.69;87791;
4577;Bananas;3;1.46;87791;
4577;Chicken;2;2.66;87791;
4577;Tomatoes;1;4.58;87791;
4577;Onions;4;8.15;87791;
4578;Coffee;4;1.42;22852;
4578;Tea;1;6.54;22852;
4578;Sugar;1;2.11;22852;
4579;Chicken;4;5.15;45701;
4579;Potatoes;5;6.65;45701;
4579;Tomatoes;4;7.00;45701;
4579;Onions;4;8.89;45701;
4579;Sugar;3;6.93;45701;
4579;Cereal;4;5.27;45701;
4580;Bread;1;9.10;86036;
4580;Sugar;3;8.87;86036;
4580;Butter;3;4.59;86036;
4580;Eggs;4;5.19;86036;
4580;Apples;4;7.34;86036;
4580;Coffee;1;1.15;86036;
4581;Bananas;1;2.30;91012;
4581;Coffee;1;3.94;91012;
4581;Milk;3;2.69;91012;
4581;Cereal;3;3.10;91012;
4582;Oranges;2;7.85;54698;
4582;Tomatoes;3;7.29;54698;
4582;Sugar;5;1.15;54698;
4582;Cheese;2;1.31;54698;
4582;Pasta;1;8.45;54698;
4582;Tea;3;2.09;54698;
4583;Apples;2;5.82;86323;
4583;Bananas;2;9.47;86323;
4583;Milk;3;9.40;86323;
4583;Yogurt;4;9.22;86323;
4584;Yogurt;2;3.53;46638;
4584;Onions;3;6.16;46638;
4584;Apples;1;8.96;46638;
4584;Bananas;4;8.56;46638;
4585;Apples;3;6.11;54227;
4585;Potatoes;4;2.92;54227;
4585;Bananas;5;2.29;54227;
4585;Yogurt;2;6.57;54227;
4585;Butter;2;2.77;54227;
4585;Eggs;1;3.21;54227;
4585;Oranges;5;4.08;54227;
4586;Tea;1;1.88;72889;
4586;Onions;3;7.10;72889;
4586;Oranges;4;5.76;72889;
4586;Bananas;4;1.64;72889;
4586;Tomatoes;4;8.02;72889;
4586;Chicken;3;6.85;72889;
4586;Potatoes;5;1.09;72889;
4586;Bread;2;5.81;72889;
4587;Onions;2;4.47;57772;
4587;Potatoes;5;4.19;57772;
4587;Milk;2;1.92;57772;
4587;Pasta;2;7.96;57772;
4587;Tomatoes;4;5.92;57772;
4587;Chicken;4;1.34;57772;
4587;Coffee;5;2.77;57772;
4588;Bread;1;3.66;55335;
4588;Butter;4;4.95;55335;
4588;Coffee;1;7.07;55335;
4589;Milk;2;8.01;79848;
4589;Tea;2;6.61;79848;
4589;Sugar;5;3.39;79848;
4589;Oranges;2;3.73;79848;
4589;Yogurt;3;3.85;79848;
4589;Bread;1;5.59;79848;
4589;Coffee;4;7.66;79848;
4589;Apples;4;7.38;79848;
4590;Bananas;5;8.27;55596;
4590;Yogurt;3;8.06;55596;
4590;Apples;3;1.95;55596;
4591;Yogurt;2;6.22;70297;
4591;Tomatoes;3;5.52;70297;
4591;Bananas;4;6.46;70297;
4591;Onions;4;8.13;70297;
4591;Potatoes;1;6.08;70297;
4591;Chicken;3;9.99;70297;
4592;Sugar;3;8.60;76720;
4592;Tea;4;4.15;76720;
4592;Coffee;3;1.48;76720;
4593;Apples;3;3.37;43670;
4593;Bananas;4;5.32;43670;
4593;Cereal;5;9.83;43670;
4593;Milk;4;8.92;43670;
4594;Cheese;3;5.20;16123;
4594;Oranges;4;2.71;16123;
4594;Pasta;3;9.31;16123;
4594;Coffee;1;6.42;16123;
4594;Tea;3;4.44;16123;
4594;Sugar;1;4.88;16123;
4594;Tomatoes;3;3.76;16123;
4594;Eggs;1;6.27;16123;
4595;Coffee;2;3.37;41334;
4595;Yogurt;4;5.03;41334;
4595;Bananas;2;1.56;41334;
4595;Apples;2;5.74;41334;
4595;Bread;5;2.28;41334;
4596;Apples;2;9.24;66840;
4596;Sugar;3;1.04;66840;
4596;Coffee;3;7.87;66840;
4596;Tea;3;9.67;66840;
4597;Eggs;4;7.94;50487;
4597;Potatoes;3;6.30;50487;
4597;Milk;2;6.64;50487;
4597;Cereal;2;5.47;50487;
4597;Bananas;2;3.71;50487;
4597;Sugar;3;8.51;50487;
4597;Tomatoes;5;5.92;50487;
4598;Chicken;4;7.84;18338;
4598;Oranges;5;2.83;18338;
4598;Bread;3;1.52;18338;
4598;Butter;4;2.22;18338;
4598;Eggs;5;9.59;18338;
4598;Potatoes;4;1.47;18338;
4598;Onions;5;8.20;18338;
4598;Tomatoes;3;9.79;18338;
4599;Apples;3;5.20;72157;
4599;Bread;3;4.16;72157;
4599;Juice;5;2.30;72157;
4599;Coffee;2;9.08;72157;
4599;Sugar;4;6.09;72157;
4599;Butter;5;4.43;72157;
4600;Sugar;3;2.03;93895;
4600;Cereal;2;8.52;93895;
4600;Bananas;2;8.06;93895;
4600;Cheese;2;1.65;93895;
4600;Apples;1;9.38;93895;
4600;Oranges;4;9.03;93895;
4600;Onions;1;7.01;93895;
4601;Bread;5;9.06;62951;
4601;Sugar;3;7.60;62951;
4601;Butter;3;5.04;62951;
4601;Coffee;2;9.12;62951;
4602;Chicken;3;3.94;73550;
4602;Pasta;5;2.67;73550;
4602;Tomatoes;2;2.63;73550;
4602;Cheese;5;5.97;73550;
4602;Tea;2;7.02;73550;
4602;Apples;3;4.97;73550;
4603;Tomatoes;2;7.66;48948;
4603;Sugar;2;6.77;48948;
4603;Cheese;5;1.09;48948;
4603;Coffee;4;7.39;48948;
4603;Pasta;4;7.51;48948;
4604;Cheese;5;4.58;46212;
4604;Sugar;3;4.57;46212;
4604;Tea;2;5.69;46212;
4604;Coffee;2;6.86;46212;
4604;Juice;2;2.29;46212;
4605;Coffee;2;7.04;99842;
4605;Tea;2;2.95;99842;
4605;Bread;2;4.57;99842;
4605;Sugar;3;5.91;99842;
4605;Oranges;4;5.98;99842;
4605;Cereal;5;3.18;99842;
4605;Potatoes;1;5.21;99842;
4605;Bananas;3;1.62;99842;
4606;Butter;2;6.46;61616;
4606;Tomatoes;4;1.38;61616;
4606;Pasta;1;6.86;61616;
4606;Cheese;3;7.87;61616;
4607;Bread;5;8.79;26240;
4607;Butter;2;2.04;26240;
4607;Oranges;2;5.29;26240;
4607;Sugar;4;3.42;26240;
4607;Coffee;5;5.88;26240;
4608;Cereal;5;9.88;18148;
4608;Juice;4;2.12;18148;
4608;Tea;1;8.04;18148;
4608;Bananas;4;4.28;18148;
4608;Oranges;2;5.13;18148;
4608;Milk;5;1.60;18148;
4608;Apples;5;8.31;18148;
4609;Bananas;3;8.36;30910;
4609;Milk;2;5.68;30910;
4609;Cereal;4;8.73;30910;
4610;Tea;5;1.96;98695;
4610;Bananas;3;1.34;98695;
4610;Butter;5;7.06;98695;
4610;Sugar;4;2.73;98695;
4610;Coffee;5;5.67;98695;
4610;Milk;4;9.07;98695;
4610;Bread;1;8.18;98695;
4610;Apples;4;8.40;98695;
4611;Apples;4;7.91;33170;
4611;Bananas;4;7.02;33170;
4611;Yogurt;5;5.23;33170;
4612;Tomatoes;1;1.35;76774;
4612;Cereal;5;3.31;76774;
4612;Eggs;1;3.19;76774;
4612;Milk;1;6.14;76774;
4612;Apples;3;4.37;76774;
4612;Bananas;3;5.04;76774;
4612;Chicken;5;5.66;76774;
4613;Cheese;1;4.28;65035;
4613;Butter;5;8.90;65035;
4613;Tea;1;5.32;65035;
4613;Coffee;1;4.45;65035;
4613;Eggs;3;9.96;65035;
4613;Pasta;3;4.03;65035;
4613;Tomatoes;1;9.63;65035;
4614;Tomatoes;4;3.08;57967;
4614;Onions;3;8.31;57967;
4614;Chicken;2;5.30;57967;
4615;Bread;1;4.96;54818;
4615;Apples;2;9.78;54818;
4615;Milk;2;7.04;54818;
4615;Oranges;3;3.09;54818;
4615;Bananas;4;1.04;54818;
4615;Potatoes;5;5.02;54818;
4615;Coffee;5;8.40;54818;
4616;Potatoes;3;2.46;57676;
4616;Apples;3;6.75;57676;
4616;Bread;1;4.00;57676;
4616;Onions;5;1.38;57676;
4616;Yogurt;3;8.19;57676;
4616;Bananas;4;6.75;57676;
4616;Cereal;4;8.10;57676;
4617;Potatoes;4;3.58;79332;
4617;Tomatoes;3;8.09;79332;
4617;Chicken;3;9.97;79332;
4617;Cereal;5;9.23;79332;
4617;Onions;1;7.10;79332;
4617;Milk;3;5.56;79332;
4618;Tea;1;4.14;63320;
4618;Coffee;4;3.13;63320;
4618;Onions;5;3.16;63320;
4618;Tomatoes;2;6.72;63320;
4618;Bananas;3;4.65;63320;
4618;Sugar;4;7.89;63320;
4619;Pasta;5;9.68;28336;
4619;Cheese;1;9.85;28336;
4619;Tomatoes;3;7.67;28336;
4619;Tea;4;7.03;28336;
4620;Tomatoes;3;7.32;81362;
4620;Cheese;4;2.47;81362;
4620;Pasta;5;6.79;81362;
4621;Bananas;4;8.80;65999;
4621;Yogurt;2;2.11;65999;
4621;Apples;3;6.72;65999;
4622;Sugar;4;3.20;98986;
4622;Butter;3;2.64;98986;
4622;Eggs;2;8.92;98986;
4622;Pasta;2;7.53;98986;
4622;Coffee;5;6.37;98986;
4622;Bread;4;9.37;98986;
4622;Yogurt;5;5.72;98986;
4623;Pasta;4;4.61;73913;
4623;Tomatoes;1;1.56;73913;
4623;Cheese;2;4.81;73913;
4623;Potatoes;4;7.90;73913;
4623;Yogurt;2;9.96;73913;
4623;Chicken;3;1.92;73913;
4624;Yogurt;5;6.43;84131;
4624;Milk;5;1.27;84131;
4624;Bananas;5;7.30;84131;
4624;Apples;3;3.26;84131;
4624;Juice;5;5.93;84131;
4624;Pasta;1;2.44;84131;
4625;Butter;1;8.97;80878;
4625;Bread;4;5.84;80878;
4625;Coffee;1;9.47;80878;
4625;Sugar;2;7.09;80878;
4626;Cheese;3;9.90;87136;
4626;Milk;1;5.55;87136;
4626;Yogurt;2;9.26;87136;
4626;Tomatoes;1;2.93;87136;
4626;Cereal;4;1.39;87136;
4626;Juice;3;3.34;87136;
4626;Bananas;2;9.11;87136;
4626;Onions;3;4.59;87136;
4627;Tea;5;6.32;27795;
4627;Apples;3;4.79;27795;
4627;Pasta;1;3.96;27795;
4627;Oranges;5;4.90;27795;
4627;Sugar;1;5.09;27795;
4627;Onions;1;6.03;27795;
4627;Bananas;2;2.94;27795;
4627;Milk;5;3.76;27795;
4628;Pasta;4;2.10;10855;
4628;Cheese;2;1.94;10855;
4628;Tomatoes;3;3.48;10855;
4628;Apples;5;1.07;10855;
4629;Potatoes;2;5.31;66625;
4629;Coffee;5;5.11;66625;
4629;Apples;4;5.34;66625;
4629;Oranges;5;9.75;66625;
4629;Eggs;4;5.02;66625;
4629;Milk;5;1.27;66625;
4629;Cereal;1;3.51;66625;
4629;Bananas;3;9.75;66625;
4630;Yogurt;4;6.09;33347;
4630;Apples;4;8.28;33347;
4630;Bananas;5;3.43;33347;
4631;Cheese;2;6.36;43322;
4631;Bread;1;5.15;43322;
4631;Cereal;3;9.11;43322;
4631;Eggs;1;9.51;43322;
4631;Pasta;4;9.55;43322;
4631;Tomatoes;2;1.41;43322;
4632;Potatoes;4;1.47;43932;
4632;Tomatoes;2;6.24;43932;
4632;Chicken;1;2.49;43932;
4632;Juice;2;6.11;43932;
4632;Oranges;1;2.36;43932;
4632;Onions;5;5.84;43932;
4632;Coffee;3;7.22;43932;
4632;Yogurt;1;4.85;43932;
4633;Onions;5;2.40;18378;
4633;Tomatoes;4;1.68;18378;
4633;Potatoes;4;7.83;18378;
4633;Milk;2;3.88;18378;
4633;Apples;5;6.07;18378;
4633;Juice;2;1.79;18378;
4633;Chicken;2;7.11;18378;
4634;Tea;3;2.68;85714;
4634;Bananas;1;1.21;85714;
4634;Butter;2;2.33;85714;
4634;Pasta;4;1.36;85714;
4634;Apples;5;4.38;85714;
4634;Oranges;1;9.80;85714;
4635;Bananas;4;5.55;97717;
4635;Apples;1;9.66;97717;
4635;Oranges;2;6.13;97717;
4635;Yogurt;5;8.05;97717;
4635;Onions;2;1.49;97717;
4635;Potatoes;1;2.96;97717;
4635;Sugar;5;8.99;97717;
4635;Butter;5;5.42;97717;
4636;Coffee;2;7.69;27188;
4636;Bread;2;3.03;27188;
4636;Juice;3;3.16;27188;
4636;Sugar;2;7.43;27188;
4636;Butter;4;6.06;27188;
4637;Coffee;4;9.46;82667;
4637;Sugar;3;2.89;82667;
4637;Tea;2;5.56;82667;
4638;Apples;3;4.47;32836;
4638;Chicken;1;9.12;32836;
4638;Bananas;1;5.90;32836;
4638;Yogurt;1;5.76;32836;
4639;Milk;1;4.63;96826;
4639;Oranges;4;5.22;96826;
4639;Potatoes;2;8.98;96826;
4639;Yogurt;5;5.18;96826;
4639;Bananas;5;9.39;96826;
4639;Cereal;2;7.47;96826;
4640;Coffee;1;8.31;79526;
4640;Bread;1;5.82;79526;
4640;Butter;5;4.56;79526;
4640;Milk;3;3.30;79526;
4640;Sugar;4;2.03;79526;
4641;Cereal;4;1.85;70888;
4641;Onions;1;8.92;70888;
4641;Sugar;3;2.42;70888;
4641;Apples;1;5.95;70888;
4641;Yogurt;2;8.65;70888;
4641;Milk;3;9.83;70888;
4641;Bananas;3;2.53;70888;
4642;Bananas;3;7.61;18513;
4642;Apples;2;2.64;18513;
4642;Tea;4;9.14;18513;
4642;Oranges;3;1.29;18513;
4642;Sugar;5;6.09;18513;
4642;Coffee;1;4.25;18513;
4643;Butter;1;9.33;23099;
4643;Sugar;5;2.61;23099;
4643;Coffee;4;8.61;23099;
4643;Onions;5;2.48;23099;
4643;Cheese;4;2.13;23099;
4643;Oranges;1;8.53;23099;
4643;Bread;2;4.12;23099;
4643;Tomatoes;1;7.86;23099;
4644;Potatoes;2;2.17;61827;
4644;Chicken;1;7.97;61827;
4644;Onions;4;6.49;61827;
4644;Apples;1;4.56;61827;
4644;Milk;1;1.66;61827;
4644;Tomatoes;5;7.83;61827;
4645;Potatoes;3;3.91;73788;
4645;Apples;4;8.87;73788;
4645;Bananas;2;9.42;73788;
4645;Yogurt;1;8.41;73788;
4646;Milk;2;6.53;52861;
4646;Cereal;3;7.01;52861;
4646;Onions;3;7.07;52861;
4646;Bananas;4;9.41;52861;
4646;Chicken;5;2.19;52861;
4646;Oranges;1;3.84;52861;
4647;Oranges;3;8.61;74793;
4647;Bananas;4;2.24;74793;
4647;Butter;3;9.35;74793;
4647;Milk;2;4.31;74793;
4647;Juice;2;1.46;74793;
4647;Coffee;3;6.64;74793;
4647;Apples;3;5.21;74793;
4648;Cheese;3;1.76;94301;
4648;Tomatoes;2;9.49;94301;
4648;Pasta;2;2.45;94301;
4649;Bread;4;3.98;11898;
4649;Bananas;2;7.79;11898;
4649;Coffee;1;2.33;11898;
4649;Sugar;1;3.74;11898;
4649;Milk;4;4.11;11898;
4649;Butter;1;1.88;11898;
4650;Bananas;3;9.16;46159;
4650;Juice;5;9.39;46159;
4650;Butter;2;7.86;46159;
4650;Cereal;2;2.49;46159;
4650;Milk;4;3.24;46159;
4650;Bread;2;4.14;46159;
4651;Yogurt;3;8.72;59771;
4651;Sugar;5;6.43;59771;
4651;Coffee;4;8.32;59771;
4651;Tea;3;4.26;59771;
4652;Apples;2;2.28;18327;
4652;Bananas;4;2.48;18327;
4652;Onions;4;1.58;18327;
4652;Oranges;3;6.52;18327;
4652;Sugar;5;8.08;18327;
4652;Pasta;1;4.83;18327;
4653;Onions;4;7.40;51771;
4653;Tomatoes;5;9.73;51771;
4653;Potatoes;5;2.26;51771;
4654;Coffee;4;2.77;27578;
4654;Bread;5;5.27;27578;
4654;Sugar;1;8.66;27578;
4654;Butter;3;1.22;27578;
4655;Milk;5;9.30;30585;
4655;Butter;4;3.45;30585;
4655;Sugar;3;1.14;30585;
4655;Bread;3;5.93;30585;
4655;Cheese;2;9.88;30585;
4655;Cereal;2;1.43;30585;
4655;Coffee;3;4.03;30585;
4655;Onions;3;1.84;30585;
4656;Tomatoes;3;9.74;95416;
4656;Pasta;2;8.66;95416;
4656;Cheese;3;4.82;95416;
4656;Yogurt;4;1.97;95416;
4656;Bananas;3;6.79;95416;
4657;Onions;4;6.25;17947;
4657;Apples;3;5.30;17947;
4657;Oranges;4;6.38;17947;
4657;Bananas;4;1.94;17947;
4658;Coffee;4;4.89;71666;
4658;Sugar;1;8.07;71666;
4658;Bread;4;2.42;71666;
4658;Butter;5;8.23;71666;
4659;Milk;2;7.28;60110;
4659;Bananas;4;6.39;60110;
4659;Cheese;1;3.08;60110;
4659;Cereal;4;9.85;60110;
4660;Potatoes;5;7.04;87238;
4660;Tea;1;2.67;87238;
4660;Sugar;4;3.30;87238;
4660;Coffee;2;4.04;87238;
4661;Bread;1;2.38;58585;
4661;Milk;2;8.11;58585;
4661;Sugar;5;7.26;58585;
4661;Butter;4;4.44;58585;
4661;Chicken;1;8.79;58585;
4661;Coffee;4;8.23;58585;
4662;Pasta;5;2.86;86558;
4662;Tomatoes;2;5.65;86558;
4662;Cheese;2;1.33;86558;
4662;Juice;4;3.67;86558;
4663;Bread;3;1.28;34436;
4663;Bananas;5;4.01;34436;
4663;Apples;4;2.89;34436;
4663;Coffee;3;8.21;34436;
4663;Tea;1;7.09;34436;
4663;Pasta;5;7.20;34436;
4663;Yogurt;3;2.75;34436;
4664;Yogurt;3;8.30;46976;
4664;Bread;1;1.27;46976;
4664;Apples;3;9.90;46976;
4664;Bananas;3;7.21;46976;
4664;Tea;4;1.23;46976;
4665;Chicken;3;9.50;54909;
4665;Cereal;4;4.62;54909;
4665;Potatoes;4;3.34;54909;
4665;Tomatoes;2;4.34;54909;
4665;Onions;5;6.05;54909;
4665;Juice;5;4.82;54909;
4666;Sugar;2;7.58;31252;
4666;Coffee;5;1.48;31252;
4666;Butter;2;9.56;31252;
4666;Bread;4;5.75;31252;
4667;Tomatoes;1;1.25;55792;
4667;Potatoes;3;9.56;55792;
4667;Chicken;4;8.15;55792;
4667;Bread;3;9.68;55792;
4667;Onions;3;5.29;55792;
4668;Onions;5;7.64;63718;
4668;Tomatoes;1;3.21;63718;
4668;Chicken;4;3.17;63718;
4668;Potatoes;1;6.39;63718;
4669;Chicken;4;5.30;33635;
4669;Tomatoes;1;3.68;33635;
4669;Onions;2;6.91;33635;
4669;Bread;4;6.60;33635;
4669;Potatoes;4;9.23;33635;
4670;Sugar;3;6.59;37707;
4670;Bread;4;2.06;37707;
4670;Coffee;5;3.07;37707;
4671;Sugar;5;2.77;10127;
4671;Tomatoes;3;6.42;10127;
4671;Apples;2;2.67;10127;
4671;Chicken;1;1.92;10127;
4671;Onions;3;8.95;10127;
4671;Cheese;3;9.50;10127;
4671;Potatoes;1;9.97;10127;
4671;Cereal;2;7.79;10127;
4672;Bananas;3;2.44;88803;
4672;Eggs;2;5.36;88803;
4672;Apples;4;1.74;88803;
4672;Oranges;4;4.51;88803;
4673;Yogurt;4;9.70;13611;
4673;Oranges;4;6.06;13611;
4673;Eggs;4;9.88;13611;
4673;Bananas;5;5.32;13611;
4673;Apples;2;7.48;13611;
4673;Tomatoes;4;2.83;13611;
4674;Coffee;4;1.78;55586;
4674;Sugar;2;1.40;55586;
4674;Tea;5;8.36;55586;
4675;Tea;5;9.98;39636;
4675;Chicken;2;8.39;39636;
4675;Coffee;5;5.28;39636;
4675;Apples;1;1.02;39636;
4675;Yogurt;5;4.87;39636;
4675;Bananas;4;4.48;39636;
4676;Chicken;3;7.15;41315;
4676;Tomatoes;2;2.49;41315;
4676;Potatoes;4;1.53;41315;
4677;Juice;2;2.45;35541;
4677;Tomatoes;2;1.36;35541;
4677;Pasta;4;4.39;35541;
4677;Cheese;3;8.00;35541;
4678;Sugar;5;7.06;10528;
4678;Bread;2;4.29;10528;
4678;Juice;4;7.50;10528;
4678;Coffee;5;9.16;10528;
4678;Butter;2;5.07;10528;
4678;Milk;2;6.42;10528;
4679;Tomatoes;4;9.56;66134;
4679;Yogurt;3;3.72;66134;
4679;Onions;4;4.41;66134;
4679;Bread;2;9.93;66134;
4679;Potatoes;4;5.69;66134;
4679;Eggs;2;2.41;66134;
4679;Chicken;2;8.00;66134;
4680;Milk;4;4.29;32625;
4680;Cereal;2;4.80;32625;
4680;Bananas;1;7.74;32625;
4680;Eggs;1;2.55;32625;
4681;Sugar;4;6.51;59237;
4681;Coffee;4;6.86;59237;
4681;Tea;3;9.11;59237;
4681;Butter;3;8.65;59237;
4681;Pasta;4;4.41;59237;
4681;Chicken;2;2.49;59237;
4681;Bananas;1;4.19;59237;
4682;Potatoes;5;1.15;59399;
4682;Apples;1;1.74;59399;
4682;Cheese;2;1.16;59399;
4682;Oranges;5;5.75;59399;
4682;Bananas;2;9.69;59399;
4682;Milk;3;6.21;59399;
4683;Bread;2;4.60;46538;
4683;Milk;2;8.78;46538;
4683;Tomatoes;4;2.36;46538;
4683;Apples;3;5.06;46538;
4683;Butter;3;3.56;46538;
4683;Bananas;1;2.85;46538;
4683;Eggs;1;1.28;46538;
4683;Cereal;5;5.05;46538;
4684;Potatoes;3;5.44;67790;
4684;Onions;2;8.11;67790;
4684;Chicken;3;1.13;67790;
4684;Tomatoes;3;9.41;67790;
4685;Milk;3;1.16;25522;
4685;Apples;5;6.73;25522;
4685;Sugar;1;2.28;25522;
4685;Yogurt;1;8.26;25522;
4685;Bananas;2;5.81;25522;
4685;Juice;5;3.79;25522;
4685;Tea;1;8.00;25522;
4685;Cereal;2;4.63;25522;
4686;Yogurt;1;1.01;83159;
4686;Apples;2;5.09;83159;
4686;Milk;4;5.62;83159;
4686;Chicken;2;2.50;83159;
4686;Bananas;4;7.46;83159;
4687;Butter;5;7.19;20580;
4687;Apples;3;7.32;20580;
4687;Sugar;5;4.01;20580;
4687;Milk;2;6.11;20580;
4687;Coffee;2;6.60;20580;
4687;Tomatoes;3;9.95;20580;
4687;Bread;4;3.52;20580;
4688;Cheese;2;1.44;93546;
4688;Tomatoes;3;7.42;93546;
4688;Eggs;3;5.85;93546;
4688;Coffee;3;7.80;93546;
4688;Potatoes;1;6.07;93546;
4688;Tea;5;5.30;93546;
4688;Bread;3;5.70;93546;
4688;Sugar;1;9.11;93546;
4689;Pasta;1;6.67;65629;
4689;Chicken;2;4.08;65629;
4689;Eggs;3;2.00;65629;
4689;Bananas;5;4.51;65629;
4689;Potatoes;2;6.72;65629;
4689;Yogurt;2;3.52;65629;
4689;Cheese;5;5.63;65629;
4689;Tomatoes;1;4.64;65629;
4690;Tomatoes;2;1.58;39100;
4690;Bananas;3;4.85;39100;
4690;Milk;1;5.66;39100;
4690;Cheese;4;5.15;39100;
4690;Cereal;5;7.98;39100;
4691;Milk;3;6.90;44629;
4691;Yogurt;5;1.69;44629;
4691;Apples;1;7.82;44629;
4691;Cereal;3;3.31;44629;
4691;Bananas;5;6.19;44629;
4692;Bread;5;8.85;88227;
4692;Butter;2;7.55;88227;
4692;Sugar;3;7.10;88227;
4692;Bananas;3;4.21;88227;
4692;Coffee;5;9.16;88227;
4693;Pasta;2;9.65;80977;
4693;Cheese;1;1.53;80977;
4693;Milk;5;7.36;80977;
4693;Tomatoes;2;3.13;80977;
4693;Apples;3;9.55;80977;
4693;Yogurt;1;8.19;80977;
4693;Coffee;1;4.02;80977;
4694;Yogurt;1;8.91;30969;
4694;Bananas;1;2.11;30969;
4694;Apples;4;3.21;30969;
4695;Milk;2;7.49;86864;
4695;Coffee;5;9.39;86864;
4695;Cereal;1;4.08;86864;
4695;Bananas;2;5.36;86864;
4695;Eggs;4;3.53;86864;
4696;Chicken;4;9.04;31434;
4696;Onions;3;7.42;31434;
4696;Tomatoes;3;8.50;31434;
4696;Yogurt;5;4.86;31434;
4696;Potatoes;4;8.52;31434;
4697;Bananas;4;1.11;25139;
4697;Tomatoes;4;2.48;25139;
4697;Milk;1;8.00;25139;
4697;Pasta;1;9.38;25139;
4697;Cheese;4;8.58;25139;
4698;Apples;2;7.28;59593;
4698;Tomatoes;5;3.02;59593;
4698;Oranges;3;6.30;59593;
4698;Bananas;2;6.35;59593;
4698;Yogurt;1;1.88;59593;
4698;Milk;5;3.13;59593;
4699;Yogurt;3;9.69;48206;
4699;Apples;4;9.68;48206;
4699;Tea;1;5.09;48206;
4699;Bananas;1;7.54;48206;
4699;Sugar;5;1.27;48206;
4700;Coffee;4;8.99;87726;
4700;Butter;3;9.82;87726;
4700;Bread;1;3.86;87726;
4700;Sugar;5;4.70;87726;
4701;Sugar;3;3.42;48823;
4701;Apples;3;4.14;48823;
4701;Yogurt;2;4.97;48823;
4701;Bread;3;7.44;48823;
4701;Milk;4;4.05;48823;
4701;Bananas;3;8.88;48823;
4701;Cereal;2;6.85;48823;
4702;Sugar;3;2.13;41807;
4702;Coffee;1;3.20;41807;
4702;Butter;2;3.24;41807;
4702;Tea;1;8.96;41807;
4703;Onions;5;7.85;55329;
4703;Potatoes;4;1.34;55329;
4703;Bananas;4;9.30;55329;
4703;Tea;5;9.35;55329;
4703;Chicken;4;8.68;55329;
4703;Tomatoes;4;7.23;55329;
4704;Onions;2;4.02;89701;
4704;Bananas;4;8.54;89701;
4704;Apples;1;3.07;89701;
4704;Oranges;2;6.16;89701;
4705;Tea;5;8.42;10068;
4705;Cheese;3;4.76;10068;
4705;Pasta;2;1.90;10068;
4705;Sugar;4;5.74;10068;
4705;Coffee;5;4.88;10068;
4705;Chicken;5;7.88;10068;
4705;Tomatoes;4;2.69;10068;
4706;Chicken;4;3.84;76977;
4706;Tomatoes;1;6.15;76977;
4706;Potatoes;3;3.03;76977;
4707;Cereal;2;2.17;57073;
4707;Bananas;2;5.46;57073;
4707;Milk;3;6.93;57073;
4708;Apples;5;4.51;73839;
4708;Oranges;1;8.79;73839;
4708;Milk;5;3.17;73839;
4708;Cereal;2;5.38;73839;
4708;Pasta;1;4.28;73839;
4708;Bananas;4;5.49;73839;
4709;Bread;3;9.45;89528;
4709;Eggs;1;7.23;89528;
4709;Oranges;5;3.97;89528;
4709;Onions;3;1.13;89528;
4709;Sugar;2;9.15;89528;
4709;Coffee;5;1.09;89528;
4709;Tea;5;2.74;89528;
4709;Butter;1;8.25;89528;
4710;Butter;3;5.17;73720;
4710;Sugar;2;8.04;73720;
4710;Coffee;2;2.99;73720;
4710;Bread;5;7.55;73720;
4711;Cereal;5;7.21;16650;
4711;Eggs;3;3.05;16650;
4711;Apples;2;7.05;16650;
4711;Yogurt;1;1.16;16650;
4711;Bananas;1;3.51;16650;
4712;Tomatoes;4;1.67;58486;
4712;Chicken;3;6.98;58486;
4712;Butter;2;1.78;58486;
4712;Bananas;3;8.76;58486;
4712;Sugar;4;5.14;58486;
4712;Onions;4;8.84;58486;
4712;Tea;4;8.19;58486;
4712;Potatoes;3;9.48;58486;
4713;Bananas;5;4.38;26308;
4713;Apples;1;5.24;26308;
4713;Yogurt;1;6.61;26308;
4714;Eggs;3;3.01;34514;
4714;Tomatoes;2;5.13;34514;
4714;Yogurt;1;9.31;34514;
4714;Pasta;4;9.68;34514;
4714;Butter;1;3.16;34514;
4714;Cheese;3;7.22;34514;
4715;Coffee;3;3.07;99176;
4715;Tomatoes;4;6.94;99176;
4715;Sugar;1;6.72;99176;
4715;Tea;1;8.10;99176;
4716;Coffee;2;6.65;17153;
4716;Cheese;1;4.69;17153;
4716;Pasta;3;1.22;17153;
4716;Tomatoes;1;3.55;17153;
4716;Juice;3;4.88;17153;
4717;Cheese;3;8.01;62393;
4717;Sugar;1;7.21;62393;
4717;Milk;1;2.96;62393;
4717;Bananas;4;8.88;62393;
4717;Bread;4;2.77;62393;
4717;Apples;2;7.46;62393;
4717;Tomatoes;3;7.27;62393;
4717;Oranges;2;6.55;62393;
4718;Sugar;5;3.26;60443;
4718;Coffee;1;5.98;60443;
4718;Tea;3;5.29;60443;
4719;Pasta;4;2.74;65211;
4719;Juice;3;2.12;65211;
4719;Cheese;3;6.18;65211;
4719;Yogurt;3;4.08;65211;
4719;Bread;4;2.87;65211;
4719;Tomatoes;1;9.96;65211;
4719;Milk;2;9.02;65211;
4720;Yogurt;3;5.51;78291;
4720;Bananas;4;5.18;78291;
4720;Apples;5;4.35;78291;
4721;Onions;3;4.45;22248;
4721;Coffee;4;8.84;22248;
4721;Eggs;2;8.31;22248;
4721;Cheese;5;7.64;22248;
4721;Tomatoes;4;1.51;22248;
4721;Potatoes;4;3.84;22248;
4721;Chicken;2;5.92;22248;
4722;Bread;2;1.84;66111;
4722;Coffee;2;7.16;66111;
4722;Bananas;2;7.50;66111;
4722;Sugar;2;5.24;66111;
4722;Butter;5;3.50;66111;
4722;Juice;5;2.95;66111;
4723;Tomatoes;3;5.62;18687;
4723;Cheese;4;2.15;18687;
4723;Pasta;2;8.13;18687;
4723;Apples;5;1.37;18687;
4724;Tea;4;3.05;36438;
4724;Coffee;4;7.16;36438;
4724;Sugar;2;1.52;36438;
4724;Onions;2;1.49;36438;
4725;Bananas;1;3.25;82028;
4725;Butter;3;6.21;82028;
4725;Milk;2;7.67;82028;
4725;Yogurt;4;1.58;82028;
4725;Cereal;4;4.25;82028;
4725;Onions;1;3.84;82028;
4725;Chicken;2;1.42;82028;
4726;Sugar;3;7.04;95905;
4726;Tea;4;1.03;95905;
4726;Oranges;3;7.81;95905;
4726;Eggs;3;6.25;95905;
4726;Juice;2;2.57;95905;
4726;Chicken;2;8.49;95905;
4726;Bananas;4;1.39;95905;
4726;Coffee;3;1.85;95905;
4727;Coffee;5;6.90;43263;
4727;Apples;4;6.10;43263;
4727;Tea;1;2.93;43263;
4727;Sugar;2;7.67;43263;
4727;Pasta;3;8.94;43263;
4728;Butter;4;6.20;38500;
4728;Oranges;5;5.89;38500;
4728;Coffee;2;7.09;38500;
4728;Milk;5;5.30;38500;
4728;Bananas;4;3.30;38500;
4728;Eggs;5;4.53;38500;
4728;Apples;1;3.48;38500;
4729;Cereal;3;7.33;52456;
4729;Oranges;2;8.89;52456;
4729;Sugar;3;4.43;52456;
4729;Coffee;5;9.93;52456;
4729;Bread;3;2.87;52456;
4729;Butter;2;3.39;52456;
4729;Milk;5;6.36;52456;
4730;Potatoes;4;7.08;67530;
4730;Coffee;1;3.39;67530;
4730;Sugar;2;6.30;67530;
4730;Bananas;5;5.50;67530;
4730;Milk;5;2.81;67530;
4730;Juice;4;5.87;67530;
4730;Cereal;1;7.06;67530;
4731;Cereal;5;4.13;93704;
4731;Oranges;2;4.27;93704;
4731;Bananas;1;4.64;93704;
4731;Butter;2;9.12;93704;
4731;Yogurt;1;1.31;93704;
4731;Milk;5;6.19;93704;
4731;Potatoes;3;7.96;93704;
4732;Cheese;4;8.09;74134;
4732;Juice;1;6.81;74134;
4732;Tomatoes;5;7.92;74134;
4732;Yogurt;1;6.27;74134;
4732;Pasta;4;5.04;74134;
4733;Pasta;4;4.28;77086;
4733;Chicken;5;3.36;77086;
4733;Tomatoes;4;6.50;77086;
4733;Potatoes;3;1.07;77086;
4733;Butter;5;7.41;77086;
4733;Onions;3;1.61;77086;
4733;Bread;5;8.27;77086;
4733;Eggs;1;4.63;77086;
4734;Apples;5;3.67;74485;
4734;Bananas;4;8.75;74485;
4734;Yogurt;3;7.34;74485;
4735;Potatoes;1;1.88;39552;
4735;Eggs;2;8.89;39552;
4735;Coffee;5;4.25;39552;
4735;Tomatoes;5;8.94;39552;
4735;Cereal;3;6.76;39552;
4735;Pasta;4;2.59;39552;
4735;Yogurt;3;5.22;39552;
4735;Cheese;1;1.73;39552;
4736;Bananas;4;1.64;13679;
4736;Apples;3;6.24;13679;
4736;Yogurt;3;9.07;13679;
4737;Pasta;5;3.86;33750;
4737;Bread;3;7.89;33750;
4737;Sugar;1;7.39;33750;
4737;Bananas;2;9.37;33750;
4737;Apples;3;5.71;33750;
4737;Coffee;3;8.05;33750;
4737;Butter;3;7.47;33750;
4738;Oranges;2;1.61;82545;
4738;Bananas;3;9.43;82545;
4738;Butter;1;8.53;82545;
4738;Apples;3;9.46;82545;
4739;Sugar;4;2.70;77330;
4739;Tea;4;3.86;77330;
4739;Coffee;2;1.07;77330;
4739;Apples;3;3.60;77330;
4740;Pasta;2;3.62;65908;
4740;Tomatoes;1;8.77;65908;
4740;Coffee;5;2.63;65908;
4740;Butter;4;2.19;65908;
4740;Cheese;2;7.02;65908;
4741;Chicken;5;4.34;19194;
4741;Potatoes;4;3.11;19194;
4741;Juice;4;7.09;19194;
4741;Tomatoes;5;9.08;19194;
4741;Onions;4;5.89;19194;
4742;Juice;5;5.28;79847;
4742;Bananas;3;9.12;79847;
4742;Apples;1;6.26;79847;
4742;Oranges;1;3.59;79847;
4742;Cereal;5;9.07;79847;
4742;Coffee;3;1.17;79847;
4742;Bread;5;2.65;79847;
4743;Tomatoes;4;9.58;35743;
4743;Cheese;1;4.95;35743;
4743;Chicken;4;4.73;35743;
4743;Onions;4;3.04;35743;
4743;Potatoes;1;4.81;35743;
4743;Apples;4;1.48;35743;
4744;Bread;3;5.30;18511;
4744;Coffee;1;1.61;18511;
4744;Butter;4;3.02;18511;
4744;Sugar;5;2.73;18511;
4745;Bananas;2;5.02;89885;
4745;Bread;5;6.65;89885;
4745;Coffee;5;6.98;89885;
4745;Butter;1;7.12;89885;
4745;Tomatoes;1;7.12;89885;
4745;Chicken;3;6.23;89885;
4745;Sugar;5;2.50;89885;
4746;Juice;3;2.59;69188;
4746;Sugar;5;1.56;69188;
4746;Coffee;1;9.73;69188;
4746;Tea;5;9.87;69188;
4747;Bananas;1;6.22;86796;
4747;Tomatoes;3;9.90;86796;
4747;Yogurt;5;6.27;86796;
4747;Apples;4;3.67;86796;
4747;Oranges;1;2.58;86796;
4748;Onions;5;9.24;38023;
4748;Butter;2;5.31;38023;
4748;Coffee;5;5.53;38023;
4748;Tomatoes;4;9.77;38023;
4748;Eggs;2;8.34;38023;
4748;Sugar;2;4.00;38023;
4748;Bread;5;9.66;38023;
4749;Milk;3;5.39;26442;
4749;Cheese;3;8.75;26442;
4749;Bananas;4;1.68;26442;
4749;Apples;1;9.08;26442;
4749;Pasta;4;3.59;26442;
4749;Cereal;5;4.16;26442;
4749;Oranges;1;4.71;26442;
4750;Tea;5;5.75;62798;
4750;Coffee;4;7.69;62798;
4750;Sugar;4;9.22;62798;
4751;Tomatoes;4;1.45;21505;
4751;Bread;3;4.21;21505;
4751;Yogurt;5;6.01;21505;
4751;Potatoes;1;1.02;21505;
4751;Sugar;4;6.55;21505;
4751;Tea;3;2.93;21505;
4751;Chicken;3;3.31;21505;
4751;Onions;1;1.18;21505;
4752;Coffee;5;5.20;20691;
4752;Cheese;4;3.39;20691;
4752;Yogurt;3;8.58;20691;
4752;Pasta;1;7.07;20691;
4752;Sugar;4;1.57;20691;
4752;Butter;3;8.85;20691;
4752;Bread;2;9.86;20691;
4753;Pasta;1;9.37;19057;
4753;Coffee;2;8.13;19057;
4753;Sugar;2;2.11;19057;
4753;Butter;3;6.89;19057;
4753;Onions;1;5.40;19057;
4753;Eggs;5;4.39;19057;
4753;Bread;1;2.51;19057;
4754;Sugar;5;5.06;41621;
4754;Bread;2;8.86;41621;
4754;Coffee;4;6.51;41621;
4754;Butter;2;3.12;41621;
4755;Bananas;5;1.35;13509;
4755;Sugar;4;7.94;13509;
4755;Cereal;3;5.16;13509;
4755;Coffee;2;5.98;13509;
4755;Tomatoes;4;2.12;13509;
4755;Milk;1;8.36;13509;
4755;Yogurt;3;8.82;13509;
4756;Tea;4;4.32;31057;
4756;Apples;1;2.97;31057;
4756;Bananas;2;5.73;31057;
4756;Yogurt;4;5.81;31057;
4757;Juice;4;9.69;74898;
4757;Cereal;3;7.10;74898;
4757;Sugar;3;9.87;74898;
4757;Coffee;2;1.68;74898;
4757;Tea;5;8.45;74898;
4758;Bread;4;1.45;40502;
4758;Butter;2;3.33;40502;
4758;Coffee;2;3.28;40502;
4758;Cereal;4;8.96;40502;
4758;Sugar;2;5.52;40502;
4759;Tomatoes;3;9.72;90906;
4759;Bread;3;6.24;90906;
4759;Potatoes;4;5.22;90906;
4759;Cheese;4;4.13;90906;
4759;Onions;5;4.31;90906;
4759;Butter;3;6.68;90906;
4759;Pasta;3;8.96;90906;
4760;Bread;5;2.71;77001;
4760;Butter;2;4.52;77001;
4760;Coffee;1;3.63;77001;
4760;Sugar;4;6.53;77001;
4761;Apples;2;9.86;90430;
4761;Yogurt;1;9.12;90430;
4761;Bananas;5;1.27;90430;
4762;Tea;1;8.20;48654;
4762;Coffee;5;3.82;48654;
4762;Milk;2;2.44;48654;
4762;Sugar;5;4.39;48654;
4762;Pasta;5;1.71;48654;
4763;Apples;5;3.05;29724;
4763;Yogurt;5;1.48;29724;
4763;Bread;2;8.40;29724;
4763;Cereal;1;5.17;29724;
4763;Butter;1;5.25;29724;
4763;Coffee;2;5.38;29724;
4763;Bananas;5;2.38;29724;
4763;Potatoes;3;3.29;29724;
4764;Cheese;5;1.39;86097;
4764;Pasta;3;8.15;86097;
4764;Tomatoes;2;9.90;86097;
4765;Tomatoes;1;3.56;27178;
4765;Onions;1;8.82;27178;
4765;Bread;3;7.34;27178;
4765;Apples;5;6.73;27178;
4765;Pasta;5;4.68;27178;
4765;Cheese;2;5.76;27178;
4765;Sugar;5;5.32;27178;
4766;Butter;3;6.33;29047;
4766;Coffee;1;6.29;29047;
4766;Tomatoes;1;3.59;29047;
4766;Bread;4;5.12;29047;
4766;Cereal;3;3.34;29047;
4766;Sugar;1;6.66;29047;
4767;Butter;5;2.84;67823;
4767;Cheese;2;4.32;67823;
4767;Pasta;4;7.53;67823;
4767;Cereal;1;4.29;67823;
4767;Sugar;3;1.79;67823;
4767;Tomatoes;5;5.03;67823;
4767;Tea;1;2.11;67823;
4768;Chicken;4;7.60;39139;
4768;Oranges;4;8.98;39139;
4768;Eggs;2;6.15;39139;
4768;Bread;4;3.66;39139;
4768;Bananas;2;5.58;39139;
4768;Apples;2;5.60;39139;
4768;Tea;1;3.91;39139;
4769;Butter;5;4.33;61912;
4769;Bananas;3;7.81;61912;
4769;Oranges;2;5.79;61912;
4769;Juice;3;3.88;61912;
4769;Apples;3;5.84;61912;
4769;Cereal;5;3.02;61912;
4769;Milk;1;2.02;61912;
4769;Eggs;5;4.15;61912;
4770;Tomatoes;4;1.51;64171;
4770;Onions;1;1.02;64171;
4770;Eggs;3;7.40;64171;
4770;Oranges;5;7.36;64171;
4770;Chicken;2;9.00;64171;
4770;Tea;1;9.30;64171;
4770;Bananas;5;1.82;64171;
4770;Apples;1;2.60;64171;
4771;Pasta;5;5.28;15950;
4771;Apples;1;3.08;15950;
4771;Cheese;1;4.78;15950;
4771;Eggs;2;5.20;15950;
4771;Tomatoes;3;1.56;15950;
4772;Tomatoes;2;6.13;69658;
4772;Cheese;1;3.77;69658;
4772;Pasta;3;1.39;69658;
4772;Tea;4;1.38;69658;
4772;Bananas;1;2.11;69658;
4773;Chicken;1;5.39;48022;
4773;Bananas;3;2.53;48022;
4773;Yogurt;2;1.58;48022;
4773;Cereal;1;5.27;48022;
4773;Bread;4;8.01;48022;
4773;Oranges;5;5.51;48022;
4773;Milk;5;2.73;48022;
4774;Coffee;4;5.78;69731;
4774;Chicken;5;6.12;69731;
4774;Tomatoes;2;4.19;69731;
4774;Onions;4;1.05;69731;
4774;Potatoes;3;1.53;69731;
4774;Bananas;1;7.61;69731;
4774;Butter;4;7.82;69731;
4775;Potatoes;5;5.97;90788;
4775;Juice;1;5.40;90788;
4775;Onions;2;6.97;90788;
4775;Tomatoes;2;5.28;90788;
4775;Cheese;4;3.27;90788;
4775;Pasta;5;9.85;90788;
4775;Apples;2;6.80;90788;
4776;Cereal;3;6.06;23842;
4776;Milk;3;3.73;23842;
4776;Cheese;5;7.32;23842;
4776;Coffee;5;8.71;23842;
4776;Juice;1;3.25;23842;
4776;Sugar;2;4.81;23842;
4776;Tea;1;4.98;23842;
4776;Yogurt;5;8.25;23842;
4777;Coffee;5;7.64;84264;
4777;Sugar;3;2.84;84264;
4777;Juice;2;2.30;84264;
4777;Eggs;5;3.25;84264;
4777;Tea;3;8.68;84264;
4777;Pasta;4;5.43;84264;
4778;Onions;2;3.88;73031;
4778;Eggs;3;5.16;73031;
4778;Potatoes;4;1.30;73031;
4778;Oranges;2;7.67;73031;
4778;Tomatoes;3;3.27;73031;
4778;Chicken;3;4.37;73031;
4778;Butter;2;8.99;73031;
4778;Cheese;3;7.42;73031;
4779;Cereal;5;4.05;69688;
4779;Bananas;4;4.38;69688;
4779;Milk;3;6.89;69688;
4779;Chicken;4;6.42;69688;
4779;Apples;2;8.73;69688;
4779;Juice;4;8.86;69688;
4779;Eggs;4;8.03;69688;
4779;Bread;2;4.96;69688;
4780;Pasta;2;8.86;60791;
4780;Bananas;5;4.29;60791;
4780;Apples;2;5.97;60791;
4780;Yogurt;5;9.01;60791;
4780;Tomatoes;3;8.09;60791;
4780;Potatoes;3;6.42;60791;
4781;Chicken;4;4.59;61808;
4781;Apples;5;7.50;61808;
4781;Sugar;2;6.24;61808;
4781;Tomatoes;2;5.17;61808;
4781;Cheese;5;2.02;61808;
4781;Butter;5;5.74;61808;
4781;Pasta;2;4.70;61808;
4781;Bananas;5;7.73;61808;
4782;Eggs;1;2.06;63411;
4782;Milk;3;2.31;63411;
4782;Coffee;3;3.28;63411;
4782;Tea;5;7.03;63411;
4782;Sugar;2;6.72;63411;
4782;Juice;2;7.38;63411;
4783;Yogurt;5;1.88;55944;
4783;Bananas;1;1.63;55944;
4783;Apples;4;3.94;55944;
4783;Tomatoes;3;5.29;55944;
4783;Coffee;5;2.05;55944;
4784;Coffee;4;4.73;44556;
4784;Sugar;5;6.77;44556;
4784;Milk;1;9.69;44556;
4784;Tea;1;9.51;44556;
4784;Butter;5;4.04;44556;
4785;Tea;1;5.58;17710;
4785;Sugar;3;4.92;17710;
4785;Coffee;1;1.79;17710;
4786;Bread;1;2.62;10202;
4786;Butter;1;8.00;10202;
4786;Coffee;5;2.49;10202;
4786;Sugar;3;3.47;10202;
4787;Apples;3;2.79;59718;
4787;Cheese;3;7.30;59718;
4787;Oranges;5;5.59;59718;
4787;Potatoes;5;3.27;59718;
4787;Bananas;3;8.97;59718;
4787;Tea;5;8.16;59718;
4787;Bread;1;9.22;59718;
4788;Eggs;4;3.27;75313;
4788;Cereal;1;5.08;75313;
4788;Milk;5;5.59;75313;
4788;Bananas;3;8.55;75313;
4788;Onions;2;4.00;75313;
4788;Butter;4;7.89;75313;
4789;Bananas;5;2.96;85199;
4789;Tea;5;2.21;85199;
4789;Cheese;4;7.39;85199;
4789;Milk;4;3.60;85199;
4789;Cereal;1;1.08;85199;
4790;Cereal;1;3.20;16199;
4790;Juice;3;1.03;16199;
4790;Yogurt;3;6.93;16199;
4790;Apples;3;5.09;16199;
4790;Bananas;5;9.73;16199;
4790;Tea;3;8.15;16199;
4790;Oranges;3;4.13;16199;
4791;Milk;5;8.69;81141;
4791;Juice;5;8.89;81141;
4791;Sugar;1;3.20;81141;
4791;Bananas;1;8.07;81141;
4791;Tea;5;3.60;81141;
4791;Cereal;5;8.60;81141;
4791;Yogurt;4;4.72;81141;
4791;Onions;3;5.32;81141;
4792;Tomatoes;3;2.22;31627;
4792;Onions;3;8.05;31627;
4792;Potatoes;1;7.39;31627;
4793;Oranges;3;4.00;67393;
4793;Pasta;2;1.29;67393;
4793;Onions;5;7.79;67393;
4793;Tomatoes;3;2.16;67393;
4793;Bananas;3;3.09;67393;
4793;Butter;2;3.56;67393;
4793;Milk;5;6.68;67393;
4793;Cereal;5;0.99;67393;
4794;Bread;3;7.64;29051;
4794;Yogurt;1;7.48;29051;
4794;Bananas;1;6.53;29051;
4794;Apples;4;5.58;29051;
4794;Sugar;1;5.61;29051;
4795;Eggs;4;4.44;89453;
4795;Milk;3;1.04;89453;
4795;Bananas;1;1.85;89453;
4795;Cereal;3;6.70;89453;
4796;Juice;5;8.16;45787;
4796;Sugar;3;6.96;45787;
4796;Bananas;2;4.64;45787;
4796;Apples;2;4.58;45787;
4796;Yogurt;1;5.51;45787;
4796;Onions;4;1.53;45787;
4797;Juice;4;8.19;42749;
4797;Bananas;2;6.22;42749;
4797;Milk;5;2.30;42749;
4797;Oranges;1;4.09;42749;
4797;Cereal;2;2.56;42749;
4797;Apples;2;3.07;42749;
4798;Chicken;4;4.15;21402;
4798;Onions;4;4.59;21402;
4798;Potatoes;4;2.15;21402;
4798;Tomatoes;1;7.64;21402;
4799;Tomatoes;2;2.84;98691;
4799;Cheese;4;4.33;98691;
4799;Milk;4;3.16;98691;
4799;Pasta;3;2.68;98691;
4800;Cereal;2;1.35;65027;
4800;Milk;2;5.42;65027;
4800;Bananas;4;5.06;65027;
4800;Tea;2;1.13;65027;
4800;Eggs;4;2.67;65027;
4801;Oranges;5;6.31;95674;
4801;Bananas;5;2.66;95674;
4801;Pasta;5;9.84;95674;
4801;Potatoes;2;6.71;95674;
4801;Apples;5;9.18;95674;
4801;Onions;3;3.01;95674;
4801;Sugar;2;7.45;95674;
4801;Cereal;3;7.05;95674;
4802;Butter;1;5.93;58565;
4802;Coffee;5;1.25;58565;
4802;Sugar;3;6.76;58565;
4803;Cheese;2;6.24;27965;
4803;Bread;1;4.94;27965;
4803;Oranges;5;7.22;27965;
4803;Potatoes;5;3.46;27965;
4803;Tomatoes;1;8.43;27965;
4803;Milk;2;5.10;27965;
4803;Pasta;3;6.43;27965;
4804;Chicken;2;1.94;45498;
4804;Cereal;3;4.48;45498;
4804;Bananas;4;3.18;45498;
4804;Onions;5;3.14;45498;
4804;Tea;2;4.83;45498;
4804;Milk;2;5.66;45498;
4805;Sugar;3;9.95;75498;
4805;Tomatoes;3;9.11;75498;
4805;Chicken;2;7.69;75498;
4805;Pasta;5;3.51;75498;
4805;Cheese;2;1.81;75498;
4805;Coffee;2;5.20;75498;
4806;Bananas;5;9.73;61212;
4806;Pasta;1;3.57;61212;
4806;Apples;1;3.39;61212;
4806;Onions;1;8.18;61212;
4806;Yogurt;2;3.12;61212;
4807;Cheese;5;3.14;63902;
4807;Bread;1;8.31;63902;
4807;Coffee;1;4.94;63902;
4807;Cereal;5;5.65;63902;
4807;Sugar;3;7.88;63902;
4807;Butter;1;1.51;63902;
4807;Chicken;3;9.82;63902;
4808;Cereal;4;9.95;91509;
4808;Milk;4;8.77;91509;
4808;Potatoes;3;3.01;91509;
4808;Apples;1;6.25;91509;
4808;Tomatoes;2;1.46;91509;
4808;Bananas;4;5.94;91509;
4808;Coffee;5;8.17;91509;
4808;Cheese;4;5.03;91509;
4809;Onions;2;1.15;88228;
4809;Chicken;5;2.91;88228;
4809;Potatoes;1;9.10;88228;
4809;Tomatoes;5;9.34;88228;
4809;Cheese;5;5.80;88228;
4810;Yogurt;2;8.78;80660;
4810;Bananas;3;9.77;80660;
4810;Juice;2;3.07;80660;
4810;Apples;5;7.03;80660;
4810;Coffee;2;2.72;80660;
4810;Butter;4;1.15;80660;
4811;Oranges;2;5.96;77816;
4811;Apples;3;5.50;77816;
4811;Bananas;2;4.66;77816;
4812;Butter;4;2.89;70752;
4812;Sugar;2;1.65;70752;
4812;Cheese;2;6.80;70752;
4812;Tomatoes;4;4.25;70752;
4812;Juice;2;6.56;70752;
4812;Onions;4;3.47;70752;
4812;Pasta;3;3.82;70752;
4812;Chicken;2;1.99;70752;
4813;Pasta;2;2.59;14768;
4813;Onions;5;7.49;14768;
4813;Chicken;2;6.20;14768;
4813;Butter;5;6.85;14768;
4813;Coffee;3;1.53;14768;
4813;Cheese;5;7.44;14768;
4813;Tomatoes;3;1.32;14768;
4813;Milk;3;9.01;14768;
4814;Coffee;2;6.66;37111;
4814;Pasta;1;4.70;37111;
4814;Cereal;1;7.18;37111;
4814;Milk;1;5.25;37111;
4814;Bananas;1;4.24;37111;
4815;Pasta;1;5.08;67425;
4815;Tomatoes;3;3.31;67425;
4815;Cheese;2;9.51;67425;
4816;Tomatoes;3;3.21;70244;
4816;Onions;2;5.94;70244;
4816;Chicken;5;4.67;70244;
4817;Cheese;5;6.32;73460;
4817;Tea;1;5.55;73460;
4817;Tomatoes;1;7.58;73460;
4817;Sugar;1;3.98;73460;
4817;Coffee;4;1.62;73460;
4817;Onions;5;3.32;73460;
4817;Milk;5;6.74;73460;
4818;Sugar;3;1.79;53749;
4818;Tea;1;7.47;53749;
4818;Butter;2;9.55;53749;
4818;Coffee;1;4.27;53749;
4819;Bread;1;4.78;25514;
4819;Butter;2;6.55;25514;
4819;Coffee;1;5.95;25514;
4819;Sugar;1;4.77;25514;
4820;Oranges;1;4.21;26981;
4820;Bananas;3;1.78;26981;
4820;Apples;4;7.75;26981;
4821;Sugar;4;5.65;96084;
4821;Onions;1;9.46;96084;
4821;Bananas;5;1.70;96084;
4821;Oranges;1;4.39;96084;
4821;Coffee;4;5.40;96084;
4821;Milk;1;6.38;96084;
4821;Apples;3;4.27;96084;
4822;Coffee;2;8.30;63718;
4822;Tea;2;2.53;63718;
4822;Sugar;2;8.53;63718;
4823;Eggs;1;8.73;54230;
4823;Bread;5;4.35;54230;
4823;Oranges;1;8.68;54230;
4823;Chicken;5;4.97;54230;
4823;Bananas;2;6.96;54230;
4823;Cheese;1;3.25;54230;
4823;Apples;4;5.88;54230;
4824;Cereal;2;7.84;17147;
4824;Eggs;2;9.19;17147;
4824;Pasta;1;2.74;17147;
4824;Coffee;3;5.77;17147;
4824;Bread;3;8.63;17147;
4824;Sugar;2;3.65;17147;
4824;Tea;2;2.77;17147;
4825;Butter;3;2.99;61353;
4825;Cheese;1;8.71;61353;
4825;Coffee;5;9.97;61353;
4825;Sugar;5;7.42;61353;
4825;Bread;3;4.37;61353;
4826;Eggs;5;1.93;18428;
4826;Potatoes;5;6.70;18428;
4826;Pasta;5;9.55;18428;
4826;Cereal;5;9.87;18428;
4826;Bananas;4;4.99;18428;
4826;Oranges;2;3.51;18428;
4826;Cheese;2;6.82;18428;
4826;Milk;1;9.81;18428;
4827;Onions;3;6.52;29411;
4827;Coffee;1;7.26;29411;
4827;Chicken;5;8.92;29411;
4827;Pasta;1;6.66;29411;
4827;Tea;4;9.65;29411;
4827;Tomatoes;3;6.34;29411;
4827;Milk;4;1.46;29411;
4827;Potatoes;4;1.71;29411;
4828;Bananas;4;3.58;12105;
4828;Oranges;2;3.56;12105;
4828;Tea;4;2.07;12105;
4828;Apples;3;2.03;12105;
4828;Cereal;3;6.46;12105;
4829;Sugar;5;5.22;72763;
4829;Bananas;3;4.48;72763;
4829;Milk;5;5.78;72763;
4829;Cereal;3;3.99;72763;
4830;Yogurt;1;5.63;65216;
4830;Oranges;5;8.93;65216;
4830;Apples;3;1.72;65216;
4830;Bread;4;8.90;65216;
4830;Bananas;2;5.87;65216;
4831;Apples;5;4.51;74951;
4831;Chicken;3;7.69;74951;
4831;Bananas;3;3.75;74951;
4831;Pasta;4;5.79;74951;
4831;Cereal;1;3.45;74951;
4831;Yogurt;3;6.08;74951;
4831;Coffee;5;5.11;74951;
4831;Oranges;4;8.22;74951;
4832;Eggs;1;9.38;68645;
4832;Yogurt;4;5.65;68645;
4832;Sugar;1;7.02;68645;
4832;Butter;4;1.24;68645;
4832;Apples;1;6.45;68645;
4832;Bananas;5;5.96;68645;
4832;Potatoes;4;1.12;68645;
4833;Onions;1;3.18;41999;
4833;Potatoes;5;3.75;41999;
4833;Tomatoes;5;3.87;41999;
4833;Chicken;5;8.91;41999;
4834;Onions;1;8.98;30846;
4834;Potatoes;3;7.12;30846;
4834;Chicken;4;3.90;30846;
4834;Tea;4;7.36;30846;
4834;Sugar;5;1.46;30846;
4834;Oranges;2;1.46;30846;
4834;Coffee;3;5.24;30846;
4835;Pasta;4;3.71;71236;
4835;Coffee;3;2.55;71236;
4835;Onions;5;8.42;71236;
4835;Bananas;5;4.44;71236;
4835;Sugar;5;5.41;71236;
4835;Butter;3;7.64;71236;
4835;Apples;4;4.53;71236;
4835;Bread;1;6.10;71236;
4836;Yogurt;2;5.40;38181;
4836;Apples;2;4.13;38181;
4836;Bananas;2;8.78;38181;
4836;Onions;4;9.99;38181;
4836;Sugar;5;7.35;38181;
4837;Pasta;5;9.34;95489;
4837;Coffee;1;1.91;95489;
4837;Chicken;4;7.23;95489;
4837;Sugar;2;7.32;95489;
4837;Tea;4;9.35;95489;
4838;Coffee;5;4.40;26296;
4838;Apples;3;8.11;26296;
4838;Oranges;1;8.02;26296;
4838;Bananas;2;5.93;26296;
4839;Tomatoes;4;1.94;20170;
4839;Coffee;5;3.71;20170;
4839;Onions;3;1.53;20170;
4839;Cheese;4;2.91;20170;
4839;Pasta;5;2.34;20170;
4839;Butter;2;7.98;20170;
4840;Oranges;2;8.16;96046;
4840;Tea;1;8.27;96046;
4840;Onions;1;6.38;96046;
4840;Tomatoes;1;6.26;96046;
4840;Potatoes;1;2.26;96046;
4840;Eggs;5;4.74;96046;
4840;Chicken;3;9.89;96046;
4841;Eggs;1;1.82;74753;
4841;Bread;5;1.71;74753;
4841;Sugar;3;4.50;74753;
4841;Cheese;3;8.08;74753;
4841;Coffee;2;5.89;74753;
4841;Butter;2;3.23;74753;
4841;Apples;2;2.27;74753;
4841;Yogurt;4;3.03;74753;
4842;Cheese;4;9.51;74022;
4842;Pasta;3;9.39;74022;
4842;Milk;5;2.75;74022;
4842;Tomatoes;5;2.75;74022;
4842;Coffee;1;9.79;74022;
4842;Bananas;1;4.84;74022;
4843;Apples;1;1.81;73328;
4843;Tea;3;1.16;73328;
4843;Coffee;2;5.27;73328;
4843;Cereal;4;0.99;73328;
4843;Bread;4;1.90;73328;
4843;Milk;3;9.78;73328;
4843;Bananas;2;8.04;73328;
4843;Sugar;4;5.40;73328;
4844;Tomatoes;5;3.70;50687;
4844;Milk;4;5.33;50687;
4844;Potatoes;2;6.61;50687;
4844;Chicken;5;7.10;50687;
4844;Onions;2;7.27;50687;
4845;Oranges;4;8.83;12665;
4845;Apples;4;3.10;12665;
4845;Bananas;5;5.43;12665;
4846;Yogurt;5;1.97;68095;
4846;Bananas;2;6.17;68095;
4846;Chicken;4;3.35;68095;
4846;Juice;2;6.59;68095;
4846;Apples;2;4.67;68095;
4847;Coffee;4;7.49;21841;
4847;Tea;1;1.66;21841;
4847;Sugar;1;7.83;21841;
4848;Tea;4;3.44;60237;
4848;Sugar;2;8.09;60237;
4848;Bananas;5;5.72;60237;
4848;Coffee;3;1.69;60237;
4849;Onions;1;6.13;64491;
4849;Bananas;5;9.63;64491;
4849;Milk;4;5.83;64491;
4849;Cereal;4;2.17;64491;
4849;Tomatoes;1;6.00;64491;
4850;Onions;1;2.27;88310;
4850;Potatoes;1;9.72;88310;
4850;Juice;5;5.32;88310;
4850;Tomatoes;5;4.06;88310;
4850;Chicken;5;5.05;88310;
4851;Pasta;2;7.40;83010;
4851;Onions;4;4.55;83010;
4851;Tomatoes;4;2.60;83010;
4851;Chicken;5;5.65;83010;
4851;Cereal;3;8.59;83010;
4851;Potatoes;1;3.33;83010;
4852;Tea;3;6.44;50243;
4852;Yogurt;1;1.54;50243;
4852;Sugar;1;4.10;50243;
4852;Coffee;3;1.88;50243;
4853;Apples;1;2.92;75507;
4853;Onions;4;5.76;75507;
4853;Bananas;1;2.90;75507;
4853;Oranges;3;9.67;75507;
4854;Cereal;4;2.50;14396;
4854;Milk;1;3.01;14396;
4854;Bananas;1;4.32;14396;
4854;Potatoes;3;5.82;14396;
4854;Bread;2;5.57;14396;
4854;Sugar;3;1.99;14396;
4855;Yogurt;1;3.17;68105;
4855;Pasta;5;5.49;68105;
4855;Tomatoes;3;9.96;68105;
4855;Cheese;2;1.06;68105;
4856;Butter;3;7.96;80672;
4856;Eggs;5;8.49;80672;
4856;Bread;5;1.98;80672;
4856;Yogurt;5;7.38;80672;
4856;Cheese;3;9.65;80672;
4856;Coffee;4;8.01;80672;
4856;Sugar;5;6.51;80672;
4857;Tea;4;7.27;75110;
4857;Yogurt;3;5.73;75110;
4857;Bread;1;3.74;75110;
4857;Sugar;5;6.73;75110;
4857;Coffee;4;2.73;75110;
4857;Apples;1;7.67;75110;
4857;Potatoes;4;4.83;75110;
4858;Chicken;4;1.96;49862;
4858;Potatoes;3;3.22;49862;
4858;Onions;1;7.85;49862;
4858;Tomatoes;5;3.74;49862;
4859;Pasta;5;6.15;85005;
4859;Apples;1;3.47;85005;
4859;Oranges;5;9.92;85005;
4859;Sugar;5;2.24;85005;
4859;Tomatoes;1;5.12;85005;
4859;Yogurt;2;8.46;85005;
4859;Cheese;2;9.24;85005;
4859;Eggs;4;1.82;85005;
4860;Coffee;5;4.62;12386;
4860;Sugar;4;2.48;12386;
4860;Bread;4;5.64;12386;
4860;Butter;5;0.99;12386;
4861;Eggs;5;9.56;38349;
4861;Bananas;3;7.79;38349;
4861;Milk;4;4.72;38349;
4861;Apples;1;5.23;38349;
4861;Cheese;4;4.41;38349;
4861;Oranges;1;8.31;38349;
4862;Potatoes;4;1.53;20213;
4862;Apples;2;4.31;20213;
4862;Onions;2;6.80;20213;
4862;Yogurt;2;7.55;20213;
4862;Tomatoes;1;2.16;20213;
4862;Chicken;5;1.62;20213;
4862;Tea;2;6.45;20213;
4862;Bread;3;1.67;20213;
4863;Coffee;1;8.92;62260;
4863;Bread;2;8.20;62260;
4863;Onions;5;3.68;62260;
4863;Butter;1;3.10;62260;
4863;Sugar;2;3.56;62260;
4864;Yogurt;2;9.35;21815;
4864;Sugar;2;6.57;21815;
4864;Tomatoes;2;7.96;21815;
4864;Apples;5;8.26;21815;
4864;Coffee;3;4.72;21815;
4864;Bananas;3;4.48;21815;
4865;Milk;4;7.19;52147;
4865;Tomatoes;1;3.92;52147;
4865;Cheese;2;9.28;52147;
4865;Butter;2;8.32;52147;
4865;Chicken;3;6.70;52147;
4865;Oranges;1;1.63;52147;
4865;Pasta;3;3.02;52147;
4865;Onions;4;3.03;52147;
4866;Bananas;3;7.50;27339;
4866;Apples;3;6.66;27339;
4866;Yogurt;2;9.88;27339;
4867;Apples;5;4.03;59991;
4867;Onions;4;8.38;59991;
4867;Potatoes;3;2.33;59991;
4867;Coffee;5;4.18;59991;
4867;Tomatoes;1;4.79;59991;
4867;Chicken;1;2.38;59991;
4868;Butter;3;2.40;94435;
4868;Sugar;3;8.33;94435;
4868;Chicken;5;5.55;94435;
4868;Bread;5;2.12;94435;
4868;Bananas;5;8.66;94435;
4868;Juice;2;6.26;94435;
4868;Coffee;5;9.39;94435;
4868;Tomatoes;3;8.71;94435;
4869;Coffee;2;4.90;96593;
4869;Oranges;3;6.24;96593;
4869;Cereal;4;6.83;96593;
4869;Apples;4;9.08;96593;
4869;Eggs;3;5.32;96593;
4869;Bananas;2;7.57;96593;
4869;Tomatoes;5;4.24;96593;
4869;Potatoes;4;3.81;96593;
4870;Cheese;5;1.91;61395;
4870;Milk;1;8.17;61395;
4870;Apples;4;5.67;61395;
4870;Eggs;3;2.85;61395;
4870;Onions;2;4.96;61395;
4870;Yogurt;2;7.19;61395;
4870;Bread;1;2.41;61395;
4870;Bananas;3;1.62;61395;
4871;Chicken;1;3.32;45733;
4871;Potatoes;1;2.45;45733;
4871;Tomatoes;3;4.52;45733;
4872;Bread;2;8.63;66622;
4872;Butter;2;4.78;66622;
4872;Sugar;4;8.77;66622;
4872;Coffee;3;3.02;66622;
4873;Bananas;1;5.14;52505;
4873;Yogurt;5;1.25;52505;
4873;Sugar;1;4.76;52505;
4873;Cheese;3;3.10;52505;
4873;Butter;1;9.81;52505;
4873;Coffee;1;1.24;52505;
4873;Pasta;5;2.43;52505;
4873;Bread;4;2.38;52505;
4874;Sugar;2;8.23;58651;
4874;Potatoes;5;1.62;58651;
4874;Milk;3;2.32;58651;
4874;Cereal;3;1.72;58651;
4874;Pasta;1;5.82;58651;
4874;Bananas;5;1.62;58651;
4874;Apples;2;8.81;58651;
4874;Bread;2;2.26;58651;
4875;Sugar;4;5.30;42439;
4875;Coffee;3;7.82;42439;
4875;Milk;1;2.32;42439;
4875;Bread;1;5.94;42439;
4875;Apples;4;1.09;42439;
4875;Yogurt;2;6.02;42439;
4875;Butter;4;7.18;42439;
4875;Chicken;1;1.94;42439;
4876;Coffee;5;4.25;32653;
4876;Tea;1;2.37;32653;
4876;Sugar;5;6.36;32653;
4877;Cheese;5;1.96;30192;
4877;Chicken;1;9.37;30192;
4877;Onions;2;2.72;30192;
4877;Tomatoes;4;8.31;30192;
4877;Potatoes;1;1.70;30192;
4878;Chicken;4;3.37;85291;
4878;Oranges;2;4.09;85291;
4878;Milk;1;3.26;85291;
4878;Bananas;3;9.46;85291;
4878;Cereal;4;2.16;85291;
4878;Eggs;4;8.13;85291;
4879;Juice;3;7.07;89884;
4879;Yogurt;1;5.63;89884;
4879;Butter;4;9.24;89884;
4879;Bananas;3;1.52;89884;
4879;Milk;4;6.84;89884;
4879;Cereal;2;4.89;89884;
4880;Bananas;5;2.86;62954;
4880;Apples;4;3.80;62954;
4880;Oranges;5;3.16;62954;
4881;Potatoes;1;1.78;74547;
4881;Apples;1;6.14;74547;
4881;Tomatoes;1;5.97;74547;
4881;Oranges;2;5.92;74547;
4881;Onions;5;4.27;74547;
4881;Chicken;1;3.04;74547;
4882;Bread;3;2.47;95973;
4882;Pasta;1;1.80;95973;
4882;Cheese;2;3.72;95973;
4882;Tomatoes;1;1.20;95973;
4882;Sugar;2;2.03;95973;
4882;Apples;4;7.99;95973;
4882;Coffee;4;5.41;95973;
4882;Milk;5;6.46;95973;
4883;Cereal;1;4.65;74903;
4883;Milk;2;9.63;74903;
4883;Bananas;5;9.36;74903;
4884;Pasta;5;9.79;45914;
4884;Oranges;2;2.79;45914;
4884;Bananas;5;2.41;45914;
4884;Sugar;5;1.18;45914;
4884;Apples;4;6.26;45914;
4885;Pasta;3;2.69;71888;
4885;Bread;4;7.26;71888;
4885;Cereal;5;4.14;71888;
4885;Tomatoes;5;9.11;71888;
4885;Juice;5;2.53;71888;
4885;Cheese;5;5.23;71888;
4886;Onions;1;6.36;50977;
4886;Tea;1;6.91;50977;
4886;Cereal;1;1.45;50977;
4886;Chicken;1;1.75;50977;
4886;Tomatoes;5;7.76;50977;
4886;Apples;1;7.32;50977;
4886;Cheese;5;8.96;50977;
4886;Pasta;4;3.21;50977;
4887;Bananas;3;3.06;51489;
4887;Milk;3;1.10;51489;
4887;Cereal;4;5.21;51489;
4888;Eggs;4;7.30;31850;
4888;Tomatoes;3;3.40;31850;
4888;Cheese;1;6.03;31850;
4888;Tea;1;3.65;31850;
4888;Apples;2;6.39;31850;
4888;Pasta;5;7.87;31850;
4889;Cereal;5;9.01;97007;
4889;Coffee;3;7.44;97007;
4889;Tea;2;3.77;97007;
4889;Sugar;2;9.51;97007;
4890;Sugar;1;2.14;96313;
4890;Bread;3;5.60;96313;
4890;Butter;2;6.90;96313;
4891;Apples;4;8.19;47938;
4891;Coffee;4;2.52;47938;
4891;Oranges;2;6.51;47938;
4891;Bananas;3;2.93;47938;
4891;Onions;2;6.42;47938;
4892;Tomatoes;1;8.13;54267;
4892;Eggs;4;5.28;54267;
4892;Butter;2;1.33;54267;
4892;Tea;2;9.32;54267;
4892;Pasta;3;5.63;54267;
4892;Cheese;3;2.61;54267;
4892;Sugar;5;2.07;54267;
4893;Bananas;1;4.53;63407;
4893;Tea;3;9.68;63407;
4893;Apples;3;2.23;63407;
4893;Yogurt;4;3.96;63407;
4893;Onions;1;2.46;63407;
4893;Eggs;2;6.98;63407;
4893;Oranges;2;2.22;63407;
4894;Yogurt;5;6.29;54883;
4894;Apples;4;1.15;54883;
4894;Bananas;2;1.39;54883;
4895;Bananas;1;2.52;11013;
4895;Juice;5;6.77;11013;
4895;Cheese;1;7.85;11013;
4895;Oranges;2;6.81;11013;
4895;Chicken;1;9.99;11013;
4895;Sugar;3;1.91;11013;
4895;Milk;2;4.73;11013;
4895;Cereal;2;4.25;11013;
4896;Cheese;5;9.04;68133;
4896;Pasta;5;1.04;68133;
4896;Eggs;4;7.44;68133;
4896;Tomatoes;3;1.06;68133;
4897;Chicken;5;7.56;87920;
4897;Oranges;3;5.83;87920;
4897;Butter;2;9.46;87920;
4897;Bread;5;7.11;87920;
4897;Coffee;5;5.47;87920;
4897;Sugar;4;7.66;87920;
4898;Coffee;3;8.27;87177;
4898;Sugar;1;6.61;87177;
4898;Tea;5;1.39;87177;
4898;Yogurt;2;9.06;87177;
4898;Milk;4;7.70;87177;
4898;Tomatoes;4;3.84;87177;
4898;Cereal;2;2.80;87177;
4899;Apples;1;3.03;39505;
4899;Bananas;2;8.08;39505;
4899;Potatoes;4;2.44;39505;
4899;Oranges;5;6.35;39505;
4899;Butter;5;9.71;39505;
4899;Bread;2;4.58;39505;
4899;Yogurt;4;8.37;39505;
4900;Butter;1;3.28;23465;
4900;Coffee;5;2.89;23465;
4900;Bread;2;8.31;23465;
4900;Sugar;2;4.41;23465;
4901;Potatoes;4;7.90;83205;
4901;Onions;4;4.89;83205;
4901;Coffee;5;8.92;83205;
4901;Chicken;4;6.32;83205;
4901;Oranges;3;3.49;83205;
4901;Tomatoes;3;5.18;83205;
4902;Pasta;4;7.13;84325;
4902;Coffee;3;1.42;84325;
4902;Sugar;5;2.39;84325;
4902;Tea;3;7.54;84325;
4902;Cereal;1;1.43;84325;
4903;Apples;2;4.72;84493;
4903;Chicken;3;4.22;84493;
4903;Eggs;1;6.24;84493;
4903;Bananas;2;6.61;84493;
4903;Potatoes;3;8.63;84493;
4903;Oranges;4;4.58;84493;
4903;Juice;5;1.83;84493;
4904;Bananas;2;3.19;90724;
4904;Cereal;3;2.37;90724;
4904;Milk;4;3.07;90724;
4905;Oranges;5;6.08;58457;
4905;Bananas;2;2.99;58457;
4905;Apples;3;9.44;58457;
4906;Onions;5;7.23;57887;
4906;Chicken;3;5.98;57887;
4906;Bananas;1;8.10;57887;
4906;Sugar;5;7.19;57887;
4906;Tomatoes;3;1.97;57887;
4906;Yogurt;3;7.07;57887;
4906;Apples;5;1.09;57887;
4906;Bread;1;5.00;57887;
4907;Oranges;5;8.82;18918;
4907;Apples;2;4.43;18918;
4907;Cereal;5;1.91;18918;
4907;Eggs;2;7.64;18918;
4907;Bananas;4;6.96;18918;
4908;Milk;4;8.69;98144;
4908;Chicken;1;8.58;98144;
4908;Tomatoes;4;4.08;98144;
4908;Onions;1;3.44;98144;
4908;Pasta;3;5.66;98144;
4908;Oranges;4;4.84;98144;
4908;Tea;1;1.47;98144;
4908;Cheese;2;1.76;98144;
4909;Eggs;3;4.78;53908;
4909;Butter;1;5.54;53908;
4909;Bananas;5;7.66;53908;
4909;Milk;3;7.03;53908;
4909;Pasta;3;3.82;53908;
4909;Chicken;2;7.01;53908;
4909;Cereal;5;4.86;53908;
4910;Chicken;1;3.10;54854;
4910;Tea;4;1.16;54854;
4910;Milk;4;9.50;54854;
4910;Apples;4;1.23;54854;
4910;Juice;3;3.47;54854;
4910;Sugar;5;9.15;54854;
4910;Bananas;5;7.74;54854;
4910;Oranges;4;9.68;54854;
4911;Onions;2;3.97;21423;
4911;Tomatoes;2;7.58;21423;
4911;Milk;4;6.43;21423;
4911;Apples;5;5.18;21423;
4911;Yogurt;4;3.87;21423;
4911;Bananas;1;1.25;21423;
4912;Cheese;1;4.52;81233;
4912;Tomatoes;5;7.57;81233;
4912;Tea;4;5.70;81233;
4912;Pasta;3;9.76;81233;
4912;Bread;1;4.54;81233;
4913;Chicken;4;3.82;52285;
4913;Tea;1;9.16;52285;
4913;Coffee;3;4.98;52285;
4913;Sugar;1;1.05;52285;
4913;Yogurt;4;2.26;52285;
4914;Tomatoes;2;7.67;78612;
4914;Bread;5;2.73;78612;
4914;Pasta;1;7.26;78612;
4914;Sugar;4;8.42;78612;
4914;Yogurt;3;3.31;78612;
4914;Cheese;3;8.18;78612;
4914;Bananas;1;4.31;78612;
4915;Coffee;4;4.34;19462;
4915;Tea;1;4.62;19462;
4915;Bananas;4;8.77;19462;
4915;Sugar;4;7.52;19462;
4915;Cheese;2;3.70;19462;
4915;Potatoes;2;9.08;19462;
4916;Apples;2;6.38;30209;
4916;Oranges;4;3.95;30209;
4916;Bananas;5;7.68;30209;
4916;Milk;1;5.66;30209;
4917;Potatoes;1;6.55;83114;
4917;Tomatoes;1;9.12;83114;
4917;Pasta;5;3.55;83114;
4917;Cheese;5;9.53;83114;
4917;Eggs;5;5.36;83114;
4918;Apples;1;6.05;58402;
4918;Bananas;5;5.00;58402;
4918;Oranges;5;3.12;58402;
4919;Coffee;3;2.18;99095;
4919;Onions;3;8.35;99095;
4919;Oranges;3;3.63;99095;
4919;Sugar;2;3.26;99095;
4919;Bread;3;6.23;99095;
4919;Chicken;2;1.06;99095;
4919;Butter;4;3.01;99095;
4920;Sugar;1;8.55;36914;
4920;Tea;4;2.72;36914;
4920;Yogurt;4;2.01;36914;
4920;Cereal;2;1.38;36914;
4920;Eggs;2;2.17;36914;
4920;Pasta;5;2.66;36914;
4920;Coffee;3;4.66;36914;
4920;Oranges;3;2.29;36914;
4921;Chicken;4;7.32;10019;
4921;Tomatoes;4;7.04;10019;
4921;Sugar;3;4.00;10019;
4921;Potatoes;2;2.53;10019;
4921;Onions;2;9.33;10019;
4922;Tomatoes;4;4.33;18463;
4922;Cheese;2;4.18;18463;
4922;Pasta;5;9.07;18463;
4923;Cereal;3;5.33;56006;
4923;Juice;3;4.67;56006;
4923;Coffee;3;5.03;56006;
4923;Milk;4;4.71;56006;
4923;Bananas;1;1.01;56006;
4923;Butter;5;5.04;56006;
4923;Cheese;3;7.52;56006;
4924;Cheese;1;2.19;57954;
4924;Pasta;5;3.48;57954;
4924;Coffee;1;4.44;57954;
4924;Milk;4;3.39;57954;
4924;Tomatoes;3;1.50;57954;
4924;Sugar;4;1.23;57954;
4925;Oranges;5;9.51;47255;
4925;Coffee;4;8.10;47255;
4925;Cereal;2;2.42;47255;
4925;Bananas;5;3.63;47255;
4925;Onions;3;8.39;47255;
4925;Tomatoes;2;1.79;47255;
4925;Apples;3;9.47;47255;
4926;Tea;3;7.93;59431;
4926;Coffee;5;9.51;59431;
4926;Oranges;5;8.89;59431;
4926;Bananas;4;6.35;59431;
4926;Sugar;4;8.02;59431;
4926;Potatoes;3;8.18;59431;
4926;Juice;1;3.29;59431;
4927;Potatoes;3;3.11;18993;
4927;Tomatoes;5;7.51;18993;
4927;Chicken;1;1.48;18993;
4928;Cheese;2;9.61;90636;
4928;Oranges;1;2.98;90636;
4928;Eggs;5;8.24;90636;
4928;Apples;1;5.01;90636;
4928;Bananas;1;4.64;90636;
4929;Apples;3;4.50;37387;
4929;Bananas;3;8.63;37387;
4929;Oranges;2;4.03;37387;
4930;Eggs;2;5.57;19116;
4930;Yogurt;1;8.00;19116;
4930;Tomatoes;1;5.17;19116;
4930;Cheese;5;5.14;19116;
4930;Pasta;2;2.38;19116;
4930;Potatoes;5;4.23;19116;
4931;Onions;3;2.89;61330;
4931;Tea;5;8.24;61330;
4931;Sugar;5;1.11;61330;
4931;Coffee;5;1.45;61330;
4931;Apples;3;2.49;61330;
4932;Butter;1;4.75;81392;
4932;Bread;2;9.33;81392;
4932;Coffee;1;7.38;81392;
4933;Bananas;5;3.61;27740;
4933;Oranges;1;3.44;27740;
4933;Chicken;1;7.13;27740;
4933;Yogurt;2;9.37;27740;
4933;Apples;5;8.65;27740;
4933;Onions;2;7.29;27740;
4934;Apples;4;4.08;68672;
4934;Yogurt;4;9.41;68672;
4934;Butter;3;7.90;68672;
4934;Bananas;5;3.50;68672;
4935;Cheese;3;8.39;96743;
4935;Tomatoes;2;4.09;96743;
4935;Juice;3;1.58;96743;
4935;Pasta;1;7.16;96743;
4935;Oranges;4;7.02;96743;
4935;Onions;5;2.17;96743;
4935;Eggs;3;7.14;96743;
4936;Bread;2;3.74;86419;
4936;Butter;5;1.02;86419;
4936;Sugar;1;9.43;86419;
4936;Tea;1;9.32;86419;
4936;Coffee;3;8.61;86419;
4936;Pasta;4;5.22;86419;
4936;Potatoes;1;7.50;86419;
4937;Onions;1;1.27;48684;
4937;Tomatoes;4;8.29;48684;
4937;Chicken;1;9.16;48684;
4937;Bananas;3;7.44;48684;
4937;Potatoes;3;2.63;48684;
4938;Cereal;1;7.09;96752;
4938;Butter;5;5.39;96752;
4938;Bananas;1;6.74;96752;
4938;Milk;5;5.53;96752;
4939;Cheese;1;6.59;75543;
4939;Pasta;3;4.33;75543;
4939;Tomatoes;4;4.48;75543;
4939;Apples;5;8.42;75543;
4940;Coffee;5;7.80;28890;
4940;Sugar;5;3.17;28890;
4940;Yogurt;2;4.89;28890;
4940;Bread;3;6.60;28890;
4940;Butter;4;8.62;28890;
4941;Juice;5;2.76;91961;
4941;Coffee;3;2.10;91961;
4941;Bananas;2;4.42;91961;
4941;Oranges;1;6.56;91961;
4941;Apples;1;6.70;91961;
4942;Juice;2;3.37;92597;
4942;Butter;2;1.14;92597;
4942;Coffee;2;8.39;92597;
4942;Sugar;3;4.63;92597;
4942;Bread;4;1.13;92597;
4943;Sugar;5;8.16;59773;
4943;Oranges;2;8.54;59773;
4943;Tea;4;5.42;59773;
4943;Bananas;5;1.05;59773;
4943;Bread;4;6.20;59773;
4943;Coffee;3;4.01;59773;
4943;Pasta;5;5.09;59773;
4944;Cereal;3;2.24;94127;
4944;Tea;4;2.08;94127;
4944;Oranges;5;1.19;94127;
4944;Apples;5;6.03;94127;
4944;Yogurt;2;5.98;94127;
4944;Sugar;4;2.85;94127;
4944;Coffee;1;6.09;94127;
4945;Oranges;5;1.25;21461;
4945;Apples;1;9.13;21461;
4945;Juice;3;2.73;21461;
4945;Eggs;3;6.71;21461;
4945;Bananas;2;6.32;21461;
4945;Milk;4;3.66;21461;
4946;Chicken;3;2.59;42369;
4946;Bananas;5;9.92;42369;
4946;Milk;2;9.59;42369;
4946;Eggs;1;7.31;42369;
4946;Tea;1;5.27;42369;
4946;Tomatoes;1;9.41;42369;
4946;Onions;5;8.47;42369;
4946;Cereal;4;8.01;42369;
4947;Milk;3;1.85;95343;
4947;Cereal;4;8.66;95343;
4947;Potatoes;1;4.83;95343;
4947;Bananas;5;1.49;95343;
4948;Sugar;1;3.26;67353;
4948;Bananas;3;1.92;67353;
4948;Butter;5;2.43;67353;
4948;Bread;1;3.66;67353;
4948;Coffee;4;9.03;67353;
4948;Pasta;1;5.31;67353;
4949;Tomatoes;3;1.66;32681;
4949;Cheese;2;3.38;32681;
4949;Eggs;5;5.36;32681;
4949;Pasta;4;6.79;32681;
4950;Chicken;3;7.82;97986;
4950;Bread;3;6.09;97986;
4950;Sugar;3;1.22;97986;
4950;Coffee;1;4.37;97986;
4950;Cheese;5;8.97;97986;
4950;Tomatoes;2;8.56;97986;
4950;Butter;5;4.86;97986;
4951;Sugar;4;1.57;88861;
4951;Potatoes;1;5.41;88861;
4951;Bread;5;6.45;88861;
4951;Butter;4;9.60;88861;
4951;Cereal;1;6.85;88861;
4951;Coffee;5;9.83;88861;
4952;Coffee;2;5.88;23677;
4952;Tea;2;1.37;23677;
4952;Sugar;4;2.17;23677;
4953;Oranges;1;7.69;70010;
4953;Apples;1;7.56;70010;
4953;Bananas;2;4.15;70010;
4953;Onions;5;6.03;70010;
4954;Sugar;2;5.66;28549;
4954;Bread;5;8.33;28549;
4954;Coffee;5;6.69;28549;
4954;Butter;1;9.58;28549;
4955;Coffee;2;4.17;58902;
4955;Butter;3;3.26;58902;
4955;Bread;5;9.74;58902;
4955;Sugar;4;9.70;58902;
4956;Tomatoes;2;9.73;45904;
4956;Onions;1;8.34;45904;
4956;Potatoes;3;3.81;45904;
4956;Chicken;5;1.83;45904;
4957;Bread;4;2.33;84953;
4957;Potatoes;2;4.47;84953;
4957;Tomatoes;4;5.95;84953;
4957;Pasta;5;4.31;84953;
4957;Cheese;1;4.84;84953;
4957;Chicken;4;2.92;84953;
4958;Pasta;1;1.65;38598;
4958;Butter;1;6.97;38598;
4958;Cheese;2;5.54;38598;
4958;Tomatoes;1;6.53;38598;
4958;Yogurt;4;3.70;38598;
4959;Apples;5;3.87;65489;
4959;Oranges;3;4.30;65489;
4959;Cheese;5;6.30;65489;
4959;Bananas;5;6.38;65489;
4960;Bananas;1;6.82;91973;
4960;Onions;4;7.16;91973;
4960;Potatoes;4;2.36;91973;
4960;Oranges;3;6.09;91973;
4960;Chicken;3;9.33;91973;
4960;Tomatoes;2;6.08;91973;
4960;Apples;3;9.74;91973;
4961;Butter;2;3.25;37720;
4961;Bread;4;3.13;37720;
4961;Sugar;2;2.81;37720;
4961;Coffee;5;4.30;37720;
4961;Apples;2;9.01;37720;
4962;Tomatoes;2;7.69;68350;
4962;Coffee;3;7.75;68350;
4962;Onions;2;7.25;68350;
4962;Chicken;4;3.88;68350;
4962;Cheese;3;1.11;68350;
4962;Bananas;5;5.18;68350;
4962;Tea;2;3.57;68350;
4962;Potatoes;5;6.32;68350;
4963;Pasta;2;4.80;95502;
4963;Bread;5;9.62;95502;
4963;Bananas;1;4.06;95502;
4963;Onions;2;9.46;95502;
4963;Coffee;2;6.33;95502;
4963;Sugar;2;8.87;95502;
4963;Tomatoes;2;8.61;95502;
4963;Cheese;2;5.46;95502;
4964;Yogurt;3;7.91;21454;
4964;Tomatoes;5;5.42;21454;
4964;Bananas;5;6.20;21454;
4964;Apples;3;4.89;21454;
4965;Sugar;5;9.63;74192;
4965;Cereal;4;1.64;74192;
4965;Coffee;4;8.15;74192;
4965;Butter;3;4.54;74192;
4965;Tea;5;9.17;74192;
4965;Potatoes;1;5.12;74192;
4966;Tea;4;2.74;48669;
4966;Bananas;3;8.15;48669;
4966;Sugar;3;4.17;48669;
4966;Butter;1;3.39;48669;
4966;Coffee;2;5.87;48669;
4967;Apples;4;8.85;29859;
4967;Yogurt;2;7.61;29859;
4967;Oranges;3;2.52;29859;
4967;Bananas;4;2.72;29859;
4967;Milk;1;2.30;29859;
4967;Sugar;2;6.67;29859;
4968;Bread;1;3.69;67111;
4968;Juice;3;3.69;67111;
4968;Apples;2;1.03;67111;
4968;Coffee;1;7.82;67111;
4968;Sugar;1;6.00;67111;
4968;Bananas;2;6.50;67111;
4968;Butter;2;3.60;67111;
4969;Potatoes;1;4.50;78753;
4969;Oranges;1;5.12;78753;
4969;Sugar;1;1.66;78753;
4969;Tea;4;5.42;78753;
4969;Bananas;3;2.79;78753;
4969;Butter;3;4.23;78753;
4969;Apples;1;6.84;78753;
4970;Onions;3;6.87;44479;
4970;Chicken;1;2.30;44479;
4970;Potatoes;2;3.69;44479;
4970;Tomatoes;1;1.01;44479;
4971;Tomatoes;1;6.55;16271;
4971;Bread;1;3.84;16271;
4971;Cereal;5;5.20;16271;
4971;Sugar;4;1.72;16271;
4971;Butter;1;6.24;16271;
4971;Yogurt;2;7.09;16271;
4971;Juice;5;8.68;16271;
4971;Coffee;4;6.80;16271;
4972;Milk;4;8.08;50986;
4972;Potatoes;4;4.79;50986;
4972;Bananas;5;6.52;50986;
4972;Butter;3;9.76;50986;
4972;Cereal;4;7.23;50986;
4972;Coffee;2;2.24;50986;
4973;Tomatoes;1;4.50;78095;
4973;Coffee;1;4.62;78095;
4973;Potatoes;5;3.03;78095;
4973;Tea;2;4.19;78095;
4973;Chicken;4;7.11;78095;
4973;Onions;5;4.44;78095;
4974;Coffee;4;9.10;49349;
4974;Tea;5;1.39;49349;
4974;Cheese;1;3.94;49349;
4974;Bread;3;9.84;49349;
4974;Cereal;1;5.90;49349;
4974;Juice;2;6.37;49349;
4974;Sugar;3;5.51;49349;
4975;Coffee;3;3.40;24649;
4975;Bread;3;5.00;24649;
4975;Milk;1;8.58;24649;
4975;Apples;4;8.12;24649;
4975;Sugar;4;4.56;24649;
4975;Butter;1;7.12;24649;
4975;Cereal;1;5.41;24649;
4976;Tea;5;1.26;23368;
4976;Sugar;3;1.24;23368;
4976;Oranges;1;7.16;23368;
4976;Coffee;2;5.00;23368;
4976;Juice;2;8.34;23368;
4976;Milk;4;4.89;23368;
4977;Coffee;2;1.95;27974;
4977;Eggs;2;7.35;27974;
4977;Sugar;4;8.37;27974;
4977;Tea;1;7.14;27974;
4978;Butter;5;5.27;20801;
4978;Onions;5;4.86;20801;
4978;Oranges;3;4.05;20801;
4978;Chicken;4;4.62;20801;
4978;Bananas;5;5.33;20801;
4978;Sugar;1;1.38;20801;
4978;Apples;4;3.69;20801;
4979;Bananas;4;1.95;42334;
4979;Cereal;2;8.88;42334;
4979;Milk;3;7.13;42334;
4980;Chicken;3;8.05;64958;
4980;Onions;1;3.86;64958;
4980;Tomatoes;4;4.97;64958;
4981;Sugar;5;1.02;44677;
4981;Oranges;1;1.04;44677;
4981;Bananas;5;9.60;44677;
4981;Coffee;4;9.35;44677;
4981;Juice;3;5.28;44677;
4981;Tea;1;7.21;44677;
4981;Cheese;4;5.94;44677;
4981;Eggs;1;3.24;44677;
4982;Apples;1;4.72;39947;
4982;Chicken;4;4.31;39947;
4982;Potatoes;1;6.98;39947;
4982;Oranges;4;7.55;39947;
4982;Cereal;3;2.30;39947;
4982;Bananas;4;5.02;39947;
4982;Bread;1;2.16;39947;
4983;Chicken;5;5.93;20482;
4983;Sugar;4;6.24;20482;
4983;Potatoes;1;7.09;20482;
4983;Tomatoes;2;4.87;20482;
4983;Onions;3;3.22;20482;
4983;Pasta;3;4.27;20482;
4984;Coffee;3;3.72;69659;
4984;Sugar;4;1.99;69659;
4984;Onions;5;5.01;69659;
4984;Tea;1;6.63;69659;
4985;Sugar;3;9.05;88716;
4985;Coffee;3;3.27;88716;
4985;Bread;1;9.35;88716;
4986;Oranges;5;1.99;47854;
4986;Chicken;1;6.19;47854;
4986;Cheese;5;8.27;47854;
4986;Apples;4;7.83;47854;
4986;Bananas;2;3.49;47854;
4986;Butter;1;8.45;47854;
4987;Potatoes;1;8.68;66465;
4987;Bananas;3;8.61;66465;
4987;Butter;2;8.58;66465;
4987;Coffee;5;4.75;66465;
4987;Sugar;2;6.58;66465;
4987;Bread;2;6.89;66465;
4987;Pasta;3;4.53;66465;
4987;Cheese;2;2.37;66465;
4988;Cereal;1;8.29;65978;
4988;Milk;1;6.86;65978;
4988;Bananas;5;2.52;65978;
4989;Coffee;4;4.47;36217;
4989;Sugar;3;5.26;36217;
4989;Tea;5;8.78;36217;
4989;Yogurt;5;4.82;36217;
4989;Bread;3;3.98;36217;
4989;Bananas;1;4.19;36217;
4989;Butter;5;6.33;36217;
4990;Chicken;4;9.38;53511;
4990;Pasta;4;5.61;53511;
4990;Tomatoes;2;6.99;53511;
4990;Cheese;2;5.66;53511;
4991;Coffee;5;9.24;50758;
4991;Oranges;2;2.86;50758;
4991;Butter;5;9.21;50758;
4991;Sugar;2;9.83;50758;
4991;Bread;1;5.01;50758;
4991;Pasta;3;7.38;50758;
4992;Coffee;3;4.56;87910;
4992;Sugar;1;5.20;87910;
4992;Yogurt;5;4.23;87910;
4992;Tea;2;4.50;87910;
4992;Butter;2;3.38;87910;
4992;Bread;1;6.05;87910;
4992;Oranges;5;6.13;87910;
4993;Cereal;3;1.66;76462;
4993;Bananas;1;9.48;76462;
4993;Eggs;4;9.15;76462;
4993;Apples;5;6.26;76462;
4993;Juice;5;5.98;76462;
4993;Oranges;3;8.40;76462;
4994;Tea;2;4.58;18217;
4994;Cereal;4;8.25;18217;
4994;Bananas;4;5.60;18217;
4994;Apples;2;7.95;18217;
4994;Butter;3;3.88;18217;
4994;Milk;4;7.85;18217;
4994;Oranges;5;6.39;18217;
4994;Tomatoes;4;0.99;18217;
4995;Bananas;4;3.32;93324;
4995;Apples;1;8.95;93324;
4995;Yogurt;2;2.48;93324;
4996;Milk;3;5.18;93576;
4996;Bananas;3;5.64;93576;
4996;Cereal;2;2.34;93576;
4997;Bananas;1;2.48;96335;
4997;Yogurt;3;7.33;96335;
4997;Apples;2;8.64;96335;
4997;Tomatoes;2;6.96;96335;
4997;Butter;1;3.08;96335;
4998;Apples;4;6.85;37491;
4998;Chicken;1;4.01;37491;
4998;Cheese;2;3.57;37491;
4998;Bananas;2;6.87;37491;
4998;Tomatoes;1;9.28;37491;
4998;Juice;1;5.18;37491;
4998;Cereal;3;5.76;37491;
4998;Pasta;5;5.37;37491;
4999;Milk;1;5.98;39862;
4999;Cereal;3;2.31;39862;
4999;Eggs;1;1.69;39862;
4999;Bananas;5;4.89;39862;
5000;Coffee;5;3.49;82041;
5000;Butter;3;6.92;82041;
5000;Sugar;2;5.75;82041;
5000;Bread;2;7.14;82041;
